ID (num probes:45037)	adj.P.Val	P.Value	t	B	logFC	Gene.symbol	Gene.title	Gene.ID	Chromosome.location	GO.Function	GO.Process	GO.Component	GO.Function.ID	GO.Process.ID	GO.Component.ID
1448468_a_at	4.04805007744995e-05	9.88710412592967e-09	-17.9793462386378	10.1604859904467	-4.43023995991927	Kcnab1	potassium voltage-gated channel, shaker-related subfamily, beta member 1	16497	3 30.15 cM	protein binding///voltage-gated ion channel activity///voltage-gated potassium channel activity	ion transport///learning or memory///potassium ion transport///regulation of ion transmembrane transport///regulation of potassium ion transmembrane transporter activity///transmembrane transport///transport	cytoplasm///integral component of membrane///voltage-gated potassium channel complex	GO:0005515///GO:0005244///GO:0005249	GO:0006811///GO:0007611///GO:0006813///GO:0034765///GO:1901016///GO:0055085///GO:0006810	GO:0005737///GO:0016021///GO:0008076
1416904_at	0.000229287433285089	2.63586755089212e-07	-12.6148258383312	7.42785792390451	-0.728466826836772	Mbnl1	muscleblind-like 1 (Drosophila)	56758	3	RNA binding///double-stranded RNA binding///metal ion binding///poly(A) RNA binding	RNA splicing///alternative mRNA splicing, via spliceosome///alternative mRNA splicing, via spliceosome///mRNA processing///mRNA splice site selection///myoblast differentiation///regulation of RNA splicing///regulation of alternative mRNA splicing, via spliceosome///skeletal muscle tissue development	cytoplasm///cytoplasm///cytoplasmic stress granule///nucleus///nucleus	GO:0003723///GO:0003725///GO:0046872///GO:0044822	GO:0008380///GO:0000380///GO:0000380///GO:0006397///GO:0006376///GO:0045445///GO:0043484///GO:0000381///GO:0007519	GO:0005737///GO:0005737///GO:0010494///GO:0005634///GO:0005634
1454043_a_at	0.000591991052870751	1.19615395810641e-06	-10.671389252619	6.03848566595482	-4.26636740213044	Kcnab1	potassium voltage-gated channel, shaker-related subfamily, beta member 1	16497	3 30.15 cM	protein binding///voltage-gated ion channel activity///voltage-gated potassium channel activity	ion transport///learning or memory///potassium ion transport///regulation of ion transmembrane transport///regulation of potassium ion transmembrane transporter activity///transmembrane transport///transport	cytoplasm///integral component of membrane///voltage-gated potassium channel complex	GO:0005515///GO:0005244///GO:0005249	GO:0006811///GO:0007611///GO:0006813///GO:0034765///GO:1901016///GO:0055085///GO:0006810	GO:0005737///GO:0016021///GO:0008076
1452167_at	0.00109101449240357	3.99709996772852e-06	-9.31145477266302	4.88663476460578	-0.348505480694124	Selt	selenoprotein T	69227	3	selenium binding	cell redox homeostasis///glucose homeostasis///insulin secretion involved in cellular response to glucose stimulus///pancreas development///response to glucose	cell///endoplasmic reticulum	GO:0008430	GO:0045454///GO:0042593///GO:0035773///GO:0031016///GO:0009749	GO:0005623///GO:0005783
1445106_at	0.00152278055916913	7.30334171415794e-06	8.68763441133448	4.29934640074172	1.56879869949808	Gm19816	predicted gene, 19816	100503654	3 29.17 cM						
1453012_at	0.00163504965206923	8.56788236091076e-06	-8.52810850787383	4.14260850646676	-1.21869165017254	Tsc22d2	TSC22 domain family, member 2	72033	3	molecular_function	response to osmotic stress	cellular_component	GO:0003674	GO:0006970	GO:0005575
1451074_at	0.00382477512235704	3.03008985279749e-05	7.34431429060342	2.88828996153751	0.672031388306882	Rnf13	ring finger protein 13	24017	3	UDP-N-acetylmuramoylalanyl-D-glutamyl-2,6-diaminopimelate-D-alanyl-D-alanine ligase activity///coenzyme F420-0 gamma-glutamyl ligase activity///coenzyme F420-2 alpha-glutamyl ligase activity///ligase activity///metal ion binding///protein-glutamic acid ligase activity///protein-glycine ligase activity///protein-glycine ligase activity, elongating///protein-glycine ligase activity, initiating///ribosomal S6-glutamic acid ligase activity///tubulin-glutamic acid ligase activity///tubulin-glycine ligase activity///ubiquitin-protein transferase activity///zinc ion binding	protein autoubiquitination	cytoplasm///endosome///integral component of membrane///late endosome membrane///lysosomal membrane///lysosomal membrane///lysosome///membrane///nucleus	GO:0008766///GO:0043773///GO:0043774///GO:0016874///GO:0046872///GO:0070739///GO:0070735///GO:0070737///GO:0070736///GO:0018169///GO:0070740///GO:0070738///GO:0004842///GO:0008270	GO:0051865	GO:0005737///GO:0005768///GO:0016021///GO:0031902///GO:0005765///GO:0005765///GO:0005764///GO:0016020///GO:0005634
1453726_s_at	0.0170124343850378	0.000367544433613291	-5.35035031393085	0.358181312190696	-0.508388595920831	Selt	selenoprotein T	69227	3	selenium binding	cell redox homeostasis///glucose homeostasis///insulin secretion involved in cellular response to glucose stimulus///pancreas development///response to glucose	cell///endoplasmic reticulum	GO:0008430	GO:0045454///GO:0042593///GO:0035773///GO:0031016///GO:0009749	GO:0005623///GO:0005783
1457924_at	0.0379011140386001	0.00124034803745226	-4.50839658001473	-0.88522990535168	-1.00174296141409	Mbnl1	muscleblind-like 1 (Drosophila)	56758	3	RNA binding///double-stranded RNA binding///metal ion binding///poly(A) RNA binding	RNA splicing///alternative mRNA splicing, via spliceosome///alternative mRNA splicing, via spliceosome///mRNA processing///mRNA splice site selection///myoblast differentiation///regulation of RNA splicing///regulation of alternative mRNA splicing, via spliceosome///skeletal muscle tissue development	cytoplasm///cytoplasm///cytoplasmic stress granule///nucleus///nucleus	GO:0003723///GO:0003725///GO:0046872///GO:0044822	GO:0008380///GO:0000380///GO:0000380///GO:0006397///GO:0006376///GO:0045445///GO:0043484///GO:0000381///GO:0007519	GO:0005737///GO:0005737///GO:0010494///GO:0005634///GO:0005634
1430535_at	0.0587349962320902	0.00245832244371273	-4.0631455445946	-1.5833594336263	-0.609334360225994	Tsc22d2	TSC22 domain family, member 2	72033	3	molecular_function	response to osmotic stress	cellular_component	GO:0003674	GO:0006970	GO:0005575
1447053_x_at	0.0601956887839655	0.00254993568733548	-4.03981936115025	-1.6206299213072	-0.195614770713222	Ssr3	signal sequence receptor, gamma	67437	3		cotranslational protein targeting to membrane	Sec61 translocon complex///endoplasmic reticulum///integral component of endoplasmic reticulum membrane///integral component of membrane///membrane		GO:0006613	GO:0005784///GO:0005783///GO:0030176///GO:0016021///GO:0016020
1424271_at	0.0890904378238557	0.00481098750807965	3.64195562599987	-2.26555521698153	0.73606276549643	Dclk1	doublecortin-like kinase 1	13175	3 D	ATP binding///kinase activity///nucleotide binding///protein kinase activity///protein serine/threonine kinase activity///transferase activity///transferase activity, transferring phosphorus-containing groups	axon extension///axonogenesis///brain development///cell differentiation///central nervous system projection neuron axonogenesis///dendrite morphogenesis///forebrain development///intracellular signal transduction///multicellular organismal development///nervous system development///neuron migration///phosphorylation///protein phosphorylation		GO:0005524///GO:0016301///GO:0000166///GO:0004672///GO:0004674///GO:0016740///GO:0016772	GO:0048675///GO:0007409///GO:0007420///GO:0030154///GO:0021952///GO:0048813///GO:0030900///GO:0035556///GO:0007275///GO:0007399///GO:0001764///GO:0016310///GO:0006468	
1424733_at	0.0912940589336299	0.00502427775270916	3.61520202816403	-2.30947943746133	0.608091634719258	P2ry14	purinergic receptor P2Y, G-protein coupled, 14	140795	3 28.96 cM	G-protein coupled purinergic nucleotide receptor activity///G-protein coupled receptor activity///signal transducer activity	G-protein coupled receptor signaling pathway///immune response///signal transduction	integral component of membrane///membrane///plasma membrane	GO:0045028///GO:0004930///GO:0004871	GO:0007186///GO:0006955///GO:0007165	GO:0016021///GO:0016020///GO:0005886
1436659_at	0.104640589337851	0.00623943371295442	3.48234080164262	-2.52846549524352	1.18633438370505	Dclk1	doublecortin-like kinase 1	13175	3 D	ATP binding///kinase activity///nucleotide binding///protein kinase activity///protein serine/threonine kinase activity///transferase activity///transferase activity, transferring phosphorus-containing groups	axon extension///axonogenesis///brain development///cell differentiation///central nervous system projection neuron axonogenesis///dendrite morphogenesis///forebrain development///intracellular signal transduction///multicellular organismal development///nervous system development///neuron migration///phosphorylation///protein phosphorylation		GO:0005524///GO:0016301///GO:0000166///GO:0004672///GO:0004674///GO:0016740///GO:0016772	GO:0048675///GO:0007409///GO:0007420///GO:0030154///GO:0021952///GO:0048813///GO:0030900///GO:0035556///GO:0007275///GO:0007399///GO:0001764///GO:0016310///GO:0006468	
1455057_at	0.115401309914677	0.00736424194983639	-3.38143899362556	-2.6956077047719	-0.434913853413452	Gmps	guanine monophosphate synthetase	229363	3	ATP binding///GMP synthase (glutamine-hydrolyzing) activity///GMP synthase activity///ligase activity///nucleotide binding///pyrophosphatase activity	GMP biosynthetic process///glutamine metabolic process///purine nucleotide biosynthetic process	cytoplasm///cytosol	GO:0005524///GO:0003922///GO:0003921///GO:0016874///GO:0000166///GO:0016462	GO:0006177///GO:0006541///GO:0006164	GO:0005737///GO:0005829
1420620_a_at	0.194948256189856	0.0174530134990674	2.8642586186364	-3.55793750581837	0.286462563430804	Rnf13	ring finger protein 13	24017	3	UDP-N-acetylmuramoylalanyl-D-glutamyl-2,6-diaminopimelate-D-alanyl-D-alanine ligase activity///coenzyme F420-0 gamma-glutamyl ligase activity///coenzyme F420-2 alpha-glutamyl ligase activity///ligase activity///metal ion binding///protein-glutamic acid ligase activity///protein-glycine ligase activity///protein-glycine ligase activity, elongating///protein-glycine ligase activity, initiating///ribosomal S6-glutamic acid ligase activity///tubulin-glutamic acid ligase activity///tubulin-glycine ligase activity///ubiquitin-protein transferase activity///zinc ion binding	protein autoubiquitination	cytoplasm///endosome///integral component of membrane///late endosome membrane///lysosomal membrane///lysosomal membrane///lysosome///membrane///nucleus	GO:0008766///GO:0043773///GO:0043774///GO:0016874///GO:0046872///GO:0070739///GO:0070735///GO:0070737///GO:0070736///GO:0018169///GO:0070740///GO:0070738///GO:0004842///GO:0008270	GO:0051865	GO:0005737///GO:0005768///GO:0016021///GO:0031902///GO:0005765///GO:0005765///GO:0005764///GO:0016020///GO:0005634
1439531_at	0.1991801568889	0.0182033777950288	-2.83927143676665	-3.59958926142344	-1.13753629230753	E130311K13Rik	RIKEN cDNA E130311K13 gene	329659	3	molecular_function	negative regulation of ERK1 and ERK2 cascade///regulation of sequence-specific DNA binding transcription factor activity	extracellular space///integral component of membrane///membrane	GO:0003674	GO:0070373///GO:0051090	GO:0005615///GO:0016021///GO:0016020
1448170_at	0.201778266310171	0.0185617904683491	-2.82770206506212	-3.61886636357851	-0.35036571639123	Siah2	seven in absentia 2	20439	3 28.68 cM	UDP-N-acetylmuramoylalanyl-D-glutamyl-2,6-diaminopimelate-D-alanyl-D-alanine ligase activity///coenzyme F420-0 gamma-glutamyl ligase activity///coenzyme F420-2 alpha-glutamyl ligase activity///ligase activity///metal ion binding///protein binding///protein-glutamic acid ligase activity///protein-glycine ligase activity///protein-glycine ligase activity, elongating///protein-glycine ligase activity, initiating///ribosomal S6-glutamic acid ligase activity///tubulin-glutamic acid ligase activity///tubulin-glycine ligase activity///ubiquitin conjugating enzyme binding///ubiquitin-protein transferase activity///zinc ion binding	apoptotic process///cell cycle///cellular protein catabolic process///multicellular organismal development///negative regulation of apoptotic process///negative regulation of canonical Wnt signaling pathway///negative regulation of cysteine-type endopeptidase activity involved in apoptotic process///negative regulation of extrinsic apoptotic signaling pathway///protein ubiquitination///regulation of protein ubiquitination///ubiquitin-dependent protein catabolic process	cytoplasm///cytosol///early endosome///neuron projection///neuronal cell body///nucleus	GO:0008766///GO:0043773///GO:0043774///GO:0016874///GO:0046872///GO:0005515///GO:0070739///GO:0070735///GO:0070737///GO:0070736///GO:0018169///GO:0070740///GO:0070738///GO:0031624///GO:0004842///GO:0008270	GO:0006915///GO:0007049///GO:0044257///GO:0007275///GO:0043066///GO:0090090///GO:0043154///GO:2001237///GO:0016567///GO:0031396///GO:0006511	GO:0005737///GO:0005829///GO:0005769///GO:0043005///GO:0043025///GO:0005634
1460575_at	0.227009969084315	0.0223043078623819	2.71882760952072	-3.79994783873448	0.298095940370022	Eif2a	eukaryotic translation initiation factor 2A	229317	3 28.58 cM	ribosome binding///tRNA binding///translation initiation factor activity	SREBP signaling pathway///positive regulation of signal transduction///protein phosphorylation///regulation of translation///ribosome assembly///translation///translation///translational initiation	blood microparticle///cytoplasm///eukaryotic translation initiation factor 2 complex///extracellular space	GO:0043022///GO:0000049///GO:0003743	GO:0032933///GO:0009967///GO:0006468///GO:0006417///GO:0042255///GO:0006412///GO:0006412///GO:0006413	GO:0072562///GO:0005737///GO:0005850///GO:0005615
1415700_a_at	0.262289493766977	0.0281409248813649	-2.58119022516218	-4.02766134482119	-0.211845438400497	Ssr3	signal sequence receptor, gamma	67437	3		cotranslational protein targeting to membrane	Sec61 translocon complex///endoplasmic reticulum///integral component of endoplasmic reticulum membrane///integral component of membrane///membrane		GO:0006613	GO:0005784///GO:0005783///GO:0030176///GO:0016021///GO:0016020
1437550_at	0.305737735636964	0.0358098131643978	-2.43838747233181	-4.26179834566742	-0.261421819750103	Dhx36	DEAH (Asp-Glu-Ala-His) box polypeptide 36	72162	3	ATP binding///ATP-dependent helicase activity///DNA binding///DNA-dependent ATPase activity///G-quadruplex DNA binding///G-quadruplex RNA binding///RNA binding///core promoter binding///double-stranded RNA binding///double-stranded RNA binding///helicase activity///histone deacetylase binding///hydrolase activity///nucleic acid binding///nucleotide binding///poly(A) RNA binding///protein binding///transcription regulatory region DNA binding	ATP catabolic process///RNA secondary structure unwinding///ossification///positive regulation of telomere maintenance///positive regulation of transcription from RNA polymerase II promoter///regulation of transcription, DNA-templated///response to exogenous dsRNA///response to virus///transcription, DNA-templated	chromosome///chromosome, telomeric region///cytoplasm///nucleus	GO:0005524///GO:0008026///GO:0003677///GO:0008094///GO:0051880///GO:0002151///GO:0003723///GO:0001047///GO:0003725///GO:0003725///GO:0004386///GO:0042826///GO:0016787///GO:0003676///GO:0000166///GO:0044822///GO:0005515///GO:0044212	GO:0006200///GO:0010501///GO:0001503///GO:0032206///GO:0045944///GO:0006355///GO:0043330///GO:0009615///GO:0006351	GO:0005694///GO:0000781///GO:0005737///GO:0005634
1418210_at	0.312011086507429	0.0370018254554295	2.41895816659982	-4.29344137288263	0.200688619576537	Pfn2	profilin 2	18645	3 28.15 cM	actin binding///actin monomer binding///adenyl-nucleotide exchange factor activity///phosphatidylinositol-4,5-bisphosphate binding///protein binding	actin cytoskeleton organization///negative regulation of actin filament polymerization///negative regulation of actin filament polymerization///negative regulation of epithelial cell migration///negative regulation of epithelial cell migration///negative regulation of ruffle assembly///negative regulation of ruffle assembly///positive regulation of ATPase activity///positive regulation of actin filament bundle assembly///positive regulation of actin filament polymerization///positive regulation of actin filament polymerization///positive regulation of peptidyl-serine phosphorylation///positive regulation of peptidyl-serine phosphorylation///positive regulation of stress fiber assembly///positive regulation of stress fiber assembly///regulation of synaptic vesicle exocytosis	cytoplasm///cytoskeleton///extracellular vesicular exosome///terminal bouton	GO:0003779///GO:0003785///GO:0000774///GO:0005546///GO:0005515	GO:0030036///GO:0030837///GO:0030837///GO:0010633///GO:0010633///GO:1900028///GO:1900028///GO:0032781///GO:0032233///GO:0030838///GO:0030838///GO:0033138///GO:0033138///GO:0051496///GO:0051496///GO:2000300	GO:0005737///GO:0005856///GO:0070062///GO:0043195
1436993_x_at	0.44373282683141	0.0665165235288666	2.06844734415372	-4.85188507941792	0.215732178475289	Pfn2	profilin 2	18645	3 28.15 cM	actin binding///actin monomer binding///adenyl-nucleotide exchange factor activity///phosphatidylinositol-4,5-bisphosphate binding///protein binding	actin cytoskeleton organization///negative regulation of actin filament polymerization///negative regulation of actin filament polymerization///negative regulation of epithelial cell migration///negative regulation of epithelial cell migration///negative regulation of ruffle assembly///negative regulation of ruffle assembly///positive regulation of ATPase activity///positive regulation of actin filament bundle assembly///positive regulation of actin filament polymerization///positive regulation of actin filament polymerization///positive regulation of peptidyl-serine phosphorylation///positive regulation of peptidyl-serine phosphorylation///positive regulation of stress fiber assembly///positive regulation of stress fiber assembly///regulation of synaptic vesicle exocytosis	cytoplasm///cytoskeleton///extracellular vesicular exosome///terminal bouton	GO:0003779///GO:0003785///GO:0000774///GO:0005546///GO:0005515	GO:0030036///GO:0030837///GO:0030837///GO:0010633///GO:0010633///GO:1900028///GO:1900028///GO:0032781///GO:0032233///GO:0030838///GO:0030838///GO:0033138///GO:0033138///GO:0051496///GO:0051496///GO:2000300	GO:0005737///GO:0005856///GO:0070062///GO:0043195
1433594_at	0.508651366365987	0.0840212198684362	-1.92657696650465	-5.06904152105293	-0.164977425633712	Commd2	COMM domain containing 2	52245	3 27.94 cM	molecular_function	biological_process	cellular_component	GO:0003674	GO:0008150	GO:0005575
1424876_s_at	0.554669804796317	0.0982683209909588	1.83033908922408	-5.2125313900649	0.199295793067227	Spg20	spastic paraplegia 20, spartin (Troyer syndrome) homolog (human)	229285	3	protein binding	adipose tissue development///cytokinesis///lipid particle organization///negative regulation of BMP signaling pathway///negative regulation of collateral sprouting in absence of injury///negative regulation of collateral sprouting in absence of injury///neuromuscular process///regulation of mitochondrial membrane potential	cytoplasm///lipid particle///mitochondrial outer membrane///synapse	GO:0005515	GO:0060612///GO:0000910///GO:0034389///GO:0030514///GO:0048698///GO:0048698///GO:0050905///GO:0051881	GO:0005737///GO:0005811///GO:0005741///GO:0045202
1421369_a_at	0.568178978337111	0.102460333279454	-1.80449129246509	-5.25048360181094	-0.272584314542323	Mab21l1	mab-21-like 1 (C. elegans)	17116	3 E3-F1		camera-type eye development///multicellular organismal development///positive regulation of cell proliferation	nucleus		GO:0043010///GO:0007275///GO:0008284	GO:0005634
1452160_at	0.608365259248461	0.115332339708759	-1.73079772583244	-5.35721482077525	-0.718432825547685	Tiparp	TCDD-inducible poly(ADP-ribose) polymerase	99929	3	NAD+ ADP-ribosyltransferase activity///NAD+ ADP-ribosyltransferase activity///enhancer binding///metal ion binding///transferase activity///transferase activity, transferring glycosyl groups	androgen metabolic process///cellular response to organic cyclic compound///estrogen metabolic process///face morphogenesis///female gonad development///hemopoiesis///kidney development///multicellular organismal metabolic process///negative regulation of gene expression///nitrogen compound metabolic process///palate development///platelet-derived growth factor receptor signaling pathway///positive regulation of protein catabolic process///post-embryonic development///protein ADP-ribosylation///skeletal system morphogenesis///smooth muscle tissue development///vasculogenesis	nucleus	GO:0003950///GO:0003950///GO:0035326///GO:0046872///GO:0016740///GO:0016757	GO:0008209///GO:0071407///GO:0008210///GO:0060325///GO:0008585///GO:0030097///GO:0001822///GO:0044236///GO:0010629///GO:0006807///GO:0060021///GO:0048008///GO:0045732///GO:0009791///GO:0006471///GO:0048705///GO:0048745///GO:0001570	GO:0005634
1435656_at	0.644037108185326	0.127488609450099	-1.66779620249095	-5.44662242201328	-0.366776053681749	Gmps	guanine monophosphate synthetase	229363	3	ATP binding///GMP synthase (glutamine-hydrolyzing) activity///GMP synthase activity///ligase activity///nucleotide binding///pyrophosphatase activity	GMP biosynthetic process///glutamine metabolic process///purine nucleotide biosynthetic process	cytoplasm///cytosol	GO:0005524///GO:0003922///GO:0003921///GO:0016874///GO:0000166///GO:0016462	GO:0006177///GO:0006541///GO:0006164	GO:0005737///GO:0005829
1452161_at	0.646437588282856	0.128348164948649	-1.66355018329585	-5.45258395508471	-0.518292077247883	Tiparp	TCDD-inducible poly(ADP-ribose) polymerase	99929	3	NAD+ ADP-ribosyltransferase activity///NAD+ ADP-ribosyltransferase activity///enhancer binding///metal ion binding///transferase activity///transferase activity, transferring glycosyl groups	androgen metabolic process///cellular response to organic cyclic compound///estrogen metabolic process///face morphogenesis///female gonad development///hemopoiesis///kidney development///multicellular organismal metabolic process///negative regulation of gene expression///nitrogen compound metabolic process///palate development///platelet-derived growth factor receptor signaling pathway///positive regulation of protein catabolic process///post-embryonic development///protein ADP-ribosylation///skeletal system morphogenesis///smooth muscle tissue development///vasculogenesis	nucleus	GO:0003950///GO:0003950///GO:0035326///GO:0046872///GO:0016740///GO:0016757	GO:0008209///GO:0071407///GO:0008210///GO:0060325///GO:0008585///GO:0030097///GO:0001822///GO:0044236///GO:0010629///GO:0006807///GO:0060021///GO:0048008///GO:0045732///GO:0009791///GO:0006471///GO:0048705///GO:0048745///GO:0001570	GO:0005634
1451520_at	0.659759551351072	0.132781059427718	-1.64205108421999	-5.48264103057034	-0.132692004952256	Spg20	spastic paraplegia 20, spartin (Troyer syndrome) homolog (human)	229285	3	protein binding	adipose tissue development///cytokinesis///lipid particle organization///negative regulation of BMP signaling pathway///negative regulation of collateral sprouting in absence of injury///negative regulation of collateral sprouting in absence of injury///neuromuscular process///regulation of mitochondrial membrane potential	cytoplasm///lipid particle///mitochondrial outer membrane///synapse	GO:0005515	GO:0060612///GO:0000910///GO:0034389///GO:0030514///GO:0048698///GO:0048698///GO:0050905///GO:0051881	GO:0005737///GO:0005811///GO:0005741///GO:0045202
1424679_at	0.663574584780744	0.134182422088466	-1.63538877928887	-5.49191137095429	-0.203016084604219	Mab21l1	mab-21-like 1 (C. elegans)	17116	3 E3-F1		camera-type eye development///multicellular organismal development///positive regulation of cell proliferation	nucleus		GO:0043010///GO:0007275///GO:0008284	GO:0005634
1423621_a_at	0.70748958629365	0.150365326573212	1.56264858838866	-5.59172514297762	0.207826366712103	Slc33a1	solute carrier family 33 (acetyl-CoA transporter), member 1	11416	3 E1-E3	acetyl-CoA transporter activity	transport	endoplasmic reticulum///integral component of membrane///membrane	GO:0008521	GO:0006810	GO:0005783///GO:0016021///GO:0016020
1418209_a_at	0.710299321152751	0.151374489518043	1.55834680820153	-5.59754532827302	0.159235708001328	Pfn2	profilin 2	18645	3 28.15 cM	actin binding///actin monomer binding///adenyl-nucleotide exchange factor activity///phosphatidylinositol-4,5-bisphosphate binding///protein binding	actin cytoskeleton organization///negative regulation of actin filament polymerization///negative regulation of actin filament polymerization///negative regulation of epithelial cell migration///negative regulation of epithelial cell migration///negative regulation of ruffle assembly///negative regulation of ruffle assembly///positive regulation of ATPase activity///positive regulation of actin filament bundle assembly///positive regulation of actin filament polymerization///positive regulation of actin filament polymerization///positive regulation of peptidyl-serine phosphorylation///positive regulation of peptidyl-serine phosphorylation///positive regulation of stress fiber assembly///positive regulation of stress fiber assembly///regulation of synaptic vesicle exocytosis	cytoplasm///cytoskeleton///extracellular vesicular exosome///terminal bouton	GO:0003779///GO:0003785///GO:0000774///GO:0005546///GO:0005515	GO:0030036///GO:0030837///GO:0030837///GO:0010633///GO:0010633///GO:1900028///GO:1900028///GO:0032781///GO:0032233///GO:0030838///GO:0030838///GO:0033138///GO:0033138///GO:0051496///GO:0051496///GO:2000300	GO:0005737///GO:0005856///GO:0070062///GO:0043195
1426721_s_at	0.736655319566231	0.161262833772341	-1.51748240437361	-5.6523550615015	-0.384858702691325	Tiparp	TCDD-inducible poly(ADP-ribose) polymerase	99929	3	NAD+ ADP-ribosyltransferase activity///NAD+ ADP-ribosyltransferase activity///enhancer binding///metal ion binding///transferase activity///transferase activity, transferring glycosyl groups	androgen metabolic process///cellular response to organic cyclic compound///estrogen metabolic process///face morphogenesis///female gonad development///hemopoiesis///kidney development///multicellular organismal metabolic process///negative regulation of gene expression///nitrogen compound metabolic process///palate development///platelet-derived growth factor receptor signaling pathway///positive regulation of protein catabolic process///post-embryonic development///protein ADP-ribosylation///skeletal system morphogenesis///smooth muscle tissue development///vasculogenesis	nucleus	GO:0003950///GO:0003950///GO:0035326///GO:0046872///GO:0016740///GO:0016757	GO:0008209///GO:0071407///GO:0008210///GO:0060325///GO:0008585///GO:0030097///GO:0001822///GO:0044236///GO:0010629///GO:0006807///GO:0060021///GO:0048008///GO:0045732///GO:0009791///GO:0006471///GO:0048705///GO:0048745///GO:0001570	GO:0005634
1448171_at	0.759935109769099	0.170861800775405	-1.47986327217093	-5.70202589263939	-0.378442994037631	Siah2	seven in absentia 2	20439	3 28.68 cM	UDP-N-acetylmuramoylalanyl-D-glutamyl-2,6-diaminopimelate-D-alanyl-D-alanine ligase activity///coenzyme F420-0 gamma-glutamyl ligase activity///coenzyme F420-2 alpha-glutamyl ligase activity///ligase activity///metal ion binding///protein binding///protein-glutamic acid ligase activity///protein-glycine ligase activity///protein-glycine ligase activity, elongating///protein-glycine ligase activity, initiating///ribosomal S6-glutamic acid ligase activity///tubulin-glutamic acid ligase activity///tubulin-glycine ligase activity///ubiquitin conjugating enzyme binding///ubiquitin-protein transferase activity///zinc ion binding	apoptotic process///cell cycle///cellular protein catabolic process///multicellular organismal development///negative regulation of apoptotic process///negative regulation of canonical Wnt signaling pathway///negative regulation of cysteine-type endopeptidase activity involved in apoptotic process///negative regulation of extrinsic apoptotic signaling pathway///protein ubiquitination///regulation of protein ubiquitination///ubiquitin-dependent protein catabolic process	cytoplasm///cytosol///early endosome///neuron projection///neuronal cell body///nucleus	GO:0008766///GO:0043773///GO:0043774///GO:0016874///GO:0046872///GO:0005515///GO:0070739///GO:0070735///GO:0070737///GO:0070736///GO:0018169///GO:0070740///GO:0070738///GO:0031624///GO:0004842///GO:0008270	GO:0006915///GO:0007049///GO:0044257///GO:0007275///GO:0043066///GO:0090090///GO:0043154///GO:2001237///GO:0016567///GO:0031396///GO:0006511	GO:0005737///GO:0005829///GO:0005769///GO:0043005///GO:0043025///GO:0005634
1451289_at	0.760132804825193	0.171055897159529	1.47912178409742	-5.70299716089293	0.0682778354108753	Dclk1	doublecortin-like kinase 1	13175	3 D	ATP binding///kinase activity///nucleotide binding///protein kinase activity///protein serine/threonine kinase activity///transferase activity///transferase activity, transferring phosphorus-containing groups	axon extension///axonogenesis///brain development///cell differentiation///central nervous system projection neuron axonogenesis///dendrite morphogenesis///forebrain development///intracellular signal transduction///multicellular organismal development///nervous system development///neuron migration///phosphorylation///protein phosphorylation		GO:0005524///GO:0016301///GO:0000166///GO:0004672///GO:0004674///GO:0016740///GO:0016772	GO:0048675///GO:0007409///GO:0007420///GO:0030154///GO:0021952///GO:0048813///GO:0030900///GO:0035556///GO:0007275///GO:0007399///GO:0001764///GO:0016310///GO:0006468	
1429185_at	0.767036631548963	0.174246769930889	1.46703553499305	-5.71878584581075	0.313242452496659	Arhgef26	Rho guanine nucleotide exchange factor (GEF) 26	622434	3	molecular_function	endothelial cell morphogenesis///ruffle assembly	cellular_component	GO:0003674	GO:0001886///GO:0097178	GO:0005575
1438347_at	0.828591835257475	0.201246789650583	-1.37175692327018	-5.8403216016083	-0.0684060384396941	Clrn1	clarin 1	229320	3		actin filament organization///auditory receptor cell development///auditory receptor cell stereocilium organization///cell motility///equilibrioception///neuromuscular process controlling balance///photoreceptor cell maintenance///positive regulation of lamellipodium assembly///response to stimulus///sensory perception of light stimulus///sensory perception of sound///sensory perception of sound///visual perception	integral component of membrane///lamellipodium///membrane///microvillus///plasma membrane		GO:0007015///GO:0060117///GO:0060088///GO:0048870///GO:0050957///GO:0050885///GO:0045494///GO:0010592///GO:0050896///GO:0050953///GO:0007605///GO:0007605///GO:0007601	GO:0016021///GO:0030027///GO:0016020///GO:0005902///GO:0005886
1417817_a_at	0.872522422147459	0.222794765519368	1.30321816656926	-5.92436331676648	0.341186160828556	Wwtr1	WW domain containing transcription regulator 1	97064	3	protein binding///protein homodimerization activity///transcription coactivator activity///transcription coactivator activity///transcription corepressor activity	SCF-dependent proteasomal ubiquitin-dependent protein catabolic process///cilium morphogenesis///glomerulus development///hippo signaling///kidney morphogenesis///mesenchymal cell differentiation///multicellular organism growth///negative regulation of canonical Wnt signaling pathway///negative regulation of catenin import into nucleus///negative regulation of fat cell differentiation///negative regulation of protein kinase activity///negative regulation of protein phosphorylation///negative regulation of transcription from RNA polymerase II promoter///osteoblast differentiation///osteoblast differentiation///positive regulation of cell proliferation///positive regulation of epithelial to mesenchymal transition///positive regulation of transcription from RNA polymerase II promoter///positive regulation of transcription from RNA polymerase II promoter///protein ubiquitination///regulation of RNA biosynthetic process///regulation of SMAD protein import into nucleus///regulation of canonical Wnt signaling pathway///regulation of metanephric nephron tubule epithelial cell differentiation///regulation of transcription, DNA-templated///stem cell division///transcription, DNA-templated	cytoplasm///cytoplasm///nucleus///nucleus///nucleus///transcription factor complex	GO:0005515///GO:0042803///GO:0003713///GO:0003713///GO:0003714	GO:0031146///GO:0060271///GO:0032835///GO:0035329///GO:0060993///GO:0048762///GO:0035264///GO:0090090///GO:0035414///GO:0045599///GO:0006469///GO:0001933///GO:0000122///GO:0001649///GO:0001649///GO:0008284///GO:0010718///GO:0045944///GO:0045944///GO:0016567///GO:2001141///GO:0060390///GO:0060828///GO:0072307///GO:0006355///GO:0017145///GO:0006351	GO:0005737///GO:0005737///GO:0005634///GO:0005634///GO:0005634///GO:0005667
1428700_at	0.893161349940867	0.234066247214944	1.26954344832246	-5.96455872523685	0.0728933158554654	P2ry13	purinergic receptor P2Y, G-protein coupled 13	74191	3	G-protein coupled purinergic nucleotide receptor activity///G-protein coupled receptor activity///signal transducer activity	G-protein coupled purinergic nucleotide receptor signaling pathway///G-protein coupled receptor signaling pathway///negative regulation of adenylate cyclase activity///signal transduction	endoplasmic reticulum///integral component of membrane///membrane///plasma membrane	GO:0045028///GO:0004930///GO:0004871	GO:0035589///GO:0007186///GO:0007194///GO:0007165	GO:0005783///GO:0016021///GO:0016020///GO:0005886
1417914_at	0.911143886049862	0.243156479482054	1.24334464537163	-5.99531360683682	0.209133255832469	Rap2b	RAP2B, member of RAS oncogene family	74012	3	GDP binding///GTP binding///nucleotide binding///protein domain specific binding	GTP catabolic process///Rap protein signal transduction///negative regulation of cell migration///platelet activation///platelet aggregation///positive regulation of protein autophosphorylation///regulation of protein tyrosine kinase activity///signal transduction///small GTPase mediated signal transduction	cytosol///cytosol///endosome///extracellular vesicular exosome///membrane///membrane///membrane raft///plasma membrane///recycling endosome///recycling endosome membrane	GO:0019003///GO:0005525///GO:0000166///GO:0019904	GO:0006184///GO:0032486///GO:0030336///GO:0030168///GO:0070527///GO:0031954///GO:0061097///GO:0007165///GO:0007264	GO:0005829///GO:0005829///GO:0005768///GO:0070062///GO:0016020///GO:0016020///GO:0045121///GO:0005886///GO:0055037///GO:0055038
1431724_a_at	0.958634139517555	0.269677668277587	1.17120624909126	-6.07757833172796	0.153513133430504	P2ry12	purinergic receptor P2Y, G-protein coupled 12	70839	3	ADP receptor activity///ADP receptor activity///G-protein coupled adenosine receptor activity///G-protein coupled purinergic nucleotide receptor activity///G-protein coupled receptor activity///signal transducer activity	G-protein coupled purinergic nucleotide receptor signaling pathway///G-protein coupled purinergic nucleotide receptor signaling pathway///G-protein coupled receptor signaling pathway///adenosine receptor signaling pathway///adenosine receptor signaling pathway///adenylate cyclase-inhibiting G-protein coupled receptor signaling pathway///adenylate cyclase-modulating G-protein coupled receptor signaling pathway///blood coagulation///calcium ion transmembrane transport///cell projection organization///glial cell migration///hemostasis///negative regulation of cell differentiation///negative regulation of norepinephrine secretion///platelet activation///platelet aggregation///positive regulation of ion transport///potassium ion transmembrane transport///protein kinase B signaling///regulation of calcium ion transport///signal transduction	basal plasma membrane///caveola///cell surface///external side of plasma membrane///integral component of membrane///integral component of plasma membrane///intrinsic component of membrane///membrane///colocalizes_with mitochondrion///plasma membrane	GO:0001621///GO:0001621///GO:0001609///GO:0045028///GO:0004930///GO:0004871	GO:0035589///GO:0035589///GO:0007186///GO:0001973///GO:0001973///GO:0007193///GO:0007188///GO:0007596///GO:0070588///GO:0030030///GO:0008347///GO:0007599///GO:0045596///GO:0010700///GO:0030168///GO:0070527///GO:0043270///GO:0071805///GO:0043491///GO:0051924///GO:0007165	GO:0009925///GO:0005901///GO:0009986///GO:0009897///GO:0016021///GO:0005887///GO:0031224///GO:0016020///colocalizes_with GO:0005739///GO:0005886
1434452_x_at	0.9766705966691	0.280984988366044	1.14216917095009	-6.10965752664623	0.198304590009661	Eif2a	eukaryotic translation initiation factor 2A	229317	3 28.58 cM	ribosome binding///tRNA binding///translation initiation factor activity	SREBP signaling pathway///positive regulation of signal transduction///protein phosphorylation///regulation of translation///ribosome assembly///translation///translation///translational initiation	blood microparticle///cytoplasm///eukaryotic translation initiation factor 2 complex///extracellular space	GO:0043022///GO:0000049///GO:0003743	GO:0032933///GO:0009967///GO:0006468///GO:0006417///GO:0042255///GO:0006412///GO:0006412///GO:0006413	GO:0072562///GO:0005737///GO:0005850///GO:0005615
1421456_at	0.980612238208842	0.283486764686078	1.1358698003889	-6.11653647048421	0.326721808476839	P2ry1	purinergic receptor P2Y, G-protein coupled 1	18441	3	A1 adenosine receptor binding///ADP binding///ADP-activated nucleotide receptor activity///ATP binding///ATP-activated nucleotide receptor activity///G-protein coupled purinergic nucleotide receptor activity///G-protein coupled receptor activity///protein heterodimerization activity///scaffold protein binding///signal transducer activity	G-protein coupled purinergic nucleotide receptor signaling pathway///G-protein coupled receptor signaling pathway///adenosine receptor signaling pathway///adenylate cyclase-inhibiting G-protein coupled receptor signaling pathway///eating behavior///glial cell migration///negative regulation of binding///negative regulation of norepinephrine secretion///phospholipase C-activating G-protein coupled receptor signaling pathway///platelet activation///positive regulation of ERK1 and ERK2 cascade///positive regulation of cytosolic calcium ion concentration///positive regulation of hormone secretion///positive regulation of inositol trisphosphate biosynthetic process///positive regulation of ion transport///positive regulation of ion transport///positive regulation of penile erection///positive regulation of protein phosphorylation///positive regulation of transcription from RNA polymerase II promoter///protein localization to plasma membrane///regulation of receptor activity///regulation of vasodilation///relaxation of muscle///response to mechanical stimulus///sensory perception of pain///signal transduction///signal transduction involved in regulation of gene expression	apical plasma membrane///basolateral plasma membrane///cell body///cell surface///cytosol///dendrite///integral component of membrane///membrane///colocalizes_with mitochondrion///neuronal postsynaptic density///plasma membrane///plasma membrane///postsynaptic membrane	GO:0031686///GO:0043531///GO:0045032///GO:0005524///GO:0045031///GO:0045028///GO:0004930///GO:0046982///GO:0097110///GO:0004871	GO:0035589///GO:0007186///GO:0001973///GO:0007193///GO:0042755///GO:0008347///GO:0051100///GO:0010700///GO:0007200///GO:0030168///GO:0070374///GO:0007204///GO:0046887///GO:0032962///GO:0043270///GO:0043270///GO:0060406///GO:0001934///GO:0045944///GO:0072659///GO:0010469///GO:0042312///GO:0090075///GO:0009612///GO:0019233///GO:0007165///GO:0023019	GO:0016324///GO:0016323///GO:0044297///GO:0009986///GO:0005829///GO:0030425///GO:0016021///GO:0016020///colocalizes_with GO:0005739///GO:0097481///GO:0005886///GO:0005886///GO:0045211
1452251_at	0.999939579044822	0.333666849372945	1.0177844107341	-6.23999035431397	0.238152002576326	Nbea	neurobeachin	26422	3 26.61 cM	protein kinase A binding///protein kinase binding	post-Golgi vesicle-mediated transport///protein localization///protein targeting	cell///cell junction///cytosol///endomembrane system///intracellular///membrane///plasma membrane///postsynaptic membrane///synapse///trans-Golgi network	GO:0051018///GO:0019901	GO:0006892///GO:0008104///GO:0006605	GO:0005623///GO:0030054///GO:0005829///GO:0012505///GO:0005622///GO:0016020///GO:0005886///GO:0045211///GO:0045202///GO:0005802
1446190_at	0.999939579044822	0.340612103063966	-1.00252704589744	-6.25515621265823	-0.0347084536449271	Dclk1	doublecortin-like kinase 1	13175	3 D	ATP binding///kinase activity///nucleotide binding///protein kinase activity///protein serine/threonine kinase activity///transferase activity///transferase activity, transferring phosphorus-containing groups	axon extension///axonogenesis///brain development///cell differentiation///central nervous system projection neuron axonogenesis///dendrite morphogenesis///forebrain development///intracellular signal transduction///multicellular organismal development///nervous system development///neuron migration///phosphorylation///protein phosphorylation		GO:0005524///GO:0016301///GO:0000166///GO:0004672///GO:0004674///GO:0016740///GO:0016772	GO:0048675///GO:0007409///GO:0007420///GO:0030154///GO:0021952///GO:0048813///GO:0030900///GO:0035556///GO:0007275///GO:0007399///GO:0001764///GO:0016310///GO:0006468	
1437155_a_at	0.999939579044822	0.358508863731523	0.964247398138653	-6.29238615896422	0.187738659693071	Wwtr1	WW domain containing transcription regulator 1	97064	3	protein binding///protein homodimerization activity///transcription coactivator activity///transcription coactivator activity///transcription corepressor activity	SCF-dependent proteasomal ubiquitin-dependent protein catabolic process///cilium morphogenesis///glomerulus development///hippo signaling///kidney morphogenesis///mesenchymal cell differentiation///multicellular organism growth///negative regulation of canonical Wnt signaling pathway///negative regulation of catenin import into nucleus///negative regulation of fat cell differentiation///negative regulation of protein kinase activity///negative regulation of protein phosphorylation///negative regulation of transcription from RNA polymerase II promoter///osteoblast differentiation///osteoblast differentiation///positive regulation of cell proliferation///positive regulation of epithelial to mesenchymal transition///positive regulation of transcription from RNA polymerase II promoter///positive regulation of transcription from RNA polymerase II promoter///protein ubiquitination///regulation of RNA biosynthetic process///regulation of SMAD protein import into nucleus///regulation of canonical Wnt signaling pathway///regulation of metanephric nephron tubule epithelial cell differentiation///regulation of transcription, DNA-templated///stem cell division///transcription, DNA-templated	cytoplasm///cytoplasm///nucleus///nucleus///nucleus///transcription factor complex	GO:0005515///GO:0042803///GO:0003713///GO:0003713///GO:0003714	GO:0031146///GO:0060271///GO:0032835///GO:0035329///GO:0060993///GO:0048762///GO:0035264///GO:0090090///GO:0035414///GO:0045599///GO:0006469///GO:0001933///GO:0000122///GO:0001649///GO:0001649///GO:0008284///GO:0010718///GO:0045944///GO:0045944///GO:0016567///GO:2001141///GO:0060390///GO:0060828///GO:0072307///GO:0006355///GO:0017145///GO:0006351	GO:0005737///GO:0005737///GO:0005634///GO:0005634///GO:0005634///GO:0005667
1417818_at	0.999939579044822	0.383598299021888	0.912861953022933	-6.34047933545538	0.0902753363869202	Wwtr1	WW domain containing transcription regulator 1	97064	3	protein binding///protein homodimerization activity///transcription coactivator activity///transcription coactivator activity///transcription corepressor activity	SCF-dependent proteasomal ubiquitin-dependent protein catabolic process///cilium morphogenesis///glomerulus development///hippo signaling///kidney morphogenesis///mesenchymal cell differentiation///multicellular organism growth///negative regulation of canonical Wnt signaling pathway///negative regulation of catenin import into nucleus///negative regulation of fat cell differentiation///negative regulation of protein kinase activity///negative regulation of protein phosphorylation///negative regulation of transcription from RNA polymerase II promoter///osteoblast differentiation///osteoblast differentiation///positive regulation of cell proliferation///positive regulation of epithelial to mesenchymal transition///positive regulation of transcription from RNA polymerase II promoter///positive regulation of transcription from RNA polymerase II promoter///protein ubiquitination///regulation of RNA biosynthetic process///regulation of SMAD protein import into nucleus///regulation of canonical Wnt signaling pathway///regulation of metanephric nephron tubule epithelial cell differentiation///regulation of transcription, DNA-templated///stem cell division///transcription, DNA-templated	cytoplasm///cytoplasm///nucleus///nucleus///nucleus///transcription factor complex	GO:0005515///GO:0042803///GO:0003713///GO:0003713///GO:0003714	GO:0031146///GO:0060271///GO:0032835///GO:0035329///GO:0060993///GO:0048762///GO:0035264///GO:0090090///GO:0035414///GO:0045599///GO:0006469///GO:0001933///GO:0000122///GO:0001649///GO:0001649///GO:0008284///GO:0010718///GO:0045944///GO:0045944///GO:0016567///GO:2001141///GO:0060390///GO:0060828///GO:0072307///GO:0006355///GO:0017145///GO:0006351	GO:0005737///GO:0005737///GO:0005634///GO:0005634///GO:0005634///GO:0005667
1439548_at	0.999939579044822	0.443106511105775	0.799800517141509	-6.4383983928426	0.030725542241413	Rap2b	RAP2B, member of RAS oncogene family	74012	3	GDP binding///GTP binding///nucleotide binding///protein domain specific binding	GTP catabolic process///Rap protein signal transduction///negative regulation of cell migration///platelet activation///platelet aggregation///positive regulation of protein autophosphorylation///regulation of protein tyrosine kinase activity///signal transduction///small GTPase mediated signal transduction	cytosol///cytosol///endosome///extracellular vesicular exosome///membrane///membrane///membrane raft///plasma membrane///recycling endosome///recycling endosome membrane	GO:0019003///GO:0005525///GO:0000166///GO:0019904	GO:0006184///GO:0032486///GO:0030336///GO:0030168///GO:0070527///GO:0031954///GO:0061097///GO:0007165///GO:0007264	GO:0005829///GO:0005829///GO:0005768///GO:0070062///GO:0016020///GO:0016020///GO:0045121///GO:0005886///GO:0055037///GO:0055038
1450958_at	0.999939579044822	0.463301975226806	-0.76377483910765	-6.46723469816323	-0.123504751840073	Tm4sf1	transmembrane 4 superfamily member 1	17112	3			integral component of membrane///integral component of plasma membrane///membrane			GO:0016021///GO:0005887///GO:0016020
1454539_at	0.999939579044822	0.493525910056754	-0.711705187421409	-6.50682585795905	-0.0570377278814989	4933417G07Rik	SEC13 homolog pseudogene	71182	3						
1424398_at	0.999939579044822	0.514032079917146	-0.677503284996674	-6.53146320647651	-0.0664670205966615	Dhx36	DEAH (Asp-Glu-Ala-His) box polypeptide 36	72162	3	ATP binding///ATP-dependent helicase activity///DNA binding///DNA-dependent ATPase activity///G-quadruplex DNA binding///G-quadruplex RNA binding///RNA binding///core promoter binding///double-stranded RNA binding///double-stranded RNA binding///helicase activity///histone deacetylase binding///hydrolase activity///nucleic acid binding///nucleotide binding///poly(A) RNA binding///protein binding///transcription regulatory region DNA binding	ATP catabolic process///RNA secondary structure unwinding///ossification///positive regulation of telomere maintenance///positive regulation of transcription from RNA polymerase II promoter///regulation of transcription, DNA-templated///response to exogenous dsRNA///response to virus///transcription, DNA-templated	chromosome///chromosome, telomeric region///cytoplasm///nucleus	GO:0005524///GO:0008026///GO:0003677///GO:0008094///GO:0051880///GO:0002151///GO:0003723///GO:0001047///GO:0003725///GO:0003725///GO:0004386///GO:0042826///GO:0016787///GO:0003676///GO:0000166///GO:0044822///GO:0005515///GO:0044212	GO:0006200///GO:0010501///GO:0001503///GO:0032206///GO:0045944///GO:0006355///GO:0043330///GO:0009615///GO:0006351	GO:0005694///GO:0000781///GO:0005737///GO:0005634
1446645_at	0.999939579044822	0.517633979284432	-0.671582073814505	-6.53561690301268	-0.0328417458446384	Ccdc169	coiled-coil domain containing 169	320604	3	molecular_function	biological_process	cellular_component	GO:0003674	GO:0008150	GO:0005575
1424962_at	0.999939579044822	0.520338849913644	-0.66715177762039	-6.53870304265654	-0.0316424916928013	Tm4sf4	transmembrane 4 superfamily member 4	229302	3	molecular_function	biological_process	cellular_component///integral component of membrane///membrane	GO:0003674	GO:0008150	GO:0005575///GO:0016021///GO:0016020
1423622_a_at	0.999939579044822	0.545184821641795	-0.627080090668633	-6.56576771763009	-0.0959329529957795	Ccnl1	cyclin L1	56706	3	protein binding///protein kinase binding	RNA processing///regulation of cyclin-dependent protein serine/threonine kinase activity///regulation of transcription, DNA-templated///transcription, DNA-templated	cytoplasm///nuclear speck///nucleus///transcription elongation factor complex	GO:0005515///GO:0019901	GO:0006396///GO:0000079///GO:0006355///GO:0006351	GO:0005737///GO:0016607///GO:0005634///GO:0008023
1433567_at	0.999939579044822	0.570136494709013	0.587884949082068	-6.59074426831865	0.0758675939538502	Gmps	guanine monophosphate synthetase	229363	3	ATP binding///GMP synthase (glutamine-hydrolyzing) activity///GMP synthase activity///ligase activity///nucleotide binding///pyrophosphatase activity	GMP biosynthetic process///glutamine metabolic process///purine nucleotide biosynthetic process	cytoplasm///cytosol	GO:0005524///GO:0003922///GO:0003921///GO:0016874///GO:0000166///GO:0016462	GO:0006177///GO:0006541///GO:0006164	GO:0005737///GO:0005829
1424397_at	0.999939579044822	0.586135981563016	0.563253080041182	-6.60567343084731	0.0848443117786815	Dhx36	DEAH (Asp-Glu-Ala-His) box polypeptide 36	72162	3	ATP binding///ATP-dependent helicase activity///DNA binding///DNA-dependent ATPase activity///G-quadruplex DNA binding///G-quadruplex RNA binding///RNA binding///core promoter binding///double-stranded RNA binding///double-stranded RNA binding///helicase activity///histone deacetylase binding///hydrolase activity///nucleic acid binding///nucleotide binding///poly(A) RNA binding///protein binding///transcription regulatory region DNA binding	ATP catabolic process///RNA secondary structure unwinding///ossification///positive regulation of telomere maintenance///positive regulation of transcription from RNA polymerase II promoter///regulation of transcription, DNA-templated///response to exogenous dsRNA///response to virus///transcription, DNA-templated	chromosome///chromosome, telomeric region///cytoplasm///nucleus	GO:0005524///GO:0008026///GO:0003677///GO:0008094///GO:0051880///GO:0002151///GO:0003723///GO:0001047///GO:0003725///GO:0003725///GO:0004386///GO:0042826///GO:0016787///GO:0003676///GO:0000166///GO:0044822///GO:0005515///GO:0044212	GO:0006200///GO:0010501///GO:0001503///GO:0032206///GO:0045944///GO:0006355///GO:0043330///GO:0009615///GO:0006351	GO:0005694///GO:0000781///GO:0005737///GO:0005634
1422975_at	0.999939579044822	0.588773970369328	-0.5592270227809	-6.60805682351558	-0.0432157726128808	Mme	membrane metallo endopeptidase	17380	3 29.97 cM	endopeptidase activity///hydrolase activity///metal ion binding///metalloendopeptidase activity///metallopeptidase activity///peptidase activity///peptide binding///zinc ion binding	beta-amyloid metabolic process///cellular response to UV-A///cellular response to UV-B///cellular response to cytokine stimulus///creatinine metabolic process///peptide metabolic process///proteolysis///proteolysis///sensory perception of pain	axon///brush border///cytoplasm///dendrite///extracellular vesicular exosome///focal adhesion///integral component of membrane///membrane///membrane///neuron projection terminus///plasma membrane///synapse///synaptic vesicle	GO:0004175///GO:0016787///GO:0046872///GO:0004222///GO:0008237///GO:0008233///GO:0042277///GO:0008270	GO:0050435///GO:0071492///GO:0071493///GO:0071345///GO:0046449///GO:0006518///GO:0006508///GO:0006508///GO:0019233	GO:0030424///GO:0005903///GO:0005737///GO:0030425///GO:0070062///GO:0005925///GO:0016021///GO:0016020///GO:0016020///GO:0044306///GO:0005886///GO:0045202///GO:0008021
1456858_at	0.999939579044822	0.612905097599189	-0.522833487613518	-6.62887225980638	-0.0303132577763976	Gpr149	G protein-coupled receptor 149	229357	3	G-protein coupled receptor activity///molecular_function///signal transducer activity	G-protein coupled receptor signaling pathway///antral ovarian follicle growth///estrous cycle phase///negative regulation of ovulation///preantral ovarian follicle growth///signal transduction	cellular_component///integral component of membrane///membrane///plasma membrane	GO:0004930///GO:0003674///GO:0004871	GO:0007186///GO:0001547///GO:0060206///GO:0060280///GO:0001546///GO:0007165	GO:0005575///GO:0016021///GO:0016020///GO:0005886
1453922_at	0.999939579044822	0.615282511717422	-0.519288648836244	-6.63082921199202	-0.0291362566143731	4921539H07Rik	RIKEN cDNA 4921539H07 gene	78256	3	molecular_function	biological_process	cellular_component	GO:0003674	GO:0008150	GO:0005575
1415827_a_at	0.999939579044822	0.623959468845863	-0.506409684564443	-6.63783313672217	-0.0752154443311053	Serp1	stress-associated endoplasmic reticulum protein 1	28146	3 28.58 cM		endoplasmic reticulum unfolded protein response///glucose metabolic process///multicellular organismal aging///muscle organ morphogenesis///positive regulation of growth hormone secretion///positive regulation of insulin secretion///positive regulation of organ growth///positive regulation of translation///post-embryonic development///protein glycosylation///protein transport///skeletal system development///transport	cytoplasmic microtubule///endoplasmic reticulum///integral component of membrane///membrane		GO:0030968///GO:0006006///GO:0010259///GO:0048644///GO:0060124///GO:0032024///GO:0046622///GO:0045727///GO:0009791///GO:0006486///GO:0015031///GO:0001501///GO:0006810	GO:0005881///GO:0005783///GO:0016021///GO:0016020
1443407_at	0.999939579044822	0.647521891140159	-0.471879500124828	-6.65578681708366	-0.023763628692886	Rnf13	ring finger protein 13	24017	3	UDP-N-acetylmuramoylalanyl-D-glutamyl-2,6-diaminopimelate-D-alanyl-D-alanine ligase activity///coenzyme F420-0 gamma-glutamyl ligase activity///coenzyme F420-2 alpha-glutamyl ligase activity///ligase activity///metal ion binding///protein-glutamic acid ligase activity///protein-glycine ligase activity///protein-glycine ligase activity, elongating///protein-glycine ligase activity, initiating///ribosomal S6-glutamic acid ligase activity///tubulin-glutamic acid ligase activity///tubulin-glycine ligase activity///ubiquitin-protein transferase activity///zinc ion binding	protein autoubiquitination	cytoplasm///endosome///integral component of membrane///late endosome membrane///lysosomal membrane///lysosomal membrane///lysosome///membrane///nucleus	GO:0008766///GO:0043773///GO:0043774///GO:0016874///GO:0046872///GO:0070739///GO:0070735///GO:0070737///GO:0070736///GO:0018169///GO:0070740///GO:0070738///GO:0004842///GO:0008270	GO:0051865	GO:0005737///GO:0005768///GO:0016021///GO:0031902///GO:0005765///GO:0005765///GO:0005764///GO:0016020///GO:0005634
1423125_at	0.999939579044822	0.649494774052957	-0.46901621713209	-6.65722133627653	-0.0137407019066558	Dclk1	doublecortin-like kinase 1	13175	3 D	ATP binding///kinase activity///nucleotide binding///protein kinase activity///protein serine/threonine kinase activity///transferase activity///transferase activity, transferring phosphorus-containing groups	axon extension///axonogenesis///brain development///cell differentiation///central nervous system projection neuron axonogenesis///dendrite morphogenesis///forebrain development///intracellular signal transduction///multicellular organismal development///nervous system development///neuron migration///phosphorylation///protein phosphorylation		GO:0005524///GO:0016301///GO:0000166///GO:0004672///GO:0004674///GO:0016740///GO:0016772	GO:0048675///GO:0007409///GO:0007420///GO:0030154///GO:0021952///GO:0048813///GO:0030900///GO:0035556///GO:0007275///GO:0007399///GO:0001764///GO:0016310///GO:0006468	
1445563_at	0.999939579044822	0.664488186126436	-0.447388833853164	-6.66778696086694	-0.0241441302741583	Eif2a	eukaryotic translation initiation factor 2A	229317	3 28.58 cM	ribosome binding///tRNA binding///translation initiation factor activity	SREBP signaling pathway///positive regulation of signal transduction///protein phosphorylation///regulation of translation///ribosome assembly///translation///translation///translational initiation	blood microparticle///cytoplasm///eukaryotic translation initiation factor 2 complex///extracellular space	GO:0043022///GO:0000049///GO:0003743	GO:0032933///GO:0009967///GO:0006468///GO:0006417///GO:0042255///GO:0006412///GO:0006412///GO:0006413	GO:0072562///GO:0005737///GO:0005850///GO:0005615
1449177_at	0.999939579044822	0.664730318917062	-0.44704144522497	-6.66795277283787	-0.0190314380047534	Ccna1	cyclin A1	12427	3	protein binding///protein kinase binding	cell cycle///cell differentiation///cell division///meiotic nuclear division///mitotic nuclear division///multicellular organismal development///regulation of G2/M transition of mitotic cell cycle///regulation of cell cycle///regulation of cyclin-dependent protein serine/threonine kinase activity///spermatogenesis	cytoplasm///cytoskeleton///microtubule cytoskeleton///nucleus	GO:0005515///GO:0019901	GO:0007049///GO:0030154///GO:0051301///GO:0007126///GO:0007067///GO:0007275///GO:0010389///GO:0051726///GO:0000079///GO:0007283	GO:0005737///GO:0005856///GO:0015630///GO:0005634
1448813_at	0.999939579044822	0.682324925634849	-0.421950559450643	-6.67960156417496	-0.0189110740251492	Aadac	arylacetamide deacetylase (esterase)	67758	3	carboxylic ester hydrolase activity///deacetylase activity///hydrolase activity///lipase activity///serine hydrolase activity///serine hydrolase activity///triglyceride lipase activity	metabolic process///positive regulation of triglyceride catabolic process	endoplasmic reticulum///endoplasmic reticulum membrane///endoplasmic reticulum membrane///integral component of membrane///intracellular membrane-bounded organelle///membrane	GO:0052689///GO:0019213///GO:0016787///GO:0016298///GO:0017171///GO:0017171///GO:0004806	GO:0008152///GO:0010898	GO:0005783///GO:0005789///GO:0005789///GO:0016021///GO:0043231///GO:0016020
1429817_at	0.999939579044822	0.685541381659819	-0.41739515895955	-6.68164702336149	-0.0139877011363982	Sohlh2	spermatogenesis and oogenesis specific basic helix-loop-helix 2	74434	3	DNA binding///RNA polymerase II regulatory region sequence-specific DNA binding///RNA polymerase II transcription regulatory region sequence-specific DNA binding transcription factor activity involved in positive regulation of transcription///protein dimerization activity	cell differentiation///multicellular organismal development///oocyte differentiation///oogenesis///positive regulation of transcription from RNA polymerase II promoter///primary ovarian follicle growth///regulation of gene expression///regulation of transcription, DNA-templated///spermatogenesis///transcription from RNA polymerase II promoter///transcription, DNA-templated	nucleus	GO:0003677///GO:0000977///GO:0001228///GO:0046983	GO:0030154///GO:0007275///GO:0009994///GO:0048477///GO:0045944///GO:0001545///GO:0010468///GO:0006355///GO:0007283///GO:0006366///GO:0006351	GO:0005634
1443646_at	0.999939579044822	0.688446164216826	-0.413289232658028	-6.68347231754655	-0.0175679225437491	Igsf10	immunoglobulin superfamily, member 10	242050	3	molecular_function	ossification///tissue regeneration	cellular_component///extracellular region	GO:0003674	GO:0001503///GO:0042246	GO:0005575///GO:0005576
1430988_at	0.999939579044822	0.696704118583209	-0.401657438591991	-6.68854866010266	-0.0229869024610116	Selt	selenoprotein T	69227	3	selenium binding	cell redox homeostasis///glucose homeostasis///insulin secretion involved in cellular response to glucose stimulus///pancreas development///response to glucose	cell///endoplasmic reticulum	GO:0008430	GO:0045454///GO:0042593///GO:0035773///GO:0031016///GO:0009749	GO:0005623///GO:0005783
1418804_at	0.999939579044822	0.703096259261021	-0.392694168835175	-6.69236482486585	-0.0320660326874873	Sucnr1	succinate receptor 1	84112	3	G-protein coupled receptor activity///signal transducer activity	G-protein coupled receptor signaling pathway///signal transduction	extracellular vesicular exosome///integral component of membrane///membrane///plasma membrane	GO:0004930///GO:0004871	GO:0007186///GO:0007165	GO:0070062///GO:0016021///GO:0016020///GO:0005886
1453778_at	0.999939579044822	0.704866895785019	-0.390217406577324	-6.69340462174387	-0.0178545611851684	Selt	selenoprotein T	69227	3	selenium binding	cell redox homeostasis///glucose homeostasis///insulin secretion involved in cellular response to glucose stimulus///pancreas development///response to glucose	cell///endoplasmic reticulum	GO:0008430	GO:0045454///GO:0042593///GO:0035773///GO:0031016///GO:0009749	GO:0005623///GO:0005783
1424270_at	0.999939579044822	0.708941066378273	-0.384528299108225	-6.69576889410539	-0.0356792084187805	Dclk1	doublecortin-like kinase 1	13175	3 D	ATP binding///kinase activity///nucleotide binding///protein kinase activity///protein serine/threonine kinase activity///transferase activity///transferase activity, transferring phosphorus-containing groups	axon extension///axonogenesis///brain development///cell differentiation///central nervous system projection neuron axonogenesis///dendrite morphogenesis///forebrain development///intracellular signal transduction///multicellular organismal development///nervous system development///neuron migration///phosphorylation///protein phosphorylation		GO:0005524///GO:0016301///GO:0000166///GO:0004672///GO:0004674///GO:0016740///GO:0016772	GO:0048675///GO:0007409///GO:0007420///GO:0030154///GO:0021952///GO:0048813///GO:0030900///GO:0035556///GO:0007275///GO:0007399///GO:0001764///GO:0016310///GO:0006468	
1448069_at	0.999939579044822	0.724344423424323	0.363139151224499	-6.7043561666453	0.0153163515902559	Tm4sf1	transmembrane 4 superfamily member 1	17112	3			integral component of membrane///integral component of plasma membrane///membrane			GO:0016021///GO:0005887///GO:0016020
1452864_at	0.999939579044822	0.737934270494339	-0.344417644909746	-6.71148000525838	-0.00866256710953817	Med12l	mediator complex subunit 12-like	329650	3	RNA polymerase II transcription cofactor activity///beta-catenin binding///transcription factor binding	biological_process///regulation of transcription from RNA polymerase II promoter///regulation of transcription, DNA-templated///transcription, DNA-templated	mediator complex///nucleus	GO:0001104///GO:0008013///GO:0008134	GO:0008150///GO:0006357///GO:0006355///GO:0006351	GO:0016592///GO:0005634
1440315_at	0.999939579044822	0.750255449064707	-0.327557087411953	-6.71758086824162	-0.0204642441546334	Mbnl1	muscleblind-like 1 (Drosophila)	56758	3	RNA binding///double-stranded RNA binding///metal ion binding///poly(A) RNA binding	RNA splicing///alternative mRNA splicing, via spliceosome///alternative mRNA splicing, via spliceosome///mRNA processing///mRNA splice site selection///myoblast differentiation///regulation of RNA splicing///regulation of alternative mRNA splicing, via spliceosome///skeletal muscle tissue development	cytoplasm///cytoplasm///cytoplasmic stress granule///nucleus///nucleus	GO:0003723///GO:0003725///GO:0046872///GO:0044822	GO:0008380///GO:0000380///GO:0000380///GO:0006397///GO:0006376///GO:0045445///GO:0043484///GO:0000381///GO:0007519	GO:0005737///GO:0005737///GO:0010494///GO:0005634///GO:0005634
1433280_at	0.999939579044822	0.766647622485901	-0.305281283266622	-6.72518180243153	-0.0236733704151515	4933417G07Rik	SEC13 homolog pseudogene	71182	3						
1441163_at	0.999939579044822	0.79437025538791	-0.267975035946321	-6.73673425089648	-0.0125351071338082	Med12l	mediator complex subunit 12-like	329650	3	RNA polymerase II transcription cofactor activity///beta-catenin binding///transcription factor binding	biological_process///regulation of transcription from RNA polymerase II promoter///regulation of transcription, DNA-templated///transcription, DNA-templated	mediator complex///nucleus	GO:0001104///GO:0008013///GO:0008134	GO:0008150///GO:0006357///GO:0006355///GO:0006351	GO:0016592///GO:0005634
1458320_at	0.999939579044822	0.804628862373411	-0.254275941870473	-6.74060469952369	-0.0122582937157381	Erich6	glutamate rich 6	545527	3	molecular_function	biological_process	cellular_component	GO:0003674	GO:0008150	GO:0005575
1415828_a_at	0.999939579044822	0.805141896574689	-0.253592243356893	-6.74079262080489	-0.0377650203358684	Serp1	stress-associated endoplasmic reticulum protein 1	28146	3 28.58 cM		endoplasmic reticulum unfolded protein response///glucose metabolic process///multicellular organismal aging///muscle organ morphogenesis///positive regulation of growth hormone secretion///positive regulation of insulin secretion///positive regulation of organ growth///positive regulation of translation///post-embryonic development///protein glycosylation///protein transport///skeletal system development///transport	cytoplasmic microtubule///endoplasmic reticulum///integral component of membrane///membrane		GO:0030968///GO:0006006///GO:0010259///GO:0048644///GO:0060124///GO:0032024///GO:0046622///GO:0045727///GO:0009791///GO:0006486///GO:0015031///GO:0001501///GO:0006810	GO:0005881///GO:0005783///GO:0016021///GO:0016020
1424875_at	0.999939579044822	0.813496138820013	0.242476911923712	-6.74377771443103	0.0329593289625558	Spg20	spastic paraplegia 20, spartin (Troyer syndrome) homolog (human)	229285	3	protein binding	adipose tissue development///cytokinesis///lipid particle organization///negative regulation of BMP signaling pathway///negative regulation of collateral sprouting in absence of injury///negative regulation of collateral sprouting in absence of injury///neuromuscular process///regulation of mitochondrial membrane potential	cytoplasm///lipid particle///mitochondrial outer membrane///synapse	GO:0005515	GO:0060612///GO:0000910///GO:0034389///GO:0030514///GO:0048698///GO:0048698///GO:0050905///GO:0051881	GO:0005737///GO:0005811///GO:0005741///GO:0045202
1443178_at	0.999939579044822	0.817475055519662	-0.237194581368353	-6.74515000300928	-0.0110493311172082	Rnf13	ring finger protein 13	24017	3	UDP-N-acetylmuramoylalanyl-D-glutamyl-2,6-diaminopimelate-D-alanyl-D-alanine ligase activity///coenzyme F420-0 gamma-glutamyl ligase activity///coenzyme F420-2 alpha-glutamyl ligase activity///ligase activity///metal ion binding///protein-glutamic acid ligase activity///protein-glycine ligase activity///protein-glycine ligase activity, elongating///protein-glycine ligase activity, initiating///ribosomal S6-glutamic acid ligase activity///tubulin-glutamic acid ligase activity///tubulin-glycine ligase activity///ubiquitin-protein transferase activity///zinc ion binding	protein autoubiquitination	cytoplasm///endosome///integral component of membrane///late endosome membrane///lysosomal membrane///lysosomal membrane///lysosome///membrane///nucleus	GO:0008766///GO:0043773///GO:0043774///GO:0016874///GO:0046872///GO:0070739///GO:0070735///GO:0070737///GO:0070736///GO:0018169///GO:0070740///GO:0070738///GO:0004842///GO:0008270	GO:0051865	GO:0005737///GO:0005768///GO:0016021///GO:0031902///GO:0005765///GO:0005765///GO:0005764///GO:0016020///GO:0005634
1420364_at	0.999939579044822	0.836149758001125	0.212496404026405	-6.75116956455285	0.00953285146032345	Gpr87	G protein-coupled receptor 87	84111	3	G-protein coupled purinergic nucleotide receptor activity///G-protein coupled receptor activity///signal transducer activity	G-protein coupled receptor signaling pathway///negative regulation of adenylate cyclase activity///signal transduction	integral component of membrane///membrane///plasma membrane	GO:0045028///GO:0004930///GO:0004871	GO:0007186///GO:0007194///GO:0007165	GO:0016021///GO:0016020///GO:0005886
1448885_at	0.999939579044822	0.840927462466718	-0.206201125156354	-6.75259916078842	-0.00650912291666161	Rap2b	RAP2B, member of RAS oncogene family	74012	3	GDP binding///GTP binding///nucleotide binding///protein domain specific binding	GTP catabolic process///Rap protein signal transduction///negative regulation of cell migration///platelet activation///platelet aggregation///positive regulation of protein autophosphorylation///regulation of protein tyrosine kinase activity///signal transduction///small GTPase mediated signal transduction	cytosol///cytosol///endosome///extracellular vesicular exosome///membrane///membrane///membrane raft///plasma membrane///recycling endosome///recycling endosome membrane	GO:0019003///GO:0005525///GO:0000166///GO:0019904	GO:0006184///GO:0032486///GO:0030336///GO:0030168///GO:0070527///GO:0031954///GO:0061097///GO:0007165///GO:0007264	GO:0005829///GO:0005829///GO:0005768///GO:0070062///GO:0016020///GO:0016020///GO:0045121///GO:0005886///GO:0055037///GO:0055038
1435940_at	0.999939579044822	0.842483715438056	0.204152499825957	-6.75305519547071	0.00574959758924454	Dclk1	doublecortin-like kinase 1	13175	3 D	ATP binding///kinase activity///nucleotide binding///protein kinase activity///protein serine/threonine kinase activity///transferase activity///transferase activity, transferring phosphorus-containing groups	axon extension///axonogenesis///brain development///cell differentiation///central nervous system projection neuron axonogenesis///dendrite morphogenesis///forebrain development///intracellular signal transduction///multicellular organismal development///nervous system development///neuron migration///phosphorylation///protein phosphorylation		GO:0005524///GO:0016301///GO:0000166///GO:0004672///GO:0004674///GO:0016740///GO:0016772	GO:0048675///GO:0007409///GO:0007420///GO:0030154///GO:0021952///GO:0048813///GO:0030900///GO:0035556///GO:0007275///GO:0007399///GO:0001764///GO:0016310///GO:0006468	
1438439_at	0.999939579044822	0.846495499937285	-0.198875769874281	-6.75420903367438	-0.013210276624787	Gpr171	G protein-coupled receptor 171	229323	3	G-protein coupled receptor activity///molecular_function///signal transducer activity	G-protein coupled receptor signaling pathway///biological_process///signal transduction	integral component of membrane///membrane///plasma membrane	GO:0004930///GO:0003674///GO:0004871	GO:0007186///GO:0008150///GO:0007165	GO:0016021///GO:0016020///GO:0005886
1457157_at	0.999939579044822	0.855808915566075	-0.186648914027002	-6.7567674257832	-0.0122930894131303	Plch1	phospholipase C, eta 1	269437	3	calcium ion binding///calcium-dependent phospholipase C activity///hydrolase activity///metal ion binding///phosphatidylinositol phospholipase C activity///phosphoric diester hydrolase activity///signal transducer activity	intracellular signal transduction///lipid catabolic process///lipid metabolic process///phosphatidylinositol-mediated signaling///signal transduction	cytoplasm///cytosol///membrane	GO:0005509///GO:0050429///GO:0016787///GO:0046872///GO:0004435///GO:0008081///GO:0004871	GO:0035556///GO:0016042///GO:0006629///GO:0048015///GO:0007165	GO:0005737///GO:0005829///GO:0016020
1451917_a_at	0.999939579044822	0.871465057196146	0.16616308654116	-6.76069268850022	0.0137766034250268	Dclk1	doublecortin-like kinase 1	13175	3 D	ATP binding///kinase activity///nucleotide binding///protein kinase activity///protein serine/threonine kinase activity///transferase activity///transferase activity, transferring phosphorus-containing groups	axon extension///axonogenesis///brain development///cell differentiation///central nervous system projection neuron axonogenesis///dendrite morphogenesis///forebrain development///intracellular signal transduction///multicellular organismal development///nervous system development///neuron migration///phosphorylation///protein phosphorylation		GO:0005524///GO:0016301///GO:0000166///GO:0004672///GO:0004674///GO:0016740///GO:0016772	GO:0048675///GO:0007409///GO:0007420///GO:0030154///GO:0021952///GO:0048813///GO:0030900///GO:0035556///GO:0007275///GO:0007399///GO:0001764///GO:0016310///GO:0006468	
1431984_at	0.999939579044822	0.885637540757459	0.147684820074789	-6.76384441808958	0.0130640058574052	1700007F19Rik	RIKEN cDNA 1700007F19 gene	67850	3						
1438210_at	0.999939579044822	0.888118219411903	-0.144456377766459	-6.76435717074132	-0.0169832188999512	Gpr149	G protein-coupled receptor 149	229357	3	G-protein coupled receptor activity///molecular_function///signal transducer activity	G-protein coupled receptor signaling pathway///antral ovarian follicle growth///estrous cycle phase///negative regulation of ovulation///preantral ovarian follicle growth///signal transduction	cellular_component///integral component of membrane///membrane///plasma membrane	GO:0004930///GO:0003674///GO:0004871	GO:0007186///GO:0001547///GO:0060206///GO:0060280///GO:0001546///GO:0007165	GO:0005575///GO:0016021///GO:0016020///GO:0005886
1436444_at	0.999939579044822	0.896032003923785	-0.134167991439745	-6.76591591640936	-0.00670940224398064	Sertm1	serine rich and transmembrane domain containing 1	329641	3	molecular_function	biological_process	cellular_component///integral component of membrane///membrane	GO:0003674	GO:0008150	GO:0005575///GO:0016021///GO:0016020
1454099_at	0.999939579044822	0.919643618333566	0.103559509598389	-6.76987469624485	0.00514208719828835	4930593A02Rik	RIKEN cDNA 4930593A02 gene	71301	3	molecular_function	biological_process	cellular_component	GO:0003674	GO:0008150	GO:0005575
1441159_at	0.999939579044822	0.920493227553722	-0.102460314075213	-6.76999794858925	-0.00495463361977366	Med12l	mediator complex subunit 12-like	329650	3	RNA polymerase II transcription cofactor activity///beta-catenin binding///transcription factor binding	biological_process///regulation of transcription from RNA polymerase II promoter///regulation of transcription, DNA-templated///transcription, DNA-templated	mediator complex///nucleus	GO:0001104///GO:0008013///GO:0008134	GO:0008150///GO:0006357///GO:0006355///GO:0006351	GO:0016592///GO:0005634
1421715_at	0.999939579044822	0.938214594678367	-0.0795618783135334	-6.77226698592439	-0.00249443546292749	Vmn2r1	vomeronasal 2, receptor 1	56544	3	G-protein coupled receptor activity///signal transducer activity	G-protein coupled receptor signaling pathway///response to pheromone///signal transduction	cell cortex///dendrite///integral component of membrane///membrane///plasma membrane	GO:0004930///GO:0004871	GO:0007186///GO:0019236///GO:0007165	GO:0005938///GO:0030425///GO:0016021///GO:0016020///GO:0005886
1417915_at	0.999939579044822	0.957796066389863	-0.0543128069123238	-6.77410787494244	-0.00530418444453851	Rap2b	RAP2B, member of RAS oncogene family	74012	3	GDP binding///GTP binding///nucleotide binding///protein domain specific binding	GTP catabolic process///Rap protein signal transduction///negative regulation of cell migration///platelet activation///platelet aggregation///positive regulation of protein autophosphorylation///regulation of protein tyrosine kinase activity///signal transduction///small GTPase mediated signal transduction	cytosol///cytosol///endosome///extracellular vesicular exosome///membrane///membrane///membrane raft///plasma membrane///recycling endosome///recycling endosome membrane	GO:0019003///GO:0005525///GO:0000166///GO:0019904	GO:0006184///GO:0032486///GO:0030336///GO:0030168///GO:0070527///GO:0031954///GO:0061097///GO:0007165///GO:0007264	GO:0005829///GO:0005829///GO:0005768///GO:0070062///GO:0016020///GO:0016020///GO:0045121///GO:0005886///GO:0055037///GO:0055038
1442321_at	0.999939579044822	0.960978597516815	-0.0502132085749697	-6.77434129403356	-0.00278884693169346	Commd2	COMM domain containing 2	52245	3 27.94 cM	molecular_function	biological_process	cellular_component	GO:0003674	GO:0008150	GO:0005575
1439925_at	0.999939579044822	0.96194817839872	0.0489644251660935	-6.77440875990624	0.0108063788738297	Tm4sf1	transmembrane 4 superfamily member 1	17112	3			integral component of membrane///integral component of plasma membrane///membrane			GO:0016021///GO:0005887///GO:0016020
1457645_at	0.999939579044822	0.981578329521364	0.0236966836925352	-6.77540898206491	0.00511523954459125	C130079G13Rik	RIKEN cDNA C130079G13 gene	229333	3	molecular_function	biological_process	cellular_component	GO:0003674	GO:0008150	GO:0005575
1456265_at	0.999939579044822	0.988867029011816	-0.0143199387420149	-6.77560320643327	-0.000624103490647787	Lekr1	leucine, glutamate and lysine rich 1	624866	3	molecular_function	biological_process	cellular_component	GO:0003674	GO:0008150	GO:0005575
1442652_at	0.999939579044822	0.998357687017853	0.00211236995437057	-6.77571250603275	9.54090894156323e-05	Ankub1	ankrin repeat and ubiquitin domain containing 1	242037	3	molecular_function	biological_process	cellular_component	GO:0003674	GO:0008150	GO:0005575
1450863_a_at	0.999939579044822	0.998428287358635	-0.00202156249589878	-6.77571271057371	-0.00013721926545962	Dclk1	doublecortin-like kinase 1	13175	3 D	ATP binding///kinase activity///nucleotide binding///protein kinase activity///protein serine/threonine kinase activity///transferase activity///transferase activity, transferring phosphorus-containing groups	axon extension///axonogenesis///brain development///cell differentiation///central nervous system projection neuron axonogenesis///dendrite morphogenesis///forebrain development///intracellular signal transduction///multicellular organismal development///nervous system development///neuron migration///phosphorylation///protein phosphorylation		GO:0005524///GO:0016301///GO:0000166///GO:0004672///GO:0004674///GO:0016740///GO:0016772	GO:0048675///GO:0007409///GO:0007420///GO:0030154///GO:0021952///GO:0048813///GO:0030900///GO:0035556///GO:0007275///GO:0007399///GO:0001764///GO:0016310///GO:0006468	
