ID (num probes:12488)	adj.P.Val	P.Value	t	B	logFC	Gene.symbol	Gene.title	Gene.ID	Chromosome.location	GO.Function	GO.Process	GO.Component	GO.Function.ID	GO.Process.ID	GO.Component.ID
98779_at	1	0.00494514460514612	5.50186249003597	-3.74889868786227	1.73427650430292	Olfr91	olfactory receptor 91	258470	17	G-protein coupled receptor activity///olfactory receptor activity///signal transducer activity	G-protein coupled receptor signaling pathway///detection of chemical stimulus involved in sensory perception of smell///response to stimulus///sensory perception of smell///signal transduction	integral component of membrane///membrane///plasma membrane	GO:0004930///GO:0004984///GO:0004871	GO:0007186///GO:0050911///GO:0050896///GO:0007608///GO:0007165	GO:0016021///GO:0016020///GO:0005886
100542_at	1	0.0678721942248031	2.46354606033112	-4.15760653788197	1.27471671980873	Mep1a	meprin 1 alpha	17287	17 19.73 cM	hydrolase activity///metal ion binding///metalloendopeptidase activity///metallopeptidase activity///peptidase activity///zinc ion binding	proteolysis	extracellular vesicular exosome///integral component of membrane///membrane///meprin A complex	GO:0016787///GO:0046872///GO:0004222///GO:0008237///GO:0008233///GO:0008270	GO:0006508	GO:0070062///GO:0016021///GO:0016020///GO:0017090
94730_at	1	0.079471218731019	2.32045135827777	-4.19602196433686	0.69615871138938	Crisp3	cysteine-rich secretory protein 3	11572	17 19.45 cM			cytoplasmic vesicle///extracellular region			GO:0031410///GO:0005576
103437_at	1	0.0928349821140927	2.18211887446042	-4.23552221574552	0.843426891863011	Zfp57	zinc finger protein 57	22715	17	DNA binding///metal ion binding///nucleic acid binding///protein binding	DNA methylation involved in embryo development///DNA methylation involved in embryo development///multicellular organismal development///negative regulation of transcription from RNA polymerase II promoter///regulation of gene expression by genetic imprinting///regulation of gene expression by genetic imprinting///regulation of transcription, DNA-templated///transcription, DNA-templated	intracellular///nuclear heterochromatin///nucleus	GO:0003677///GO:0046872///GO:0003676///GO:0005515	GO:0043045///GO:0043045///GO:0007275///GO:0000122///GO:0006349///GO:0006349///GO:0006355///GO:0006351	GO:0005622///GO:0005720///GO:0005634
101388_at	1	0.0999593864269696	2.11713966092171	-4.25487665418606	1.88880378933178	Pgk2	phosphoglycerate kinase 2	18663	17 19.44 cM	ATP binding///kinase activity///nucleotide binding///phosphoglycerate kinase activity///phosphoglycerate kinase activity///transferase activity	glycolytic process///glycolytic process///phosphorylation///sperm motility	cilium///cytoplasm///extracellular vesicular exosome///nucleus///sperm fibrous sheath	GO:0005524///GO:0016301///GO:0000166///GO:0004618///GO:0004618///GO:0016740	GO:0006096///GO:0006096///GO:0016310///GO:0030317	GO:0005929///GO:0005737///GO:0070062///GO:0005634///GO:0035686
98903_at	1	0.132231650738022	1.87534165934864	-4.33123711893796	0.685498680868511	Mrpl14	mitochondrial ribosomal protein L14	68463	17	poly(A) RNA binding///structural constituent of ribosome	translation	mitochondrion///ribonucleoprotein complex///ribosome	GO:0044822///GO:0003735	GO:0006412	GO:0005739///GO:0030529///GO:0005840
161910_at	1	0.146830618201399	1.78620409138108	-4.3610022724095	1.19529222777715	Mrpl2	mitochondrial ribosomal protein L2	27398	17 C	poly(A) RNA binding///structural constituent of ribosome	translation	intracellular///mitochondrial large ribosomal subunit///mitochondrion///ribonucleoprotein complex///ribosome	GO:0044822///GO:0003735	GO:0006412	GO:0005622///GO:0005762///GO:0005739///GO:0030529///GO:0005840
96828_at	1	0.159899169815112	-1.71404862653293	-4.38566513881676	-0.695625367542204	Gnmt	glycine N-methyltransferase	14711	17 22.9 cM	folic acid binding///glycine N-methyltransferase activity///glycine N-methyltransferase activity///glycine binding///glycine binding///methyltransferase activity///transferase activity	S-adenosylmethionine metabolic process///S-adenosylmethionine metabolic process///glycogen metabolic process///methionine metabolic process///methylation///one-carbon metabolic process///protein homotetramerization///protein homotetramerization///regulation of gluconeogenesis	cytoplasm	GO:0005542///GO:0017174///GO:0017174///GO:0016594///GO:0016594///GO:0008168///GO:0016740	GO:0046500///GO:0046500///GO:0005977///GO:0006555///GO:0032259///GO:0006730///GO:0051289///GO:0051289///GO:0006111	GO:0005737
97236_r_at	1	0.173938800550815	-1.64312111039713	-4.4103547871232	-0.586233598002382	Apobec2	apolipoprotein B mRNA editing enzyme, catalytic polypeptide 2	11811	17 24.02 cM	2,5-diamino-6-ribitylamino-4(3H)-pyrimidinone 5'-phosphate deaminase activity///GTP cyclohydrolase activity///N-cyclopropylammelide alkylamino hydrolase activity///N-cyclopropylammeline deaminase activity///N-cyclopropylmelamine deaminase activity///archaeal-specific GTP cyclohydrolase activity///catalytic activity///hydrolase activity///hydrolase activity, acting on carbon-nitrogen (but not peptide) bonds, in cyclic amidines///metal ion binding///tRNA-specific adenosine deaminase activity///tRNA-specific adenosine-34 deaminase activity///tRNA-specific adenosine-37 deaminase activity///zinc ion binding	DNA demethylation///mRNA modification///mRNA processing		GO:0043723///GO:0003933///GO:0034549///GO:0034548///GO:0034547///GO:0044682///GO:0003824///GO:0016787///GO:0016814///GO:0046872///GO:0008251///GO:0052717///GO:0043829///GO:0008270	GO:0080111///GO:0016556///GO:0006397	
102169_at	1	0.194348638707247	1.54993861205858	-4.44337092087573	0.727987721945809	Olfr93	olfactory receptor 93	258051	17	G-protein coupled receptor activity///olfactory receptor activity///signal transducer activity	G-protein coupled receptor signaling pathway///detection of chemical stimulus involved in sensory perception of smell///response to stimulus///sensory perception of smell///signal transduction	integral component of membrane///membrane///plasma membrane	GO:0004930///GO:0004984///GO:0004871	GO:0007186///GO:0050911///GO:0050896///GO:0007608///GO:0007165	GO:0016021///GO:0016020///GO:0005886
104551_at	1	0.214447079582469	1.4674628188055	-4.47303157615583	0.501555347173686	Cul7	cullin 7	66515	17	protein binding///ubiquitin protein ligase binding	Golgi organization///apoptotic process///epithelial to mesenchymal transition///microtubule cytoskeleton organization///mitotic cytokinesis///placenta development///positive regulation of dendrite morphogenesis///protein ubiquitination///regulation of apoptotic process///regulation of endothelial cell differentiation///regulation of mitosis///ubiquitin-dependent protein catabolic process///vasculogenesis	3M complex///Cul7-RING ubiquitin ligase complex///Cul7-RING ubiquitin ligase complex///Golgi apparatus///centrosome///cullin-RING ubiquitin ligase complex///cytoplasm///cytoskeleton///intracellular///nucleus///perinuclear region of cytoplasm	GO:0005515///GO:0031625	GO:0007030///GO:0006915///GO:0001837///GO:0000226///GO:0000281///GO:0001890///GO:0050775///GO:0016567///GO:0042981///GO:0045601///GO:0007088///GO:0006511///GO:0001570	GO:1990393///GO:0031467///GO:0031467///GO:0005794///GO:0005813///GO:0031461///GO:0005737///GO:0005856///GO:0005622///GO:0005634///GO:0048471
97251_at	1	0.224054044884299	1.43074939316078	-4.48633356027864	0.428354173664842	Mrps10	mitochondrial ribosomal protein S10	64657	17	structural constituent of ribosome	biological_process///translation	mitochondrial small ribosomal subunit///mitochondrion///ribonucleoprotein complex///ribosome	GO:0003735	GO:0008150///GO:0006412	GO:0005763///GO:0005739///GO:0030529///GO:0005840
160545_at	1	0.247710563071296	1.34660673707206	-4.51696356719448	0.515793253010536	Ccnd3	cyclin D3	12445	17 23.37 cM	cyclin-dependent protein serine/threonine kinase activity///protein binding///protein kinase binding	T cell proliferation///cell cycle///cell division///hyaluronan biosynthetic process///positive regulation of cell proliferation///positive regulation of cyclin-dependent protein serine/threonine kinase activity///positive regulation of protein phosphorylation///protein phosphorylation///regulation of cell cycle///regulation of cyclin-dependent protein serine/threonine kinase activity///response to peptide hormone///signal transduction	cyclin-dependent protein kinase holoenzyme complex///cytoplasm///membrane///nucleus	GO:0004693///GO:0005515///GO:0019901	GO:0042098///GO:0007049///GO:0051301///GO:0030213///GO:0008284///GO:0045737///GO:0001934///GO:0006468///GO:0051726///GO:0000079///GO:0043434///GO:0007165	GO:0000307///GO:0005737///GO:0016020///GO:0005634
160227_s_at	1	0.280863525226178	-1.24098278438935	-4.55547982179317	-0.60582501614858	Bysl	bystin-like	53414	17 23.63 cM	poly(A) RNA binding	blastocyst formation///cell adhesion///cell proliferation///in utero embryonic development///maturation of SSU-rRNA from tricistronic rRNA transcript (SSU-rRNA, 5.8S rRNA, LSU-rRNA)///ribosome biogenesis///trophectodermal cell differentiation	apical part of cell///cell projection///cytoplasm///cytoplasm///cytoplasmic microtubule///intracellular membrane-bounded organelle///membrane///nucleolus///nucleolus///nucleus///perinuclear region of cytoplasm	GO:0044822	GO:0001825///GO:0007155///GO:0008283///GO:0001701///GO:0000462///GO:0042254///GO:0001829	GO:0045177///GO:0042995///GO:0005737///GO:0005737///GO:0005881///GO:0043231///GO:0016020///GO:0005730///GO:0005730///GO:0005634///GO:0048471
92677_s_at	1	0.287284219638329	-1.22191119795002	-4.56241616755426	-0.69214005185667	Runx2	runt related transcription factor 2	12393	17 21.33 cM	ATP binding///DNA binding///DNA binding///RNA polymerase II core promoter proximal region sequence-specific DNA binding///RNA polymerase II core promoter proximal region sequence-specific DNA binding transcription factor activity involved in positive regulation of transcription///RNA polymerase II core promoter sequence-specific DNA binding///bHLH transcription factor binding///chromatin binding///protein binding///protein domain specific binding///repressing transcription factor binding///sequence-specific DNA binding transcription factor activity///sequence-specific DNA binding transcription factor activity///transcription factor binding///transcription regulatory region DNA binding	BMP signaling pathway///T cell differentiation///cell maturation///cell maturation///cellular response to BMP stimulus///chondrocyte development///chondrocyte differentiation///chondrocyte differentiation///embryonic cranial skeleton morphogenesis///embryonic forelimb morphogenesis///endochondral ossification///negative regulation of smoothened signaling pathway///negative regulation of transcription, DNA-templated///negative regulation of transcription, DNA-templated///odontogenesis of dentin-containing tooth///osteoblast development///osteoblast differentiation///osteoblast differentiation///osteoblast fate commitment///positive regulation of cell proliferation///positive regulation of cell proliferation///positive regulation of chondrocyte differentiation///positive regulation of gene expression///positive regulation of ossification///positive regulation of osteoblast differentiation///positive regulation of osteoblast differentiation///positive regulation of transcription from RNA polymerase II promoter///positive regulation of transcription from RNA polymerase II promoter///positive regulation of transcription from RNA polymerase II promoter involved in cellular response to chemical stimulus///positive regulation of transcription, DNA-templated///positive regulation of transcription, DNA-templated///regulation of fibroblast growth factor receptor signaling pathway///regulation of odontogenesis of dentin-containing tooth///regulation of ossification///regulation of osteoblast differentiation///regulation of transcription, DNA-templated///skeletal system development///skeletal system morphogenesis///stem cell differentiation///transcription from RNA polymerase II promoter///transcription, DNA-templated	cytoplasm///nuclear chromatin///nucleus///nucleus///transcription factor complex	GO:0005524///GO:0003677///GO:0003677///GO:0000978///GO:0001077///GO:0000979///GO:0043425///GO:0003682///GO:0005515///GO:0019904///GO:0070491///GO:0003700///GO:0003700///GO:0008134///GO:0044212	GO:0030509///GO:0030217///GO:0048469///GO:0048469///GO:0071773///GO:0002063///GO:0002062///GO:0002062///GO:0048701///GO:0035115///GO:0001958///GO:0045879///GO:0045892///GO:0045892///GO:0042475///GO:0002076///GO:0001649///GO:0001649///GO:0002051///GO:0008284///GO:0008284///GO:0032332///GO:0010628///GO:0045778///GO:0045669///GO:0045669///GO:0045944///GO:0045944///GO:1901522///GO:0045893///GO:0045893///GO:0040036///GO:0042487///GO:0030278///GO:0045667///GO:0006355///GO:0001501///GO:0048705///GO:0048863///GO:0006366///GO:0006351	GO:0005737///GO:0000790///GO:0005634///GO:0005634///GO:0005667
94750_at	1	0.29104013072103	1.21094011570091	-4.56640128925964	0.525765150320041	Dazl	deleted in azoospermia-like	13164	17 25.86 cM	RNA binding///identical protein binding///mRNA 3'-UTR binding///nucleic acid binding///nucleotide binding///protein binding///translation activator activity	cell differentiation///female meiosis II///germ cell development///multicellular organismal development///oocyte maturation///oogenesis///positive regulation of meiosis///positive regulation of translational initiation///regulation of translation///spermatogenesis	cytoplasm///polysome	GO:0003723///GO:0042802///GO:0003730///GO:0003676///GO:0000166///GO:0005515///GO:0008494	GO:0030154///GO:0007147///GO:0007281///GO:0007275///GO:0001556///GO:0048477///GO:0045836///GO:0045948///GO:0006417///GO:0007283	GO:0005737///GO:0005844
161378_r_at	1	0.305966942820125	-1.16860741910124	-4.58173360763356	-0.344722631853551	Runx2	runt related transcription factor 2	12393	17 21.33 cM	ATP binding///DNA binding///DNA binding///RNA polymerase II core promoter proximal region sequence-specific DNA binding///RNA polymerase II core promoter proximal region sequence-specific DNA binding transcription factor activity involved in positive regulation of transcription///RNA polymerase II core promoter sequence-specific DNA binding///bHLH transcription factor binding///chromatin binding///protein binding///protein domain specific binding///repressing transcription factor binding///sequence-specific DNA binding transcription factor activity///sequence-specific DNA binding transcription factor activity///transcription factor binding///transcription regulatory region DNA binding	BMP signaling pathway///T cell differentiation///cell maturation///cell maturation///cellular response to BMP stimulus///chondrocyte development///chondrocyte differentiation///chondrocyte differentiation///embryonic cranial skeleton morphogenesis///embryonic forelimb morphogenesis///endochondral ossification///negative regulation of smoothened signaling pathway///negative regulation of transcription, DNA-templated///negative regulation of transcription, DNA-templated///odontogenesis of dentin-containing tooth///osteoblast development///osteoblast differentiation///osteoblast differentiation///osteoblast fate commitment///positive regulation of cell proliferation///positive regulation of cell proliferation///positive regulation of chondrocyte differentiation///positive regulation of gene expression///positive regulation of ossification///positive regulation of osteoblast differentiation///positive regulation of osteoblast differentiation///positive regulation of transcription from RNA polymerase II promoter///positive regulation of transcription from RNA polymerase II promoter///positive regulation of transcription from RNA polymerase II promoter involved in cellular response to chemical stimulus///positive regulation of transcription, DNA-templated///positive regulation of transcription, DNA-templated///regulation of fibroblast growth factor receptor signaling pathway///regulation of odontogenesis of dentin-containing tooth///regulation of ossification///regulation of osteoblast differentiation///regulation of transcription, DNA-templated///skeletal system development///skeletal system morphogenesis///stem cell differentiation///transcription from RNA polymerase II promoter///transcription, DNA-templated	cytoplasm///nuclear chromatin///nucleus///nucleus///transcription factor complex	GO:0005524///GO:0003677///GO:0003677///GO:0000978///GO:0001077///GO:0000979///GO:0043425///GO:0003682///GO:0005515///GO:0019904///GO:0070491///GO:0003700///GO:0003700///GO:0008134///GO:0044212	GO:0030509///GO:0030217///GO:0048469///GO:0048469///GO:0071773///GO:0002063///GO:0002062///GO:0002062///GO:0048701///GO:0035115///GO:0001958///GO:0045879///GO:0045892///GO:0045892///GO:0042475///GO:0002076///GO:0001649///GO:0001649///GO:0002051///GO:0008284///GO:0008284///GO:0032332///GO:0010628///GO:0045778///GO:0045669///GO:0045669///GO:0045944///GO:0045944///GO:1901522///GO:0045893///GO:0045893///GO:0040036///GO:0042487///GO:0030278///GO:0045667///GO:0006355///GO:0001501///GO:0048705///GO:0048863///GO:0006366///GO:0006351	GO:0005737///GO:0000790///GO:0005634///GO:0005634///GO:0005667
100432_f_at	1	0.314478573253137	-1.14531740945376	-4.59013145727215	-0.3464341148933	Mdfi	MyoD family inhibitor	17240	17 23.99 cM	protein binding///transcription factor binding	activation of JUN kinase activity///cell differentiation///dorsal/ventral axis specification///embryonic skeletal system morphogenesis///multicellular organismal development///negative regulation of DNA binding///negative regulation of Wnt signaling pathway///negative regulation of transcription from RNA polymerase II promoter///regulation of Wnt signaling pathway///trophoblast giant cell differentiation	cytoplasm///nucleus	GO:0005515///GO:0008134	GO:0007257///GO:0030154///GO:0009950///GO:0048704///GO:0007275///GO:0043392///GO:0030178///GO:0000122///GO:0030111///GO:0060707	GO:0005737///GO:0005634
92825_at	1	0.330171393574586	1.10385076573282	-4.60499899235047	0.84402799684263	Crisp2	cysteine-rich secretory protein 2	22024	17 19.54 cM		single organismal cell-cell adhesion	extracellular region		GO:0016337	GO:0005576
102583_at	1	0.33084267764313	-1.10211717538057	-4.60561787190894	-0.427849656948151	Olfr138	olfactory receptor 138	170648	17	G-protein coupled receptor activity///olfactory receptor activity///signal transducer activity	G-protein coupled receptor signaling pathway///detection of chemical stimulus involved in sensory perception of smell///response to stimulus///sensory perception of smell///signal transduction	integral component of membrane///membrane///plasma membrane	GO:0004930///GO:0004984///GO:0004871	GO:0007186///GO:0050911///GO:0050896///GO:0007608///GO:0007165	GO:0016021///GO:0016020///GO:0005886
94327_at	1	0.338064983832548	-1.08366337163052	-4.61219082621521	-0.336484844813548	Mrps18a	mitochondrial ribosomal protein S18A	68565	17	molecular_function///structural constituent of ribosome	biological_process///translation	intracellular///mitochondrial small ribosomal subunit///mitochondrion///ribonucleoprotein complex///ribosome	GO:0003674///GO:0003735	GO:0008150///GO:0006412	GO:0005622///GO:0005763///GO:0005739///GO:0030529///GO:0005840
160357_at	1	0.37332723825887	-0.998304899076083	-4.64217302383087	-0.456172058035446	Dazl	deleted in azoospermia-like	13164	17 25.86 cM	RNA binding///identical protein binding///mRNA 3'-UTR binding///nucleic acid binding///nucleotide binding///protein binding///translation activator activity	cell differentiation///female meiosis II///germ cell development///multicellular organismal development///oocyte maturation///oogenesis///positive regulation of meiosis///positive regulation of translational initiation///regulation of translation///spermatogenesis	cytoplasm///polysome	GO:0003723///GO:0042802///GO:0003730///GO:0003676///GO:0000166///GO:0005515///GO:0008494	GO:0030154///GO:0007147///GO:0007281///GO:0007275///GO:0001556///GO:0048477///GO:0045836///GO:0045948///GO:0006417///GO:0007283	GO:0005737///GO:0005844
103514_at	1	0.374822928648986	-0.994842812748613	-4.64337207438568	-0.390514547730232	Tnfrsf21	tumor necrosis factor receptor superfamily, member 21	94185	17 C		B cell apoptotic process///T cell receptor signaling pathway///adaptive immune response///apoptotic process///cellular response to tumor necrosis factor///humoral immune response///immune system process///myelination///negative regulation of B cell proliferation///negative regulation of T cell proliferation///negative regulation of interleukin-10 secretion///negative regulation of interleukin-13 secretion///negative regulation of interleukin-5 secretion///negative regulation of myelination///neuron apoptotic process///oligodendrocyte apoptotic process///regulation of oligodendrocyte differentiation///signal transduction	axon///integral component of membrane///integral component of plasma membrane///intrinsic component of plasma membrane///membrane///plasma membrane		GO:0001783///GO:0050852///GO:0002250///GO:0006915///GO:0071356///GO:0006959///GO:0002376///GO:0042552///GO:0030889///GO:0042130///GO:2001180///GO:2000666///GO:2000663///GO:0031642///GO:0051402///GO:0097252///GO:0048713///GO:0007165	GO:0030424///GO:0016021///GO:0005887///GO:0031226///GO:0016020///GO:0005886
93122_at	1	0.376276495857008	-0.991489639202527	-4.64453198369538	-1.24469242036946	Crisp1	cysteine-rich secretory protein 1	11571	17 19.47 cM			cytoplasmic vesicle///extracellular region			GO:0031410///GO:0005576
161761_r_at	1	0.376814087220542	0.990252321244658	-4.64495963260335	0.875385696845618	Hsp90ab1	heat shock protein 90 alpha (cytosolic), class B member 1	15516	17 22.59 cM	ATP binding///CTP binding///GTP binding///MHC class II protein complex binding///UTP binding///dATP binding///double-stranded RNA binding///ion channel binding///nucleotide binding///poly(A) RNA binding///protein binding///protein kinase binding///sulfonylurea receptor binding///unfolded protein binding	cellular response to interleukin-4///negative regulation of neuron apoptotic process///placenta development///positive regulation of cell size///positive regulation of protein binding///positive regulation of protein import into nucleus, translocation///positive regulation of protein serine/threonine kinase activity///protein folding///response to stress	colocalizes_with COP9 signalosome///apical plasma membrane///basolateral plasma membrane///brush border membrane///cell surface///cytoplasm///cytoplasm///cytosol///extracellular vesicular exosome///inclusion body///intracellular///membrane///mitochondrion///mitochondrion	GO:0005524///GO:0002135///GO:0005525///GO:0023026///GO:0002134///GO:0032564///GO:0003725///GO:0044325///GO:0000166///GO:0044822///GO:0005515///GO:0019901///GO:0017098///GO:0051082	GO:0071353///GO:0043524///GO:0001890///GO:0045793///GO:0032092///GO:0033160///GO:0071902///GO:0006457///GO:0006950	colocalizes_with GO:0008180///GO:0016324///GO:0016323///GO:0031526///GO:0009986///GO:0005737///GO:0005737///GO:0005829///GO:0070062///GO:0016234///GO:0005622///GO:0016020///GO:0005739///GO:0005739
101299_at	1	0.378983459428775	0.985274695663844	-4.64667806350842	0.678463457107053	H2-M1	histocompatibility 2, M region locus 1	224756	17 19.16 cM	peptide antigen binding///receptor binding	antigen processing and presentation of peptide antigen via MHC class I	integral component of membrane///membrane///plasma membrane	GO:0042605///GO:0005102	GO:0002474	GO:0016021///GO:0016020///GO:0005886
101727_at	1	0.40009433756752	0.938065407419529	-4.66280961419714	0.53084616120312	Nfkbie	nuclear factor of kappa light polypeptide gene enhancer in B cells inhibitor, epsilon	18037	17 C	protein binding	D-serine transport///negative regulation of transcription, DNA-templated	Golgi apparatus///cytoplasm///perinuclear region of cytoplasm	GO:0005515	GO:0042942///GO:0045892	GO:0005794///GO:0005737///GO:0048471
92676_at	1	0.40559361146842	-0.926113893181855	-4.6668421562759	-0.420666826072374	Runx2	runt related transcription factor 2	12393	17 21.33 cM	ATP binding///DNA binding///DNA binding///RNA polymerase II core promoter proximal region sequence-specific DNA binding///RNA polymerase II core promoter proximal region sequence-specific DNA binding transcription factor activity involved in positive regulation of transcription///RNA polymerase II core promoter sequence-specific DNA binding///bHLH transcription factor binding///chromatin binding///protein binding///protein domain specific binding///repressing transcription factor binding///sequence-specific DNA binding transcription factor activity///sequence-specific DNA binding transcription factor activity///transcription factor binding///transcription regulatory region DNA binding	BMP signaling pathway///T cell differentiation///cell maturation///cell maturation///cellular response to BMP stimulus///chondrocyte development///chondrocyte differentiation///chondrocyte differentiation///embryonic cranial skeleton morphogenesis///embryonic forelimb morphogenesis///endochondral ossification///negative regulation of smoothened signaling pathway///negative regulation of transcription, DNA-templated///negative regulation of transcription, DNA-templated///odontogenesis of dentin-containing tooth///osteoblast development///osteoblast differentiation///osteoblast differentiation///osteoblast fate commitment///positive regulation of cell proliferation///positive regulation of cell proliferation///positive regulation of chondrocyte differentiation///positive regulation of gene expression///positive regulation of ossification///positive regulation of osteoblast differentiation///positive regulation of osteoblast differentiation///positive regulation of transcription from RNA polymerase II promoter///positive regulation of transcription from RNA polymerase II promoter///positive regulation of transcription from RNA polymerase II promoter involved in cellular response to chemical stimulus///positive regulation of transcription, DNA-templated///positive regulation of transcription, DNA-templated///regulation of fibroblast growth factor receptor signaling pathway///regulation of odontogenesis of dentin-containing tooth///regulation of ossification///regulation of osteoblast differentiation///regulation of transcription, DNA-templated///skeletal system development///skeletal system morphogenesis///stem cell differentiation///transcription from RNA polymerase II promoter///transcription, DNA-templated	cytoplasm///nuclear chromatin///nucleus///nucleus///transcription factor complex	GO:0005524///GO:0003677///GO:0003677///GO:0000978///GO:0001077///GO:0000979///GO:0043425///GO:0003682///GO:0005515///GO:0019904///GO:0070491///GO:0003700///GO:0003700///GO:0008134///GO:0044212	GO:0030509///GO:0030217///GO:0048469///GO:0048469///GO:0071773///GO:0002063///GO:0002062///GO:0002062///GO:0048701///GO:0035115///GO:0001958///GO:0045879///GO:0045892///GO:0045892///GO:0042475///GO:0002076///GO:0001649///GO:0001649///GO:0002051///GO:0008284///GO:0008284///GO:0032332///GO:0010628///GO:0045778///GO:0045669///GO:0045669///GO:0045944///GO:0045944///GO:1901522///GO:0045893///GO:0045893///GO:0040036///GO:0042487///GO:0030278///GO:0045667///GO:0006355///GO:0001501///GO:0048705///GO:0048863///GO:0006366///GO:0006351	GO:0005737///GO:0000790///GO:0005634///GO:0005634///GO:0005667
96146_at	1	0.411966481233485	-0.912431840657088	-4.67143112738759	-0.406737225998203	Gm7334///Btg3	B-cell translocation gene 3 pseudogene///B cell translocation gene 3	654432///12228	17///16	protein binding	negative regulation of mitotic cell cycle	cytoplasm	GO:0005515	GO:0045930	GO:0005737
95733_at	1	0.41833006271973	0.898943709500041	-4.67592521035435	0.297166511781108	Slc29a1	solute carrier family 29 (nucleoside transporters), member 1	63959	17 C	nucleoside transmembrane transporter activity///nucleoside transmembrane transporter activity	nucleoside transmembrane transport///nucleoside transmembrane transport///nucleoside transport///nucleoside transport///regulation of excitatory postsynaptic membrane potential///sleep///transport///uridine transport	apical plasma membrane///basolateral plasma membrane///integral component of membrane///integral component of plasma membrane///membrane///plasma membrane	GO:0005337///GO:0005337	GO:1901642///GO:1901642///GO:0015858///GO:0015858///GO:0060079///GO:0030431///GO:0006810///GO:0015862	GO:0016324///GO:0016323///GO:0016021///GO:0005887///GO:0016020///GO:0005886
102730_at	1	0.420962306427516	0.893413856105376	-4.67775884984282	0.26638124461223	H2-M3	histocompatibility 2, M region locus 3	14991	17 19.16 cM	peptide antigen binding///peptide antigen binding///receptor binding///receptor binding	alpha-beta T cell activation involved in immune response///antigen processing and presentation of endogenous peptide antigen via MHC class Ib///antigen processing and presentation of exogenous peptide antigen via MHC class Ib///antigen processing and presentation of exogenous protein antigen via MHC class Ib, TAP-dependent///antigen processing and presentation of peptide antigen via MHC class I///defense response to bacterium///defense response to bacterium///immune response-inhibiting cell surface receptor signaling pathway///negative regulation of T cell proliferation///negative regulation of dendritic cell differentiation///positive regulation of T cell mediated cytotoxicity///positive regulation of T cell mediated cytotoxicity///positive regulation of T cell tolerance induction///positive regulation of interferon-gamma production///positive regulation of interleukin-12 production///positive regulation of natural killer cell mediated cytotoxicity///positive regulation of nitric oxide biosynthetic process///positive regulation of regulatory T cell differentiation///response to molecule of bacterial origin	MHC class Ib protein complex///external side of plasma membrane///integral component of membrane///membrane	GO:0042605///GO:0042605///GO:0005102///GO:0005102	GO:0002287///GO:0002476///GO:0002477///GO:0002481///GO:0002474///GO:0042742///GO:0042742///GO:0002767///GO:0042130///GO:2001199///GO:0001916///GO:0001916///GO:0002666///GO:0032729///GO:0032735///GO:0045954///GO:0045429///GO:0045591///GO:0002237	GO:0032398///GO:0009897///GO:0016021///GO:0016020
102692_s_at	1	0.421997227199084	0.891247453698941	-4.67847577525511	0.719185001554734	H2-T3///H2-T18///H2-D1	histocompatibility 2, T region locus 3///histocompatibility 2, T region locus 18///histocompatibility 2, D region locus 1	15043///15033///14964	17 18.99 cM//////17 18.61 cM	peptide antigen binding///receptor binding///protein binding///T cell receptor binding///TAP binding///beta-2-microglobulin binding///peptide antigen binding///peptide antigen binding///peptide binding///poly(A) RNA binding///protein binding///protein heterodimerization activity///receptor binding///receptor binding	antigen processing and presentation of peptide antigen via MHC class I///protein homotetramerization///antigen processing and presentation///antigen processing and presentation of endogenous peptide antigen via MHC class I via ER pathway, TAP-dependent///antigen processing and presentation of peptide antigen via MHC class I///immune response///immune system process///positive regulation of T cell mediated cytotoxicity	integral component of membrane///membrane///plasma membrane///integral component of membrane///membrane///Golgi apparatus///Golgi medial cisterna///MHC class I protein complex///cell surface///endoplasmic reticulum///endoplasmic reticulum exit site///external side of plasma membrane///extracellular vesicular exosome///integral component of membrane///membrane///plasma membrane	GO:0042605///GO:0005102///GO:0005515///GO:0042608///GO:0046977///GO:0030881///GO:0042605///GO:0042605///GO:0042277///GO:0044822///GO:0005515///GO:0046982///GO:0005102///GO:0005102	GO:0002474///GO:0051289///GO:0019882///GO:0002485///GO:0002474///GO:0006955///GO:0002376///GO:0001916	GO:0016021///GO:0016020///GO:0005886///GO:0016021///GO:0016020///GO:0005794///GO:0005797///GO:0042612///GO:0009986///GO:0005783///GO:0070971///GO:0009897///GO:0070062///GO:0016021///GO:0016020///GO:0005886
161687_r_at	1	0.435490648494403	0.863390894744823	-4.68762016834076	0.493718520769315	Slc29a1	solute carrier family 29 (nucleoside transporters), member 1	63959	17 C	nucleoside transmembrane transporter activity///nucleoside transmembrane transporter activity	nucleoside transmembrane transport///nucleoside transmembrane transport///nucleoside transport///nucleoside transport///regulation of excitatory postsynaptic membrane potential///sleep///transport///uridine transport	apical plasma membrane///basolateral plasma membrane///integral component of membrane///integral component of plasma membrane///membrane///plasma membrane	GO:0005337///GO:0005337	GO:1901642///GO:1901642///GO:0015858///GO:0015858///GO:0060079///GO:0030431///GO:0006810///GO:0015862	GO:0016324///GO:0016323///GO:0016021///GO:0005887///GO:0016020///GO:0005886
160426_at	1	0.439181779189246	0.855892614499935	-4.69005729199372	0.250386115020511	Polr1c	polymerase (RNA) I polypeptide C	20016	17	DNA binding///DNA-directed RNA polymerase activity///contributes_to RNA polymerase I activity///contributes_to RNA polymerase III activity///protein dimerization activity	biological_process///transcription, DNA-templated	DNA-directed RNA polymerase I complex///DNA-directed RNA polymerase I complex///DNA-directed RNA polymerase III complex///DNA-directed RNA polymerase III complex///nucleus	GO:0003677///GO:0003899///contributes_to GO:0001054///contributes_to GO:0001056///GO:0046983	GO:0008150///GO:0006351	GO:0005736///GO:0005736///GO:0005666///GO:0005666///GO:0005634
102168_at	1	0.441550439309684	0.851107476260487	-4.69160699390091	0.570240611774915	Olfr92	olfactory receptor 92	258448	17	G-protein coupled receptor activity///olfactory receptor activity///signal transducer activity	G-protein coupled receptor signaling pathway///detection of chemical stimulus involved in sensory perception of smell///response to stimulus///sensory perception of smell///signal transduction	integral component of membrane///membrane///plasma membrane	GO:0004930///GO:0004984///GO:0004871	GO:0007186///GO:0050911///GO:0050896///GO:0007608///GO:0007165	GO:0016021///GO:0016020///GO:0005886
92715_at	1	0.447206227993823	-0.839764211918445	-4.69526285454206	-0.429417663990504	Ubd	ubiquitin D	24108	17 B3	proteasome binding///protein binding	aggresome assembly///myeloid dendritic cell differentiation///positive regulation of I-kappaB kinase/NF-kappaB signaling///positive regulation of I-kappaB kinase/NF-kappaB signaling///positive regulation of apoptotic process///positive regulation of apoptotic process///protein modification by small protein conjugation///protein ubiquitination///protein ubiquitination///ubiquitin-dependent protein catabolic process///ubiquitin-dependent protein catabolic process	aggresome///cytoplasm///nucleus///nucleus	GO:0070628///GO:0005515	GO:0070842///GO:0043011///GO:0043123///GO:0043123///GO:0043065///GO:0043065///GO:0032446///GO:0016567///GO:0016567///GO:0006511///GO:0006511	GO:0016235///GO:0005737///GO:0005634///GO:0005634
98462_s_at	1	0.4722091150549	0.790934656223431	-4.71069959754797	0.666098215170594	Klc4	kinesin light chain 4	74764	17	microtubule motor activity///molecular_function	biological_process	cellular_component///cytoplasm///cytoskeleton///kinesin complex///microtubule	GO:0003777///GO:0003674	GO:0008150	GO:0005575///GO:0005737///GO:0005856///GO:0005871///GO:0005874
103987_at	1	0.500712557451078	-0.737639401129566	-4.72693944653537	-0.905328772365223	Mog	myelin oligodendrocyte glycoprotein	17441	17 19.16 cM		cell adhesion///positive regulation of MyD88-dependent toll-like receptor signaling pathway	integral component of membrane///membrane		GO:0007155///GO:0034126	GO:0016021///GO:0016020
98461_at	1	0.506709462861827	0.726717607345457	-4.73018237682135	0.252917950392598	Klc4	kinesin light chain 4	74764	17	microtubule motor activity///molecular_function	biological_process	cellular_component///cytoplasm///cytoskeleton///kinesin complex///microtubule	GO:0003777///GO:0003674	GO:0008150	GO:0005575///GO:0005737///GO:0005856///GO:0005871///GO:0005874
101923_at	1	0.529991508929137	-0.685188788926511	-4.74222950204573	-0.270078833189955	Pla2g7	phospholipase A2, group VII (platelet-activating factor acetylhydrolase, plasma)	27226	17 C	1-alkyl-2-acetylglycerophosphocholine esterase activity///calcium-independent phospholipase A2 activity///hydrolase activity///phospholipid binding	inflammatory response///lipid catabolic process///lipid metabolic process///lipid oxidation///low-density lipoprotein particle remodeling///plasma lipoprotein particle oxidation///positive regulation of monocyte chemotaxis	cytoplasm///extracellular region///extracellular space///low-density lipoprotein particle	GO:0003847///GO:0047499///GO:0016787///GO:0005543	GO:0006954///GO:0016042///GO:0006629///GO:0034440///GO:0034374///GO:0034441///GO:0090026	GO:0005737///GO:0005576///GO:0005615///GO:0034362
102731_g_at	1	0.536328455142318	-0.674112627561157	-4.74536357709716	-0.379426966885932	H2-M3	histocompatibility 2, M region locus 3	14991	17 19.16 cM	peptide antigen binding///peptide antigen binding///receptor binding///receptor binding	alpha-beta T cell activation involved in immune response///antigen processing and presentation of endogenous peptide antigen via MHC class Ib///antigen processing and presentation of exogenous peptide antigen via MHC class Ib///antigen processing and presentation of exogenous protein antigen via MHC class Ib, TAP-dependent///antigen processing and presentation of peptide antigen via MHC class I///defense response to bacterium///defense response to bacterium///immune response-inhibiting cell surface receptor signaling pathway///negative regulation of T cell proliferation///negative regulation of dendritic cell differentiation///positive regulation of T cell mediated cytotoxicity///positive regulation of T cell mediated cytotoxicity///positive regulation of T cell tolerance induction///positive regulation of interferon-gamma production///positive regulation of interleukin-12 production///positive regulation of natural killer cell mediated cytotoxicity///positive regulation of nitric oxide biosynthetic process///positive regulation of regulatory T cell differentiation///response to molecule of bacterial origin	MHC class Ib protein complex///external side of plasma membrane///integral component of membrane///membrane	GO:0042605///GO:0042605///GO:0005102///GO:0005102	GO:0002287///GO:0002476///GO:0002477///GO:0002481///GO:0002474///GO:0042742///GO:0042742///GO:0002767///GO:0042130///GO:2001199///GO:0001916///GO:0001916///GO:0002666///GO:0032729///GO:0032735///GO:0045954///GO:0045429///GO:0045591///GO:0002237	GO:0032398///GO:0009897///GO:0016021///GO:0016020
162454_f_at	1	0.537808506663476	0.671539019288923	-4.74608686996879	0.745554992090859	Crisp2	cysteine-rich secretory protein 2	22024	17 19.54 cM		single organismal cell-cell adhesion	extracellular region		GO:0016337	GO:0005576
102170_at	1	0.544051869755707	-0.660737009506857	-4.74910213101302	-0.21259187158113	Olfr94	olfactory receptor 94	258219	17	G-protein coupled receptor activity///olfactory receptor activity///signal transducer activity	G-protein coupled receptor signaling pathway///detection of chemical stimulus involved in sensory perception of smell///sensory perception of smell///signal transduction	integral component of membrane///membrane	GO:0004930///GO:0004984///GO:0004871	GO:0007186///GO:0050911///GO:0007608///GO:0007165	GO:0016021///GO:0016020
95067_at	1	0.556583852058631	0.639311697214255	-4.75498249889272	0.186913346822761	Mrpl2	mitochondrial ribosomal protein L2	27398	17 C	poly(A) RNA binding///structural constituent of ribosome	translation	intracellular///mitochondrial large ribosomal subunit///mitochondrion///ribonucleoprotein complex///ribosome	GO:0044822///GO:0003735	GO:0006412	GO:0005622///GO:0005762///GO:0005739///GO:0030529///GO:0005840
100303_at	1	0.556710469016441	-0.63909692648922	-4.75504075712784	-0.585176201661971	H2-M10.1	histocompatibility 2, M region locus 10.1	14985	17 19.01 cM	peptide antigen binding///receptor binding	antigen processing and presentation of peptide antigen via MHC class I	integral component of membrane///membrane///plasma membrane	GO:0042605///GO:0005102	GO:0002474	GO:0016021///GO:0016020///GO:0005886
97235_f_at	1	0.565135444709304	-0.624880248974879	-4.7588661809237	-0.358282444824123	Apobec2	apolipoprotein B mRNA editing enzyme, catalytic polypeptide 2	11811	17 24.02 cM	2,5-diamino-6-ribitylamino-4(3H)-pyrimidinone 5'-phosphate deaminase activity///GTP cyclohydrolase activity///N-cyclopropylammelide alkylamino hydrolase activity///N-cyclopropylammeline deaminase activity///N-cyclopropylmelamine deaminase activity///archaeal-specific GTP cyclohydrolase activity///catalytic activity///hydrolase activity///hydrolase activity, acting on carbon-nitrogen (but not peptide) bonds, in cyclic amidines///metal ion binding///tRNA-specific adenosine deaminase activity///tRNA-specific adenosine-34 deaminase activity///tRNA-specific adenosine-37 deaminase activity///zinc ion binding	DNA demethylation///mRNA modification///mRNA processing		GO:0043723///GO:0003933///GO:0034549///GO:0034548///GO:0034547///GO:0044682///GO:0003824///GO:0016787///GO:0016814///GO:0046872///GO:0008251///GO:0052717///GO:0043829///GO:0008270	GO:0080111///GO:0016556///GO:0006397	
96685_at	1	0.573495254338396	0.610913913039266	-4.76256391933525	0.237479433000646	Prickle4///Tomm6	prickle homolog 4 (Drosophila)///translocase of outer mitochondrial membrane 6 homolog (yeast)	381104///66119	17///17	molecular_function///molecular_function	biological_process///biological_process///protein transport///transport	cellular_component///membrane///mitochondrial outer membrane///mitochondrial outer membrane translocase complex///mitochondrion///mitochondrion	GO:0003674///GO:0003674	GO:0008150///GO:0008150///GO:0015031///GO:0006810	GO:0005575///GO:0016020///GO:0005741///GO:0005742///GO:0005739///GO:0005739
104144_at	1	0.581382049546926	0.597861255148083	-4.76596450492436	0.270943558262222	Gtpbp2	GTP binding protein 2	56055	17 C-D	GTP binding///GTPase activity///nucleotide binding///protein binding	nuclear-transcribed mRNA catabolic process, no-go decay///rescue of stalled ribosome	intracellular membrane-bounded organelle	GO:0005525///GO:0003924///GO:0000166///GO:0005515	GO:0070966///GO:0072344	GO:0043231
102762_r_at	1	0.602431452612619	0.563578959449942	-4.7746336820452	0.182142362223294	Rhag	Rhesus blood group-associated A glycoprotein	19743	17 19.54 cM	ammonium transmembrane transporter activity///ankyrin binding	ammonium transmembrane transport///ammonium transport///ammonium transport///carbon dioxide transport///cellular ion homeostasis///erythrocyte development///multicellular organismal iron ion homeostasis///organic cation transport///transport	integral component of membrane///membrane///plasma membrane	GO:0008519///GO:0030506	GO:0072488///GO:0015696///GO:0015696///GO:0015670///GO:0006873///GO:0048821///GO:0060586///GO:0015695///GO:0006810	GO:0016021///GO:0016020///GO:0005886
104526_at	1	0.602872658401124	0.562868640069803	-4.77480919017037	0.207019970807914	Tfeb	transcription factor EB	21425	17 23.99 cM	DNA binding///protein dimerization activity///protein heterodimerization activity///sequence-specific DNA binding transcription factor activity///sequence-specific DNA binding transcription factor activity///transcription regulatory region DNA binding///transcription regulatory region DNA binding	autophagy///embryonic placenta development///humoral immune response///immune system process///lysosome organization///positive regulation of autophagy///positive regulation of transcription from RNA polymerase II promoter///positive regulation of transcription from RNA polymerase II promoter///positive regulation of transcription, DNA-templated///regulation of transcription, DNA-templated///transcription, DNA-templated	cytoplasm///nucleus///transcription factor complex	GO:0003677///GO:0046983///GO:0046982///GO:0003700///GO:0003700///GO:0044212///GO:0044212	GO:0006914///GO:0001892///GO:0006959///GO:0002376///GO:0007040///GO:0010508///GO:0045944///GO:0045944///GO:0045893///GO:0006355///GO:0006351	GO:0005737///GO:0005634///GO:0005667
96711_at	1	0.610034443353561	0.551383900320128	-4.77762317126863	0.224095538425121	Znrd1	zinc ribbon domain containing, 1	66136	17 B3	DNA-directed RNA polymerase activity///contributes_to RNA polymerase I activity///metal ion binding///nucleic acid binding///zinc ion binding	termination of RNA polymerase I transcription///transcription, DNA-templated	DNA-directed RNA polymerase I complex///nucleus	GO:0003899///contributes_to GO:0001054///GO:0046872///GO:0003676///GO:0008270	GO:0006363///GO:0006351	GO:0005736///GO:0005634
162114_f_at	1	0.615189192790284	0.54316957105537	-4.77960818666277	0.184990341626259	Med20	mediator complex subunit 20	56771	17	RNA polymerase II transcription cofactor activity///protein binding	regulation of transcription from RNA polymerase II promoter///regulation of transcription, DNA-templated///skeletal muscle cell differentiation///transcription, DNA-templated	mediator complex///nucleus	GO:0001104///GO:0005515	GO:0006357///GO:0006355///GO:0035914///GO:0006351	GO:0016592///GO:0005634
103520_at	1	0.618526441549795	0.537874136440143	-4.78087547630473	0.210796738854985	Vegfa	vascular endothelial growth factor A	22339	17 22.79 cM	chemoattractant activity///chemoattractant activity///cytokine activity///extracellular matrix binding///fibronectin binding///growth factor activity///growth factor activity///heparin binding///heparin binding///identical protein binding///neuropilin binding///platelet-derived growth factor receptor binding///protein binding///protein heterodimerization activity///protein homodimerization activity///receptor agonist activity///receptor binding///vascular endothelial growth factor receptor 1 binding///vascular endothelial growth factor receptor 1 binding///vascular endothelial growth factor receptor 2 binding///vascular endothelial growth factor receptor 2 binding///vascular endothelial growth factor receptor 2 binding///vascular endothelial growth factor receptor binding	T-helper 1 type immune response///VEGF-activated neuropilin signaling pathway///activation of protein kinase activity///angiogenesis///angiogenesis///angiogenesis///angiogenesis///angiogenesis involved in coronary vascular morphogenesis///artery morphogenesis///basophil chemotaxis///blood vessel development///blood vessel morphogenesis///blood vessel morphogenesis///blood vessel morphogenesis///blood vessel remodeling///branching morphogenesis of an epithelial tube///camera-type eye morphogenesis///cardiac muscle fiber development///cardiac vascular smooth muscle cell development///cell chemotaxis///cell differentiation///cell maturation///cell migration///cell migration///cell migration involved in sprouting angiogenesis///cell proliferation///cellular response to hypoxia///cellular response to vascular endothelial growth factor stimulus///commissural neuron axon guidance///NOT commissural neuron axon guidance///commissural neuron axon guidance///coronary artery morphogenesis///coronary vein morphogenesis///dopaminergic neuron differentiation///endothelial cell chemotaxis///epithelial cell differentiation///eye photoreceptor cell development///growth///heart morphogenesis///in utero embryonic development///induction of positive chemotaxis///kidney development///lactation///lung alveolus development///lung development///lung development///lung vasculature development///lung vasculature development///lymph vessel morphogenesis///mRNA stabilization///macrophage differentiation///mammary gland alveolus development///mesoderm development///monocyte differentiation///multicellular organismal development///negative regulation of apoptotic process///negative regulation of apoptotic process///negative regulation of bone resorption///negative regulation of cell-cell adhesion///negative regulation of cysteine-type endopeptidase activity involved in apoptotic process///negative regulation of extrinsic apoptotic signaling pathway///negative regulation of neuron apoptotic process///negative regulation of neuron death///negative regulation of programmed cell death///negative regulation of transcription from RNA polymerase II promoter///nervous system development///neuron development///outflow tract morphogenesis///ovarian follicle development///patterning of blood vessels///positive chemotaxis///positive chemotaxis///positive regulation of CREB transcription factor activity///positive regulation of ERK1 and ERK2 cascade///positive regulation of ERK1 and ERK2 cascade///positive regulation of MAP kinase activity///positive regulation of angiogenesis///positive regulation of angiogenesis///positive regulation of axon extension involved in axon guidance///NOT positive regulation of axon extension involved in axon guidance///positive regulation of axon extension involved in axon guidance///positive regulation of blood vessel endothelial cell migration///positive regulation of branching involved in ureteric bud morphogenesis///positive regulation of cell adhesion///positive regulation of cell division///positive regulation of cell migration///positive regulation of cell migration involved in sprouting angiogenesis///positive regulation of cell proliferation///positive regulation of cell proliferation///positive regulation of cell proliferation by VEGF-activated platelet derived growth factor receptor signaling pathway///positive regulation of cellular component movement///positive regulation of endothelial cell chemotaxis by VEGF-activated vascular endothelial growth factor receptor signaling pathway///positive regulation of endothelial cell migration///positive regulation of endothelial cell proliferation///positive regulation of endothelial cell proliferation///positive regulation of epithelial cell proliferation///positive regulation of focal adhesion assembly///positive regulation of gene expression///positive regulation of histone deacetylase activity///positive regulation of intracellular signal transduction///positive regulation of lymphangiogenesis///positive regulation of mast cell chemotaxis///positive regulation of mesenchymal cell proliferation///positive regulation of neuroblast proliferation///positive regulation of p38MAPK cascade///positive regulation of peptidyl-serine phosphorylation///positive regulation of peptidyl-tyrosine autophosphorylation///positive regulation of peptidyl-tyrosine phosphorylation///positive regulation of positive chemotaxis///positive regulation of protein autophosphorylation///positive regulation of protein complex assembly///positive regulation of protein kinase B signaling///positive regulation of protein kinase C signaling///positive regulation of protein localization to early endosome///positive regulation of protein phosphorylation///positive regulation of receptor activity///positive regulation of receptor internalization///positive regulation of retinal ganglion cell axon guidance///positive regulation of signal transduction///positive regulation of smooth muscle cell proliferation///positive regulation of transcription from RNA polymerase II promoter///positive regulation of transcription from RNA polymerase II promoter in response to hypoxia///positive regulation of vascular endothelial growth factor receptor signaling pathway///positive regulation of vascular permeability///positive regulation of vascular permeability///post-embryonic camera-type eye development///primitive erythrocyte differentiation///regulation of cGMP metabolic process///regulation of cell shape///regulation of retinal ganglion cell axon guidance///NOT regulation of retinal ganglion cell axon guidance///regulation of retinal ganglion cell axon guidance///regulation of transcription from RNA polymerase II promoter///response to hypoxia///sprouting angiogenesis///surfactant homeostasis///tube formation///vascular endothelial growth factor receptor signaling pathway///vascular endothelial growth factor receptor signaling pathway///vascular endothelial growth factor signaling pathway///vascular endothelial growth factor signaling pathway///vasculature development	basement membrane///cell surface///cytoplasm///cytoplasm///extracellular region///extracellular space///extracellular space///membrane///membrane-bounded vesicle///plasma membrane///secretory granule	GO:0042056///GO:0042056///GO:0005125///GO:0050840///GO:0001968///GO:0008083///GO:0008083///GO:0008201///GO:0008201///GO:0042802///GO:0038191///GO:0005161///GO:0005515///GO:0046982///GO:0042803///GO:0048018///GO:0005102///GO:0043183///GO:0043183///GO:0043184///GO:0043184///GO:0043184///GO:0005172	GO:0042088///GO:0038190///GO:0032147///GO:0001525///GO:0001525///GO:0001525///GO:0001525///GO:0060978///GO:0048844///GO:0002575///GO:0001568///GO:0048514///GO:0048514///GO:0048514///GO:0001974///GO:0048754///GO:0048593///GO:0048739///GO:0060948///GO:0060326///GO:0030154///GO:0048469///GO:0016477///GO:0016477///GO:0002042///GO:0008283///GO:0071456///GO:0035924///GO:0071679///NOT GO:0071679///GO:0071679///GO:0060982///GO:0003169///GO:0071542///GO:0035767///GO:0030855///GO:0042462///GO:0040007///GO:0003007///GO:0001701///GO:0050930///GO:0001822///GO:0007595///GO:0048286///GO:0030324///GO:0030324///GO:0060426///GO:0060426///GO:0036303///GO:0048255///GO:0030225///GO:0060749///GO:0007498///GO:0030224///GO:0007275///GO:0043066///GO:0043066///GO:0045779///GO:0022408///GO:0043154///GO:2001237///GO:0043524///GO:1901215///GO:0043069///GO:0000122///GO:0007399///GO:0048666///GO:0003151///GO:0001541///GO:0001569///GO:0050918///GO:0050918///GO:0032793///GO:0070374///GO:0070374///GO:0043406///GO:0045766///GO:0045766///GO:0048842///NOT GO:0048842///GO:0048842///GO:0043536///GO:0090190///GO:0045785///GO:0051781///GO:0030335///GO:0090050///GO:0008284///GO:0008284///GO:0038091///GO:0051272///GO:0038033///GO:0010595///GO:0001938///GO:0001938///GO:0050679///GO:0051894///GO:0010628///GO:1901727///GO:1902533///GO:1901492///GO:0060754///GO:0002053///GO:0002052///GO:1900745///GO:0033138///GO:1900086///GO:0050731///GO:0050927///GO:0031954///GO:0031334///GO:0051897///GO:0090037///GO:1902966///GO:0001934///GO:2000273///GO:0002092///GO:1902336///GO:0009967///GO:0048661///GO:0045944///GO:0061419///GO:0030949///GO:0043117///GO:0043117///GO:0031077///GO:0060319///GO:0030823///GO:0008360///GO:0090259///NOT GO:0090259///GO:0090259///GO:0006357///GO:0001666///GO:0002040///GO:0043129///GO:0035148///GO:0048010///GO:0048010///GO:0038084///GO:0038084///GO:0001944	GO:0005604///GO:0009986///GO:0005737///GO:0005737///GO:0005576///GO:0005615///GO:0005615///GO:0016020///GO:0031988///GO:0005886///GO:0030141
93865_s_at	1	0.620144808561072	-0.535312471030974	-4.78148502268522	-0.199148308269833	H2-T9///H2-T22///H2-T10	histocompatibility 2, T region locus 9///histocompatibility 2, T region locus 22///histocompatibility 2, T region locus 10	15051///15039///15024	17///17 18.87 cM///17 18.93 cM	peptide antigen binding///receptor binding///peptide antigen binding///receptor binding	antigen processing and presentation of peptide antigen via MHC class I///antigen processing and presentation of peptide antigen via MHC class I///inner ear development	integral component of membrane///membrane///plasma membrane///plasma membrane	GO:0042605///GO:0005102///GO:0042605///GO:0005102	GO:0002474///GO:0002474///GO:0048839	GO:0016021///GO:0016020///GO:0005886///GO:0005886
99665_at	1	0.621380137321546	0.533359851214952	-4.78194810546367	0.219069416985446	Satb1	special AT-rich sequence binding protein 1	20230	17	DNA binding///chromatin binding///sequence-specific DNA binding transcription factor activity	CD4-positive, alpha-beta T cell differentiation///CD8-positive, alpha-beta T cell differentiation///T cell activation///activated T cell proliferation///chromatin modification///chromatin organization///chromatin remodeling///epidermis development///histone methylation///negative regulation of transcription from RNA polymerase II promoter///negative regulation of transcription from RNA polymerase II promoter///reflex///regulation of transcription, DNA-templated///transcription, DNA-templated	PML body///chromatin///nuclear heterochromatin///nuclear matrix///nucleus	GO:0003677///GO:0003682///GO:0003700	GO:0043367///GO:0043374///GO:0042110///GO:0050798///GO:0016568///GO:0006325///GO:0006338///GO:0008544///GO:0016571///GO:0000122///GO:0000122///GO:0060004///GO:0006355///GO:0006351	GO:0016605///GO:0000785///GO:0005720///GO:0016363///GO:0005634
103038_at	1	0.639036084855148	-0.505703904634658	-4.78836172162887	-0.197713069535626	Guca1a	guanylate cyclase activator 1a (retina)	14913	17 D	calcium ion binding///calcium sensitive guanylate cyclase activator activity///calcium sensitive guanylate cyclase activator activity///guanylate cyclase regulator activity///metal ion binding	phototransduction///positive regulation of cGMP biosynthetic process///positive regulation of guanylate cyclase activity///positive regulation of guanylate cyclase activity///regulation of guanylate cyclase activity///response to stimulus///visual perception	membrane///photoreceptor inner segment///photoreceptor outer segment///plasma membrane	GO:0005509///GO:0008048///GO:0008048///GO:0030249///GO:0046872	GO:0007602///GO:0030828///GO:0031284///GO:0031284///GO:0031282///GO:0050896///GO:0007601	GO:0016020///GO:0001917///GO:0001750///GO:0005886
160724_at	1	0.64213794947702	0.500892235593991	-4.78944945539575	0.152826763304087	Med20	mediator complex subunit 20	56771	17	RNA polymerase II transcription cofactor activity///protein binding	regulation of transcription from RNA polymerase II promoter///regulation of transcription, DNA-templated///skeletal muscle cell differentiation///transcription, DNA-templated	mediator complex///nucleus	GO:0001104///GO:0005515	GO:0006357///GO:0006355///GO:0035914///GO:0006351	GO:0016592///GO:0005634
95359_at	1	0.655642875501937	0.480098661473008	-4.79405206852156	0.171052408089535	Hsp90ab1	heat shock protein 90 alpha (cytosolic), class B member 1	15516	17 22.59 cM	ATP binding///CTP binding///GTP binding///MHC class II protein complex binding///UTP binding///dATP binding///double-stranded RNA binding///ion channel binding///nucleotide binding///poly(A) RNA binding///protein binding///protein kinase binding///sulfonylurea receptor binding///unfolded protein binding	cellular response to interleukin-4///negative regulation of neuron apoptotic process///placenta development///positive regulation of cell size///positive regulation of protein binding///positive regulation of protein import into nucleus, translocation///positive regulation of protein serine/threonine kinase activity///protein folding///response to stress	colocalizes_with COP9 signalosome///apical plasma membrane///basolateral plasma membrane///brush border membrane///cell surface///cytoplasm///cytoplasm///cytosol///extracellular vesicular exosome///inclusion body///intracellular///membrane///mitochondrion///mitochondrion	GO:0005524///GO:0002135///GO:0005525///GO:0023026///GO:0002134///GO:0032564///GO:0003725///GO:0044325///GO:0000166///GO:0044822///GO:0005515///GO:0019901///GO:0017098///GO:0051082	GO:0071353///GO:0043524///GO:0001890///GO:0045793///GO:0032092///GO:0033160///GO:0071902///GO:0006457///GO:0006950	colocalizes_with GO:0008180///GO:0016324///GO:0016323///GO:0031526///GO:0009986///GO:0005737///GO:0005737///GO:0005829///GO:0070062///GO:0016234///GO:0005622///GO:0016020///GO:0005739///GO:0005739
98354_at	1	0.662460408204883	0.469694396388421	-4.79629440151769	0.577745373882419	Ptcra	pre T cell antigen receptor alpha	19208	17 D-E1		negative regulation of thymocyte apoptotic process	integral component of membrane///membrane		GO:0070244	GO:0016021///GO:0016020
100305_g_at	1	0.662900639859483	-0.46902462798462	-4.79643734749687	-0.253611030192774	H2-M10.1	histocompatibility 2, M region locus 10.1	14985	17 19.01 cM	peptide antigen binding///receptor binding	antigen processing and presentation of peptide antigen via MHC class I	integral component of membrane///membrane///plasma membrane	GO:0042605///GO:0005102	GO:0002474	GO:0016021///GO:0016020///GO:0005886
94890_at	1	0.668580429305482	0.460405485003508	-4.79826163806337	0.311515270777338	Mea1	male enhanced antigen 1	17256	17 22.9 cM		cell differentiation///multicellular organismal development///spermatogenesis	cytoplasm		GO:0030154///GO:0007275///GO:0007283	GO:0005737
161767_r_at	1	0.668865684963488	-0.459973677067543	-4.79835228505827	-0.246756945976959	Mrps18a	mitochondrial ribosomal protein S18A	68565	17	molecular_function///structural constituent of ribosome	biological_process///translation	intracellular///mitochondrial small ribosomal subunit///mitochondrion///ribonucleoprotein complex///ribosome	GO:0003674///GO:0003735	GO:0008150///GO:0006412	GO:0005622///GO:0005763///GO:0005739///GO:0030529///GO:0005840
98011_at	1	0.675252272125028	0.450332238794039	-4.80035754848884	0.16577342154694	Gabbr1	gamma-aminobutyric acid (GABA) B receptor, 1	54393	17 19.16 cM	G-protein coupled GABA receptor activity///contributes_to G-protein coupled GABA receptor activity///G-protein coupled receptor activity///protein binding///signal transducer activity///transcription factor binding	G-protein coupled receptor signaling pathway///adenylate cyclase-inhibiting G-protein coupled receptor signaling pathway///gamma-aminobutyric acid signaling pathway///gamma-aminobutyric acid signaling pathway///negative regulation of adenylate cyclase activity///negative regulation of cell proliferation///negative regulation of dopamine secretion///negative regulation of epinephrine secretion///negative regulation of gamma-aminobutyric acid secretion///negative regulation of synaptic transmission///osteoblast differentiation///positive regulation of glutamate secretion///positive regulation of growth hormone secretion///regulation of cAMP biosynthetic process///regulation of glutamate secretion///signal transduction	G-protein coupled receptor dimeric complex///G-protein coupled receptor heterodimeric complex///axolemma///cell junction///cell projection///cytoplasm///dendritic shaft///dendritic spine///endoplasmic reticulum membrane///extracellular space///integral component of membrane///integral component of plasma membrane///intracellular membrane-bounded organelle///membrane///membrane raft///mitochondrial membrane///neuron projection///neuronal cell body///plasma membrane///postsynaptic membrane///presynaptic membrane///synapse///synaptic vesicle	GO:0004965///contributes_to GO:0004965///GO:0004930///GO:0005515///GO:0004871///GO:0008134	GO:0007186///GO:0007193///GO:0007214///GO:0007214///GO:0007194///GO:0008285///GO:0033602///GO:0032811///GO:0014053///GO:0050805///GO:0001649///GO:0014049///GO:0060124///GO:0030817///GO:0014048///GO:0007165	GO:0038037///GO:0038039///GO:0030673///GO:0030054///GO:0042995///GO:0005737///GO:0043198///GO:0043197///GO:0005789///GO:0005615///GO:0016021///GO:0005887///GO:0043231///GO:0016020///GO:0045121///GO:0031966///GO:0043005///GO:0043025///GO:0005886///GO:0045211///GO:0042734///GO:0045202///GO:0008021
95565_at	1	0.684090401052369	-0.43707097300134	-4.80305666345702	-0.173910280999375	Mad2l1bp	MAD2L1 binding protein	66591	17	protein binding	mitotic cell cycle checkpoint///mitotic spindle assembly checkpoint///regulation of exit from mitosis	cytoplasm///cytoskeleton///intracellular membrane-bounded organelle///nucleolus///nucleus	GO:0005515	GO:0007093///GO:0007094///GO:0007096	GO:0005737///GO:0005856///GO:0043231///GO:0005730///GO:0005634
101300_at	1	0.704487356522896	0.406806331822215	-4.80895567042777	0.160127534043817	H2-M2	histocompatibility 2, M region locus 2	14990	17 19.16 cM	peptide antigen binding///receptor binding	antigen processing and presentation of peptide antigen via MHC class I	cell surface///integral component of membrane///membrane///plasma membrane	GO:0042605///GO:0005102	GO:0002474	GO:0009986///GO:0016021///GO:0016020///GO:0005886
99613_at	1	0.708946760224015	0.400249518877722	-4.81018504529677	0.185201852224359	Mut	methylmalonyl-Coenzyme A mutase	17850	17 19.55 cM	catalytic activity///cobalamin binding///intramolecular transferase activity///isomerase activity///metal ion binding///methylmalonyl-CoA mutase activity///modified amino acid binding	homocysteine metabolic process///metabolic process///post-embryonic development	mitochondrion	GO:0003824///GO:0031419///GO:0016866///GO:0016853///GO:0046872///GO:0004494///GO:0072341	GO:0050667///GO:0008152///GO:0009791	GO:0005739
97234_at	1	0.709306587930983	0.399721353116644	-4.81028331085706	0.177291615560477	Apobec2	apolipoprotein B mRNA editing enzyme, catalytic polypeptide 2	11811	17 24.02 cM	2,5-diamino-6-ribitylamino-4(3H)-pyrimidinone 5'-phosphate deaminase activity///GTP cyclohydrolase activity///N-cyclopropylammelide alkylamino hydrolase activity///N-cyclopropylammeline deaminase activity///N-cyclopropylmelamine deaminase activity///archaeal-specific GTP cyclohydrolase activity///catalytic activity///hydrolase activity///hydrolase activity, acting on carbon-nitrogen (but not peptide) bonds, in cyclic amidines///metal ion binding///tRNA-specific adenosine deaminase activity///tRNA-specific adenosine-34 deaminase activity///tRNA-specific adenosine-37 deaminase activity///zinc ion binding	DNA demethylation///mRNA modification///mRNA processing		GO:0043723///GO:0003933///GO:0034549///GO:0034548///GO:0034547///GO:0044682///GO:0003824///GO:0016787///GO:0016814///GO:0046872///GO:0008251///GO:0052717///GO:0043829///GO:0008270	GO:0080111///GO:0016556///GO:0006397	
101875_at	1	0.72084361305045	0.382856451476708	-4.81336074055833	0.142207064345235	Ppp2r5d	protein phosphatase 2, regulatory subunit B', delta	21770	17 22.9 cM	protein binding	cellular response to growth factor stimulus///positive regulation of neuron projection development///positive regulation of neurotrophin TRK receptor signaling pathway///positive regulation of transcription from RNA polymerase II promoter///regulation of protein autophosphorylation///regulation of protein phosphorylation		GO:0005515	GO:0071363///GO:0010976///GO:0051388///GO:0045944///GO:0031952///GO:0001932	
98472_at	1	0.739076480043795	-0.356465285521709	-4.81793861272662	-0.116898592304349	C920025E04Rik///H2-T23	RIKEN cDNA C920025E04 gene///histocompatibility 2, T region locus 23	667803///15040	17///17 18.86 cM	MHC class I protein binding///peptide antigen binding///MHC class I protein binding///peptide antigen binding///peptide antigen binding///receptor binding	biological_process///antigen processing and presentation///antigen processing and presentation of endogenous peptide antigen via MHC class Ib via ER pathway, TAP-dependent///antigen processing and presentation of peptide antigen via MHC class I///immune response///immune system process///inner ear development///positive regulation of T cell mediated cytotoxicity	cell surface///extracellular vesicular exosome///MHC class I protein complex///cell surface///extracellular vesicular exosome///integral component of membrane///membrane///plasma membrane	GO:0042288///GO:0042605///GO:0042288///GO:0042605///GO:0042605///GO:0005102	GO:0008150///GO:0019882///GO:0002489///GO:0002474///GO:0006955///GO:0002376///GO:0048839///GO:0001916	GO:0009986///GO:0070062///GO:0042612///GO:0009986///GO:0070062///GO:0016021///GO:0016020///GO:0005886
94746_at	1	0.743560524728007	-0.350021278041054	-4.81901165716483	-0.305717356041174	H2-T24	histocompatibility 2, T region locus 24	15042	17 18.84 cM	peptide antigen binding///receptor binding	antigen processing and presentation of peptide antigen via MHC class I	integral component of membrane///membrane///plasma membrane	GO:0042605///GO:0005102	GO:0002474	GO:0016021///GO:0016020///GO:0005886
103363_at	1	0.767004574834955	0.316605960383091	-4.82428893445854	0.114926080969184	Taf8	TAF8 RNA polymerase II, TATA box binding protein (TBP)-associated factorq	63856	17	protein heterodimerization activity	cell differentiation///inner cell mass cell proliferation///maintenance of protein location in nucleus///multicellular organismal development///positive regulation of transcription, DNA-templated///regulation of fat cell differentiation///regulation of transcription, DNA-templated///transcription, DNA-templated	cytoplasm///nucleus///perinuclear region of cytoplasm///transcription factor TFIID complex	GO:0046982	GO:0030154///GO:0001833///GO:0051457///GO:0007275///GO:0045893///GO:0045598///GO:0006355///GO:0006351	GO:0005737///GO:0005634///GO:0048471///GO:0005669
98321_at	1	0.771198514441776	-0.310674470168946	-4.82517479085639	-0.316884775328897	Olfr90	olfactory receptor 90	258469	17	G-protein coupled receptor activity///olfactory receptor activity///signal transducer activity	G-protein coupled receptor signaling pathway///detection of chemical stimulus involved in sensory perception of smell///response to stimulus///sensory perception of smell///signal transduction	integral component of membrane///membrane///plasma membrane	GO:0004930///GO:0004984///GO:0004871	GO:0007186///GO:0050911///GO:0050896///GO:0007608///GO:0007165	GO:0016021///GO:0016020///GO:0005886
104767_f_at	1	0.788090567747347	0.286915189298369	-4.82856687030567	0.103787116218457	Mrps18a	mitochondrial ribosomal protein S18A	68565	17	molecular_function///structural constituent of ribosome	biological_process///translation	intracellular///mitochondrial small ribosomal subunit///mitochondrion///ribonucleoprotein complex///ribosome	GO:0003674///GO:0003735	GO:0008150///GO:0006412	GO:0005622///GO:0005763///GO:0005739///GO:0030529///GO:0005840
97846_at	1	0.79666300204297	0.274933850641409	-4.83018159734211	0.0813323449936005	Cdc5l	cell division cycle 5-like (S. pombe)	71702	17	DNA binding///WD40-repeat domain binding///chromatin binding///poly(A) RNA binding///protein domain specific binding	cell cycle///mRNA processing///regulation of transcription, DNA-templated///transcription, DNA-templated	Prp19 complex///catalytic step 2 spliceosome///cytoplasm///membrane///nuclear speck///nucleus///spliceosomal complex	GO:0003677///GO:0071987///GO:0003682///GO:0044822///GO:0019904	GO:0007049///GO:0006397///GO:0006355///GO:0006351	GO:0000974///GO:0071013///GO:0005737///GO:0016020///GO:0016607///GO:0005634///GO:0005681
102747_at	1	0.796918918639699	-0.274576916488868	-4.83022870773319	-0.0810820987415752	Tcte1	t-complex-associated testis expressed 1	21645	17 22.54 cM	molecular_function	biological_process	cellular_component	GO:0003674	GO:0008150	GO:0005575
94326_r_at	1	0.831621496521	-0.22654596023002	-4.83603701484176	-0.105271211239052	Mrps18a	mitochondrial ribosomal protein S18A	68565	17	molecular_function///structural constituent of ribosome	biological_process///translation	intracellular///mitochondrial small ribosomal subunit///mitochondrion///ribonucleoprotein complex///ribosome	GO:0003674///GO:0003735	GO:0008150///GO:0006412	GO:0005622///GO:0005763///GO:0005739///GO:0030529///GO:0005840
101876_s_at	1	0.834208102228483	-0.222993099389606	-4.83642434324047	-0.0872678403062173	H2-T9///H2-T22///H2-T10	histocompatibility 2, T region locus 9///histocompatibility 2, T region locus 22///histocompatibility 2, T region locus 10	15051///15039///15024	17///17 18.87 cM///17 18.93 cM	peptide antigen binding///receptor binding///peptide antigen binding///receptor binding	antigen processing and presentation of peptide antigen via MHC class I///antigen processing and presentation of peptide antigen via MHC class I///inner ear development	integral component of membrane///membrane///plasma membrane///plasma membrane	GO:0042605///GO:0005102///GO:0042605///GO:0005102	GO:0002474///GO:0002474///GO:0048839	GO:0016021///GO:0016020///GO:0005886///GO:0005886
96618_at	1	0.838890429284481	0.216570385953765	-4.83710958697769	0.0638392503181269	Rpp21	ribonuclease P 21 subunit	67676	17 B3	hydrolase activity///metal ion binding///molecular_function///ribonuclease P activity	biological_process///tRNA processing	cellular_component///nucleus	GO:0016787///GO:0046872///GO:0003674///GO:0004526	GO:0008150///GO:0008033	GO:0005575///GO:0005634
94891_s_at	1	0.844604927325266	-0.208746676683087	-4.83791821208069	-0.178964348616921	Mea1	male enhanced antigen 1	17256	17 22.9 cM		cell differentiation///multicellular organismal development///spermatogenesis	cytoplasm		GO:0030154///GO:0007275///GO:0007283	GO:0005737
98138_at	1	0.86529496832712	0.18054663901053	-4.84059338586684	0.0732194266382393	Rpl7l1	ribosomal protein L7-like 1	66229	17 C	poly(A) RNA binding		ribonucleoprotein complex///ribosome	GO:0044822		GO:0030529///GO:0005840
101341_at	1	0.879834441011249	-0.160836755073199	-4.84223867873781	-0.0636933420651813	H2-M9	histocompatibility 2, M region locus 9	14997	17 19.16 cM	peptide antigen binding///receptor binding	antigen processing and presentation of peptide antigen via MHC class I	integral component of membrane///membrane///plasma membrane	GO:0042605///GO:0005102	GO:0002474	GO:0016021///GO:0016020///GO:0005886
100469_at	1	0.891158405273787	-0.145539648914178	-4.8433872141272	-0.0551879712374888	Nfya	nuclear transcription factor-Y alpha	18044	17 23.99 cM	DNA binding///DNA binding///RNA polymerase II core promoter proximal region sequence-specific DNA binding///RNA polymerase II core promoter proximal region sequence-specific DNA binding transcription factor activity involved in positive regulation of transcription///RNA polymerase II core promoter proximal region sequence-specific DNA binding transcription factor activity involved in positive regulation of transcription///core promoter sequence-specific DNA binding///protein binding///sequence-specific DNA binding transcription factor activity///transcription cofactor binding///transcription factor binding///contributes_to transcription regulatory region DNA binding	positive regulation of stem cell proliferation///positive regulation of transcription from RNA polymerase II promoter///positive regulation of transcription from RNA polymerase II promoter///positive regulation of transcription, DNA-templated///positive regulation of transcription, DNA-templated///regulation of stem cell maintenance///regulation of transcription, DNA-templated///rhythmic process///transcription from RNA polymerase II promoter///transcription, DNA-templated	CCAAT-binding factor complex///nucleus///nucleus	GO:0003677///GO:0003677///GO:0000978///GO:0001077///GO:0001077///GO:0001046///GO:0005515///GO:0003700///GO:0001221///GO:0008134///contributes_to GO:0044212	GO:2000648///GO:0045944///GO:0045944///GO:0045893///GO:0045893///GO:2000036///GO:0006355///GO:0048511///GO:0006366///GO:0006351	GO:0016602///GO:0005634///GO:0005634
160211_at	1	0.893974618910105	0.141742039051674	-4.84365487561765	0.0501767187399178	Yipf3	Yip1 domain family, member 3	28064	17 22.9 cM	molecular_function	biological_process///cell differentiation	Golgi apparatus///cytoplasm///integral component of membrane///intracellular membrane-bounded organelle///membrane///plasma membrane///transport vesicle	GO:0003674	GO:0008150///GO:0030154	GO:0005794///GO:0005737///GO:0016021///GO:0043231///GO:0016020///GO:0005886///GO:0030133
97175_at	1	0.895068844343993	-0.140267183075658	-4.84375694789882	-0.0861689695095786	Mocs1	molybdenum cofactor synthesis 1	56738	17	4 iron, 4 sulfur cluster binding///GTP binding///catalytic activity///cyclic pyranopterin monophosphate synthase activity///cyclic pyranopterin monophosphate synthase activity///iron-sulfur cluster binding///lyase activity///metal ion binding///nucleotide binding	Mo-molybdopterin cofactor biosynthetic process///molybdopterin cofactor biosynthetic process	cellular_component///molybdopterin synthase complex	GO:0051539///GO:0005525///GO:0003824///GO:0061597///GO:0061597///GO:0051536///GO:0016829///GO:0046872///GO:0000166	GO:0006777///GO:0032324	GO:0005575///GO:0019008
100434_s_at	1	0.905699601024988	-0.125957509171794	-4.84469263382547	-0.0909989168714442	Mdfi	MyoD family inhibitor	17240	17 23.99 cM	protein binding///transcription factor binding	activation of JUN kinase activity///cell differentiation///dorsal/ventral axis specification///embryonic skeletal system morphogenesis///multicellular organismal development///negative regulation of DNA binding///negative regulation of Wnt signaling pathway///negative regulation of transcription from RNA polymerase II promoter///regulation of Wnt signaling pathway///trophoblast giant cell differentiation	cytoplasm///nucleus	GO:0005515///GO:0008134	GO:0007257///GO:0030154///GO:0009950///GO:0048704///GO:0007275///GO:0043392///GO:0030178///GO:0000122///GO:0030111///GO:0060707	GO:0005737///GO:0005634
161347_r_at	1	0.919873787448405	0.106927112067041	-4.84578291267788	0.0451260645778717	Polr1c	polymerase (RNA) I polypeptide C	20016	17	DNA binding///DNA-directed RNA polymerase activity///contributes_to RNA polymerase I activity///contributes_to RNA polymerase III activity///protein dimerization activity	biological_process///transcription, DNA-templated	DNA-directed RNA polymerase I complex///DNA-directed RNA polymerase I complex///DNA-directed RNA polymerase III complex///DNA-directed RNA polymerase III complex///nucleus	GO:0003677///GO:0003899///contributes_to GO:0001054///contributes_to GO:0001056///GO:0046983	GO:0008150///GO:0006351	GO:0005736///GO:0005736///GO:0005666///GO:0005666///GO:0005634
98902_at	1	0.926145823843855	-0.0985220241469022	-4.84620823344645	-0.0914320285749052	Mrpl14	mitochondrial ribosomal protein L14	68463	17	poly(A) RNA binding///structural constituent of ribosome	translation	mitochondrion///ribonucleoprotein complex///ribosome	GO:0044822///GO:0003735	GO:0006412	GO:0005739///GO:0030529///GO:0005840
95610_at	1	0.939321146030581	0.0808931229183108	-4.84698800680866	0.0280162567743556	Cdc5l	cell division cycle 5-like (S. pombe)	71702	17	DNA binding///WD40-repeat domain binding///chromatin binding///poly(A) RNA binding///protein domain specific binding	cell cycle///mRNA processing///regulation of transcription, DNA-templated///transcription, DNA-templated	Prp19 complex///catalytic step 2 spliceosome///cytoplasm///membrane///nuclear speck///nucleus///spliceosomal complex	GO:0003677///GO:0071987///GO:0003682///GO:0044822///GO:0019904	GO:0007049///GO:0006397///GO:0006355///GO:0006351	GO:0000974///GO:0071013///GO:0005737///GO:0016020///GO:0016607///GO:0005634///GO:0005681
103512_at	1	0.949901796681998	0.0667588452491752	-4.84750304758298	0.0297788023998766	Tspo2	translocator protein 2	70026	17	cholesterol binding	biological_process///transport	endoplasmic reticulum///integral component of membrane///membrane	GO:0015485	GO:0008150///GO:0006810	GO:0005783///GO:0016021///GO:0016020
104042_at	1	0.955179450863045	0.0597150409190925	-4.84772303064972	0.0211211456716107	Slc35b2	solute carrier family 35, member B2	73836	17	3'-phosphoadenosine 5'-phosphosulfate transmembrane transporter activity///signal transducer activity	3'-phospho-5'-adenylyl sulfate transmembrane transport///3'-phosphoadenosine 5'-phosphosulfate transport///positive regulation of I-kappaB kinase/NF-kappaB signaling///signal transduction///transmembrane transport///transport	Golgi apparatus///integral component of membrane///membrane	GO:0046964///GO:0004871	GO:1902559///GO:0046963///GO:0043123///GO:0007165///GO:0055085///GO:0006810	GO:0005794///GO:0016021///GO:0016020
103281_at	1	0.958721621089407	0.0549895853888249	-4.84785691418836	0.0276097070227559	Cd2ap	CD2-associated protein	12488	17	SH3 domain binding///beta-catenin binding///cadherin binding///protein C-terminus binding///protein binding///protein complex binding///vascular endothelial growth factor receptor binding	cell cycle///cell division///cell migration///mitotic nuclear division///negative regulation of transforming growth factor beta1 production///positive regulation of protein localization to nucleus///proteasome-mediated ubiquitin-dependent protein catabolic process///regulation of actin cytoskeleton reorganization///regulation of receptor-mediated endocytosis///single organismal cell-cell adhesion///vesicle organization	cell cortex///cell leading edge///cell projection///cell-cell junction///cytoplasm///cytoskeleton///endocytic vesicle///extracellular vesicular exosome///filamentous actin///perinuclear region of cytoplasm///plasma membrane///protein complex///ruffle	GO:0017124///GO:0008013///GO:0045296///GO:0008022///GO:0005515///GO:0032403///GO:0005172	GO:0007049///GO:0051301///GO:0016477///GO:0007067///GO:0032911///GO:1900182///GO:0043161///GO:2000249///GO:0048259///GO:0016337///GO:0016050	GO:0005938///GO:0031252///GO:0042995///GO:0005911///GO:0005737///GO:0005856///GO:0030139///GO:0070062///GO:0031941///GO:0048471///GO:0005886///GO:0043234///GO:0001726
101681_f_at	1	0.958768434811108	0.0549271437404259	-4.84785860964722	0.031311500501241	H2-Bl	histocompatibility 2, blastocyst	14963	17 18.89 cM	T cell receptor binding///TAP binding///beta-2-microglobulin binding///peptide antigen binding///peptide antigen binding///peptide binding///poly(A) RNA binding///protein heterodimerization activity///receptor binding///receptor binding	antigen processing and presentation of peptide antigen via MHC class I///protection from natural killer cell mediated cytotoxicity	Golgi apparatus///Golgi medial cisterna///MHC class I protein complex///cell surface///cell surface///cytoplasm///endoplasmic reticulum///endoplasmic reticulum exit site///extracellular vesicular exosome///integral component of membrane///membrane///plasma membrane	GO:0042608///GO:0046977///GO:0030881///GO:0042605///GO:0042605///GO:0042277///GO:0044822///GO:0046982///GO:0005102///GO:0005102	GO:0002474///GO:0042270	GO:0005794///GO:0005797///GO:0042612///GO:0009986///GO:0009986///GO:0005737///GO:0005783///GO:0070971///GO:0070062///GO:0016021///GO:0016020///GO:0005886
97179_at	1	0.962040389056995	-0.0505635480133571	-4.84797233239846	-0.0152671724083913	Dnph1	2'-deoxynucleoside 5'-phosphate N-hydrolase 1	381101	17	DNA N-glycosylase activity///DNA-3-methylbase glycosylase activity///deoxyribonucleoside 5'-monophosphate N-glycosidase activity///hydrolase activity///hydrolase activity, acting on glycosyl bonds///nicotinamide riboside hydrolase activity///nicotinic acid riboside hydrolase activity///nucleoside deoxyribosyltransferase activity///protein homodimerization activity///purine-specific mismatch base pair DNA N-glycosylase activity///single-strand selective uracil DNA N-glycosylase activity///uracil DNA N-glycosylase activity	deoxyribonucleoside monophosphate catabolic process///metabolic process///nucleotide metabolic process///positive regulation of cell growth	cytoplasm///extracellular vesicular exosome///nucleus	GO:0019104///GO:0043733///GO:0070694///GO:0016787///GO:0016798///GO:0070635///GO:0070636///GO:0050144///GO:0042803///GO:0000701///GO:0017065///GO:0004844	GO:0009159///GO:0008152///GO:0009117///GO:0030307	GO:0005737///GO:0070062///GO:0005634
96644_at	1	0.970747937581081	0.0389563977022629	-4.84822911244087	0.0471206869407006	Bysl	bystin-like	53414	17 23.63 cM	poly(A) RNA binding	blastocyst formation///cell adhesion///cell proliferation///in utero embryonic development///maturation of SSU-rRNA from tricistronic rRNA transcript (SSU-rRNA, 5.8S rRNA, LSU-rRNA)///ribosome biogenesis///trophectodermal cell differentiation	apical part of cell///cell projection///cytoplasm///cytoplasm///cytoplasmic microtubule///intracellular membrane-bounded organelle///membrane///nucleolus///nucleolus///nucleus///perinuclear region of cytoplasm	GO:0044822	GO:0001825///GO:0007155///GO:0008283///GO:0001701///GO:0000462///GO:0042254///GO:0001829	GO:0045177///GO:0042995///GO:0005737///GO:0005737///GO:0005881///GO:0043231///GO:0016020///GO:0005730///GO:0005730///GO:0005634///GO:0048471
92325_at	1	0.976950092911813	-0.0306930242422617	-4.84837138713725	-0.0230586171478713	Ptk7	PTK7 protein tyrosine kinase 7	71461	17	NOT ATP binding///NOT kinase activity///protein kinase activity///protein tyrosine kinase activity///transferase activity, transferring phosphorus-containing groups///NOT transmembrane receptor protein tyrosine kinase activity	Wnt signaling pathway///actin cytoskeleton reorganization///axis elongation///canonical Wnt signaling pathway///cell adhesion///cell migration///cellular response to retinoic acid///cochlea morphogenesis///convergent extension///establishment of epithelial cell apical/basal polarity///establishment of planar polarity///lung-associated mesenchyme development///neural tube closure///neural tube closure///planar cell polarity pathway involved in neural tube closure///positive regulation of neuron projection development///NOT protein phosphorylation///wound healing	cell junction///cell-cell junction///cell-cell junction///focal adhesion///integral component of membrane///membrane///plasma membrane	NOT GO:0005524///NOT GO:0016301///GO:0004672///GO:0004713///GO:0016772///NOT GO:0004714	GO:0016055///GO:0031532///GO:0003401///GO:0060070///GO:0007155///GO:0016477///GO:0071300///GO:0090103///GO:0060026///GO:0045198///GO:0001736///GO:0060484///GO:0001843///GO:0001843///GO:0090179///GO:0010976///NOT GO:0006468///GO:0042060	GO:0030054///GO:0005911///GO:0005911///GO:0005925///GO:0016021///GO:0016020///GO:0005886
94892_r_at	1	0.989791050392836	0.0135920008684503	-4.84855864704983	0.00509274570543283	Mea1	male enhanced antigen 1	17256	17 22.9 cM		cell differentiation///multicellular organismal development///spermatogenesis	cytoplasm		GO:0030154///GO:0007275///GO:0007283	GO:0005737
99469_at	1	0.993051272146084	-0.00925121362557157	-4.84858316951848	-0.00340223320141142	Pex6	peroxisomal biogenesis factor 6	224824	17	ATP binding///ATPase activity///ATPase activity, coupled///nucleotide binding///protein C-terminus binding///protein binding///protein complex binding	ATP catabolic process///peroxisome organization///protein import into peroxisome matrix, translocation///protein stabilization///protein targeting to peroxisome	cytoplasm///cytosol///membrane///peroxisomal membrane///peroxisome	GO:0005524///GO:0016887///GO:0042623///GO:0000166///GO:0008022///GO:0005515///GO:0032403	GO:0006200///GO:0007031///GO:0016561///GO:0050821///GO:0006625	GO:0005737///GO:0005829///GO:0016020///GO:0005778///GO:0005777
101169_at	1	0.996748457355828	0.00432889291669432	-4.84859970152759	0.00140750780352761	Prph2	peripherin 2	19133	17 22.91 cM		cell adhesion///retina development in camera-type eye///visual perception	integral component of membrane///membrane		GO:0007155///GO:0060041///GO:0007601	GO:0016021///GO:0016020
161304_r_at	1	0.998639147102545	0.00181174545039244	-4.84860352432881	0.000670117621315747	Gnl1	guanine nucleotide binding protein-like 1	14670	17 18.82 cM	GTP binding///GTPase activity///nucleotide binding	GTP catabolic process///cellular response to DNA damage stimulus///ribosome biogenesis	cytosol///nucleus	GO:0005525///GO:0003924///GO:0000166	GO:0006184///GO:0006974///GO:0042254	GO:0005829///GO:0005634
100433_r_at	1	0.999740974916694	-0.000344847859261337	-4.84860430672939	-0.000139280477819526	Mdfi	MyoD family inhibitor	17240	17 23.99 cM	protein binding///transcription factor binding	activation of JUN kinase activity///cell differentiation///dorsal/ventral axis specification///embryonic skeletal system morphogenesis///multicellular organismal development///negative regulation of DNA binding///negative regulation of Wnt signaling pathway///negative regulation of transcription from RNA polymerase II promoter///regulation of Wnt signaling pathway///trophoblast giant cell differentiation	cytoplasm///nucleus	GO:0005515///GO:0008134	GO:0007257///GO:0030154///GO:0009950///GO:0048704///GO:0007275///GO:0043392///GO:0030178///GO:0000122///GO:0030111///GO:0060707	GO:0005737///GO:0005634

