ID (num probes:22690)	adj.P.Val	P.Value	t	B	logFC	Gene.symbol	Gene.title	Gene.ID	Chromosome.location	GO.Function	GO.Process	GO.Component	GO.Function.ID	GO.Process.ID	GO.Component.ID
1419723_at	2.1883745152913e-06	3.85786604723014e-10	10.5087024017573	12.6585228840398	3.09431528478755	Opn1mw	opsin 1 (cone pigments), medium-wave-sensitive (color blindness, deutan)	14539	X	G-protein coupled receptor activity///photoreceptor activity///protein binding///signal transducer activity	G-protein coupled receptor signaling pathway///phototransduction///positive regulation of cytokinesis///protein-chromophore linkage///response to stimulus///signal transduction///visual perception	integral component of membrane///membrane///photoreceptor outer segment///photoreceptor outer segment	GO:0004930///GO:0009881///GO:0005515///GO:0004871	GO:0007186///GO:0007602///GO:0032467///GO:0018298///GO:0050896///GO:0007165///GO:0007601	GO:0016021///GO:0016020///GO:0001750///GO:0001750
1437889_x_at	6.2726609167797e-06	1.93515321363851e-09	-9.63356936526904	11.2795328973678	-2.30977855744953	Bgn	biglycan	12111	X 37.33 cM	extracellular matrix binding///glycosaminoglycan binding	peptide cross-linking via chondroitin 4-sulfate glycosaminoglycan	cell surface///extracellular matrix///colocalizes_with extracellular matrix///extracellular region///extracellular vesicular exosome///intracellular///proteinaceous extracellular matrix///sarcolemma///transport vesicle	GO:0050840///GO:0005539	GO:0019800	GO:0009986///GO:0031012///colocalizes_with GO:0031012///GO:0005576///GO:0070062///GO:0005622///GO:0005578///GO:0042383///GO:0030133
1448323_a_at	0.000119530699766242	9.40787985138652e-08	-7.71026567870176	7.84171337428264	-1.64030140799648	Bgn	biglycan	12111	X 37.33 cM	extracellular matrix binding///glycosaminoglycan binding	peptide cross-linking via chondroitin 4-sulfate glycosaminoglycan	cell surface///extracellular matrix///colocalizes_with extracellular matrix///extracellular region///extracellular vesicular exosome///intracellular///proteinaceous extracellular matrix///sarcolemma///transport vesicle	GO:0050840///GO:0005539	GO:0019800	GO:0009986///GO:0031012///colocalizes_with GO:0031012///GO:0005576///GO:0070062///GO:0005622///GO:0005578///GO:0042383///GO:0030133
1427096_s_at	0.00813878089666747	3.47933780069081e-05	-5.1462209054399	2.39293680607122	-1.4615163828544	Ssr4	signal sequence receptor, delta	20832	X 37.41 cM	molecular_function	biological_process	Sec61 translocon complex///endoplasmic reticulum///extracellular vesicular exosome///integral component of membrane///membrane	GO:0003674	GO:0008150	GO:0005784///GO:0005783///GO:0070062///GO:0016021///GO:0016020
1424538_at	0.0845565041033734	0.00149063912037679	-3.61670360146576	-1.11136034508123	-0.620588788090512	Ubl4	ubiquitin-like 4	27643	X 38.0 cM		tail-anchored membrane protein insertion into ER membrane///transport	BAT3 complex///cytoplasm///cytosol		GO:0071816///GO:0006810	GO:0071818///GO:0005737///GO:0005829
1416405_at	0.0917391260268933	0.00169274877071221	-3.56432904506941	-1.22908124803574	-1.07383485825244	Bgn	biglycan	12111	X 37.33 cM	extracellular matrix binding///glycosaminoglycan binding	peptide cross-linking via chondroitin 4-sulfate glycosaminoglycan	cell surface///extracellular matrix///colocalizes_with extracellular matrix///extracellular region///extracellular vesicular exosome///intracellular///proteinaceous extracellular matrix///sarcolemma///transport vesicle	GO:0050840///GO:0005539	GO:0019800	GO:0009986///GO:0031012///colocalizes_with GO:0031012///GO:0005576///GO:0070062///GO:0005622///GO:0005578///GO:0042383///GO:0030133
1449367_at	0.107697382203273	0.00235960702540205	-3.42688038973918	-1.53599779110164	-1.12266191099761	Trex2	three prime repair exonuclease 2	24102	X A6	3'-5'-exodeoxyribonuclease activity///exodeoxyribonuclease III activity///exonuclease activity///hydrolase activity///magnesium ion binding///metal ion binding///nuclease activity///nucleic acid binding///protein homodimerization activity	DNA catabolic process, exonucleolytic///DNA metabolic process///DNA repair///cellular response to DNA damage stimulus	nucleus	GO:0008296///GO:0008853///GO:0004527///GO:0016787///GO:0000287///GO:0046872///GO:0004518///GO:0003676///GO:0042803	GO:0000738///GO:0006259///GO:0006281///GO:0006974	GO:0005634
1455710_x_at	0.121502865253329	0.00303087799618264	3.32257034422016	-1.76669367116364	0.673821981628279	Mtcp1	mature T cell proliferation 1	17763	X			mitochondrion///mitochondrion			GO:0005739///GO:0005739
1423725_at	0.128473945980727	0.00335318977430834	-3.28026734894896	-1.85963951399028	-1.17546367071469	Pls3	plastin 3 (T-isoform)	102866	X	actin binding///calcium ion binding///metal ion binding	bone development	cytoplasm///stereocilium	GO:0003779///GO:0005509///GO:0046872	GO:0060348	GO:0005737///GO:0032420
1426677_at	0.135146606887712	0.00374052738814599	-3.23436954366459	-1.96005329373135	-0.65211557710704	Flna	filamin, alpha	192176	X 37.89 cM	Fc-gamma receptor I complex binding///Rac GTPase binding///Ral GTPase binding///Rho GTPase binding///SMAD binding///actin binding///actin filament binding///glycoprotein binding///mu-type opioid receptor binding///poly(A) RNA binding///protein binding///protein homodimerization activity///protein kinase C binding///signal transducer activity///small GTPase binding///transcription factor binding	actin crosslink formation///actin cytoskeleton organization///actin cytoskeleton reorganization///adenylate cyclase-inhibiting dopamine receptor signaling pathway///cell projection organization///cilium assembly///cytoplasmic sequestering of protein///early endosome to late endosome transport///epithelial to mesenchymal transition///establishment of protein localization///mRNA transcription from RNA polymerase II promoter///negative regulation of protein catabolic process///negative regulation of sequence-specific DNA binding transcription factor activity///platelet aggregation///positive regulation of I-kappaB kinase/NF-kappaB signaling///positive regulation of transcription factor import into nucleus///protein localization to cell surface///protein stabilization///receptor clustering///spindle assembly involved in mitosis	Myb complex///actin cytoskeleton///actin filament///apical dendrite///cortical cytoskeleton///cytoplasm///cytoskeleton///cytosol///dendritic shaft///extracellular vesicular exosome///focal adhesion///membrane///neuronal cell body///nucleus///perinuclear region of cytoplasm///plasma membrane///protein complex///trans-Golgi network	GO:0034988///GO:0048365///GO:0017160///GO:0017048///GO:0046332///GO:0003779///GO:0051015///GO:0001948///GO:0031852///GO:0044822///GO:0005515///GO:0042803///GO:0005080///GO:0004871///GO:0031267///GO:0008134	GO:0051764///GO:0030036///GO:0031532///GO:0007195///GO:0030030///GO:0042384///GO:0051220///GO:0045022///GO:0001837///GO:0045184///GO:0042789///GO:0042177///GO:0043433///GO:0070527///GO:0043123///GO:0042993///GO:0034394///GO:0050821///GO:0043113///GO:0090307	GO:0031523///GO:0015629///GO:0005884///GO:0097440///GO:0030863///GO:0005737///GO:0005856///GO:0005829///GO:0043198///GO:0070062///GO:0005925///GO:0016020///GO:0043025///GO:0005634///GO:0048471///GO:0005886///GO:0043234///GO:0005802
1416155_at	0.205263403253709	0.00878407953104238	-2.86981676721653	-2.73892079917837	-0.666386988202722	Hmgb3	high mobility group box 3	15354	X A1	DNA binding	negative regulation of B cell differentiation///negative regulation of myeloid cell differentiation	chromosome///nucleus	GO:0003677	GO:0045578///GO:0045638	GO:0005694///GO:0005634
1454690_at	0.236212465726283	0.0116388513301888	2.74668611640009	-2.99310238691188	0.488079071385382	Ikbkg	inhibitor of kappaB kinase gamma	16151	X	K63-linked polyubiquitin binding///kinase activity///linear polyubiquitin binding///metal ion binding///peroxisome proliferator activated receptor binding///protein binding///protein domain specific binding///protein heterodimerization activity///protein homodimerization activity///transferase activity///ubiquitin protein ligase binding	B cell homeostasis///activation of NF-kappaB-inducing kinase activity///cellular response to DNA damage stimulus///phosphorylation///positive regulation of I-kappaB kinase/NF-kappaB signaling///positive regulation of NF-kappaB transcription factor activity///positive regulation of transcription from RNA polymerase II promoter///regulation of transcription, DNA-templated///transcription, DNA-templated	IkappaB kinase complex///cytoplasm///cytoplasm///cytosol///intracellular///nucleus	GO:0070530///GO:0016301///GO:1990450///GO:0046872///GO:0042975///GO:0005515///GO:0019904///GO:0046982///GO:0042803///GO:0016740///GO:0031625	GO:0001782///GO:0007250///GO:0006974///GO:0016310///GO:0043123///GO:0051092///GO:0045944///GO:0006355///GO:0006351	GO:0008385///GO:0005737///GO:0005737///GO:0005829///GO:0005622///GO:0005634
1451049_at	0.306393455626961	0.0212679459062346	-2.47623356182762	-3.53192216844656	-0.36803430187442	Bcap31	B cell receptor associated protein 31	27061	X A6	MHC class I protein binding///protein binding///protein complex binding	ER to Golgi vesicle-mediated transport///ER to Golgi vesicle-mediated transport///apoptotic process///calcium-mediated signaling using intracellular calcium source///immune response///intracellular protein transport///negative regulation of endoplasmic reticulum calcium ion concentration///positive regulation of cysteine-type endopeptidase activity involved in apoptotic process///positive regulation of cytosolic calcium ion concentration///positive regulation of intrinsic apoptotic signaling pathway///positive regulation of mitochondrial calcium ion concentration///protein localization to endoplasmic reticulum exit site///protein transport///transport///vesicle-mediated transport	Golgi cisterna membrane///Golgi membrane///cell///clathrin-coated vesicle///cytosol///endoplasmic reticulum///endoplasmic reticulum membrane///integral component of membrane///integral component of plasma membrane///intracellular///lipid particle///membrane///mitochondrion///plasma membrane	GO:0042288///GO:0005515///GO:0032403	GO:0006888///GO:0006888///GO:0006915///GO:0035584///GO:0006955///GO:0006886///GO:0032471///GO:0043280///GO:0007204///GO:2001244///GO:0051561///GO:0070973///GO:0015031///GO:0006810///GO:0016192	GO:0032580///GO:0000139///GO:0005623///GO:0030136///GO:0005829///GO:0005783///GO:0005789///GO:0016021///GO:0005887///GO:0005622///GO:0005811///GO:0016020///GO:0005739///GO:0005886
1420944_at	0.355778953965504	0.031318151279242	-2.29662513997255	-3.87267933143695	-0.965070476149969	Zfp185	zinc finger protein 185	22673	X 37.29 cM	metal ion binding///zinc ion binding		cell junction///cytoplasm///cytoskeleton	GO:0046872///GO:0008270		GO:0030054///GO:0005737///GO:0005856
1450439_at	0.403565643596117	0.0434869104712431	2.13963820461462	-4.15771776060417	0.457451223179948	Hcfc1	host cell factor C1	15161	X 37.52 cM	RNA polymerase II distal enhancer sequence-specific DNA binding transcription factor activity involved in positive regulation of transcription///chromatin binding///contributes_to histone acetyltransferase activity (H4-K16 specific)///contributes_to histone acetyltransferase activity (H4-K5 specific)///contributes_to histone acetyltransferase activity (H4-K8 specific)///identical protein binding///protein binding///transcription coactivator activity///transcription coactivator activity	cell cycle///chromatin modification///histone H4-K16 acetylation///histone H4-K5 acetylation///histone H4-K8 acetylation///negative regulation of transcription from RNA polymerase II promoter///positive regulation of gene expression///positive regulation of transcription from RNA polymerase II promoter///protein stabilization///regulation of RNA biosynthetic process///regulation of protein complex assembly///regulation of transcription, DNA-templated///release from viral latency///transcription from RNA polymerase II promoter	colocalizes_with Ada2/Gcn5/Ada3 transcription activator complex///MLL1 complex///MLL5-L complex///colocalizes_with SAGA-type complex///Set1C/COMPASS complex///cytoplasm///cytoplasm///histone acetyltransferase complex///membrane///mitochondrion///neuronal cell body///nucleus///nucleus	GO:0001205///GO:0003682///contributes_to GO:0046972///contributes_to GO:0043995///contributes_to GO:0043996///GO:0042802///GO:0005515///GO:0003713///GO:0003713	GO:0007049///GO:0016568///GO:0043984///GO:0043981///GO:0043982///GO:0000122///GO:0010628///GO:0045944///GO:0050821///GO:2001141///GO:0043254///GO:0006355///GO:0019046///GO:0006366	colocalizes_with GO:0005671///GO:0071339///GO:0070688///colocalizes_with GO:0070461///GO:0048188///GO:0005737///GO:0005737///GO:0000123///GO:0016020///GO:0005739///GO:0043025///GO:0005634///GO:0005634
1456279_a_at	0.477968394417536	0.0678242121746425	-1.91864460751628	-4.53628589990581	-0.531543422958451	Bcap31	B cell receptor associated protein 31	27061	X A6	MHC class I protein binding///protein binding///protein complex binding	ER to Golgi vesicle-mediated transport///ER to Golgi vesicle-mediated transport///apoptotic process///calcium-mediated signaling using intracellular calcium source///immune response///intracellular protein transport///negative regulation of endoplasmic reticulum calcium ion concentration///positive regulation of cysteine-type endopeptidase activity involved in apoptotic process///positive regulation of cytosolic calcium ion concentration///positive regulation of intrinsic apoptotic signaling pathway///positive regulation of mitochondrial calcium ion concentration///protein localization to endoplasmic reticulum exit site///protein transport///transport///vesicle-mediated transport	Golgi cisterna membrane///Golgi membrane///cell///clathrin-coated vesicle///cytosol///endoplasmic reticulum///endoplasmic reticulum membrane///integral component of membrane///integral component of plasma membrane///intracellular///lipid particle///membrane///mitochondrion///plasma membrane	GO:0042288///GO:0005515///GO:0032403	GO:0006888///GO:0006888///GO:0006915///GO:0035584///GO:0006955///GO:0006886///GO:0032471///GO:0043280///GO:0007204///GO:2001244///GO:0051561///GO:0070973///GO:0015031///GO:0006810///GO:0016192	GO:0032580///GO:0000139///GO:0005623///GO:0030136///GO:0005829///GO:0005783///GO:0005789///GO:0016021///GO:0005887///GO:0005622///GO:0005811///GO:0016020///GO:0005739///GO:0005886
1420065_at	0.484551034853566	0.0705646969750885	1.89839844787715	-4.56953815225017	2.06088719550039	Tktl1	transketolase-like 1	83553	X	catalytic activity///metal ion binding///transferase activity///transketolase activity	metabolic process	cellular_component///cytoplasm///nucleus	GO:0003824///GO:0046872///GO:0016740///GO:0004802	GO:0008152	GO:0005575///GO:0005737///GO:0005634
1417118_a_at	0.523895130107696	0.0910640102752205	1.76553485491986	-4.7813912234298	0.471546030854647	Naa10	N(alpha)-acetyltransferase 10, NatA catalytic subunit	56292	X	2,4,4-trimethyl-3-oxopentanoyl-CoA 2-C-propanoyl transferase activity///2,6-dimethyl-5-methylene-3-oxo-heptanoyl-CoA C-acetyltransferase activity///2-methylhexanoyl-CoA C-acetyltransferase activity///3-hydroxybutyryl-CoA thiolase activity///3-ketopimelyl-CoA thiolase activity///C-acyltransferase activity///C-palmitoyltransferase activity///L-2-aminoadipate N-acetyltransferase activity///N-acetyltransferase activity///N-acyltransferase activity///N-palmitoyltransferase activity///N-succinyltransferase activity///O-acetyltransferase activity///O-acyltransferase activity///O-octanoyltransferase activity///O-palmitoyltransferase activity///O-sinapoyltransferase activity///O-succinyltransferase activity///Ras palmitoyltransferase activity///S-acetyltransferase activity///S-acyltransferase activity///S-malonyltransferase activity///S-succinyltransferase activity///UDP-3-O-[3-hydroxymyristoyl] glucosamine N-acyltransferase activity///acetyl-CoA:L-lysine N6-acetyltransferase///contributes_to acetyltransferase activity///acyl-CoA N-acyltransferase activity///acylglycerol O-acyltransferase activity///azetidine-2-carboxylic acid acetyltransferase activity///benzoyl acetate-CoA thiolase activity///butyryl-CoA 2-C-propionyltransferase activity///carnitine O-acyltransferase activity///dihydrolipoamide S-acyltransferase activity///dihydrolipoamide branched chain acyltransferase activity///ergosterol O-acyltransferase activity///glucosaminyl-phosphotidylinositol O-acyltransferase activity///keto acid formate lyase activity///lanosterol O-acyltransferase activity///malonyltransferase activity///myristoyltransferase activity///naphthyl-2-oxomethyl-succinyl-CoA succinyl transferase activity///octanoyltransferase activity///palmitoleoyl [acyl-carrier-protein]-dependent acyltransferase activity///palmitoyltransferase activity///contributes_to peptide alpha-N-acetyltransferase activity///peptidyl-lysine N-acetyltransferase activity, acting on acetyl phosphate as donor///peptidyl-lysine N6-myristoyltransferase activity///peptidyl-lysine N6-palmitoyltransferase activity///protein binding///protein-cysteine S-acyltransferase activity///protein-cysteine S-myristoyltransferase activity///contributes_to ribosome binding///serine O-acyltransferase activity///sinapoyltransferase activity///sterol O-acyltransferase activity///succinyltransferase activity///transferase activity///transferase activity, transferring acyl groups	N-terminal protein amino acid acetylation	NatA complex///cytoplasm///cytoplasm///intracellular///membrane///nucleolus///nucleus	GO:0034851///GO:0034945///GO:0034915///GO:0018712///GO:0018713///GO:0016408///GO:0016454///GO:0043741///GO:0008080///GO:0016410///GO:0019105///GO:0016749///GO:0016413///GO:0008374///GO:0016414///GO:0016416///GO:0016753///GO:0016750///GO:0043849///GO:0016418///GO:0016417///GO:0016419///GO:0016751///GO:0043764///GO:0090595///contributes_to GO:0016407///GO:0019186///GO:0016411///GO:0046941///GO:0018711///GO:0034919///GO:0016406///GO:0030523///GO:0004147///GO:0034737///GO:0032216///GO:0043806///GO:0034738///GO:0016420///GO:0019107///GO:0034848///GO:0016415///GO:0008951///GO:0016409///contributes_to GO:0004596///GO:0052858///GO:0018030///GO:0018031///GO:0005515///GO:0019707///GO:0019705///contributes_to GO:0043022///GO:0016412///GO:0016752///GO:0004772///GO:0016748///GO:0016740///GO:0016746	GO:0006474	GO:0031415///GO:0005737///GO:0005737///GO:0005622///GO:0016020///GO:0005730///GO:0005634
1429173_at	0.530672357277002	0.0948089831594554	1.74411220359803	-4.81448565249301	0.272819834492362	Dnase1l1	deoxyribonuclease 1-like 1	69537	X 37.94 cM	deoxyribonuclease activity///endodeoxyribonuclease activity, producing 5'-phosphomonoesters///endonuclease activity///hydrolase activity///nuclease activity	DNA catabolic process	endoplasmic reticulum///extracellular vesicular exosome	GO:0004536///GO:0016888///GO:0004519///GO:0016787///GO:0004518	GO:0006308	GO:0005783///GO:0070062
1450107_a_at	0.540859119922557	0.100067280098497	1.71522252386726	-4.85863324631157	0.871665130780838	Renbp	renin binding protein	19703	X 37.49 cM	ATP binding///N-acylglucosamine 2-epimerase activity///N-acylglucosamine 2-epimerase activity///N-acylglucosamine 2-epimerase activity///catalytic activity///enzyme inhibitor activity///isomerase activity///protein homodimerization activity///purine nucleotide binding	N-acetylglucosamine metabolic process///N-acetylglucosamine metabolic process///N-acetylmannosamine metabolic process///N-acetylneuraminate catabolic process///negative regulation of catalytic activity///negative regulation of endopeptidase activity	extracellular vesicular exosome	GO:0005524///GO:0050121///GO:0050121///GO:0050121///GO:0003824///GO:0004857///GO:0016853///GO:0042803///GO:0017076	GO:0006044///GO:0006044///GO:0006051///GO:0019262///GO:0043086///GO:0010951	GO:0070062
1460649_at	0.601815702868716	0.13694025887665	1.54242493848149	-5.11072451293115	0.424085147410135	Irak1	interleukin-1 receptor-associated kinase 1	16179	X 37.61 cM	ATP binding///heat shock protein binding///interleukin-1 receptor binding///kinase activity///nucleotide binding///protein binding///protein heterodimerization activity///protein homodimerization activity///protein kinase activity///protein kinase activity///protein serine/threonine kinase activity///transferase activity///transferase activity, transferring phosphorus-containing groups	JNK cascade///activation of NF-kappaB-inducing kinase activity///cellular response to heat///cytokine-mediated signaling pathway///cytokine-mediated signaling pathway///immune system process///innate immune response///interleukin-1-mediated signaling pathway///interleukin-1-mediated signaling pathway///lipopolysaccharide-mediated signaling pathway///lipopolysaccharide-mediated signaling pathway///negative regulation of NF-kappaB transcription factor activity///negative regulation of cholesterol efflux///negative regulation of transcription, DNA-templated///phosphorylation///positive regulation of I-kappaB kinase/NF-kappaB signaling///positive regulation of JUN kinase activity///positive regulation of MAP kinase activity///positive regulation of NF-kappaB transcription factor activity///positive regulation of NF-kappaB transcription factor activity///positive regulation of smooth muscle cell proliferation///protein autophosphorylation///protein autophosphorylation///protein oligomerization///protein phosphorylation///regulation of cytokine-mediated signaling pathway///response to interleukin-1///response to lipopolysaccharide///response to lipopolysaccharide///response to peptidoglycan///signal transduction///toll-like receptor 2 signaling pathway///toll-like receptor 2 signaling pathway///toll-like receptor 4 signaling pathway	cytoplasm///lipid particle///membrane///membrane///nucleus	GO:0005524///GO:0031072///GO:0005149///GO:0016301///GO:0000166///GO:0005515///GO:0046982///GO:0042803///GO:0004672///GO:0004672///GO:0004674///GO:0016740///GO:0016772	GO:0007254///GO:0007250///GO:0034605///GO:0019221///GO:0019221///GO:0002376///GO:0045087///GO:0070498///GO:0070498///GO:0031663///GO:0031663///GO:0032088///GO:0090370///GO:0045892///GO:0016310///GO:0043123///GO:0043507///GO:0043406///GO:0051092///GO:0051092///GO:0048661///GO:0046777///GO:0046777///GO:0051259///GO:0006468///GO:0001959///GO:0070555///GO:0032496///GO:0032496///GO:0032494///GO:0007165///GO:0034134///GO:0034134///GO:0034142	GO:0005737///GO:0005811///GO:0016020///GO:0016020///GO:0005634
1422423_at	0.616245635223226	0.148966335621226	1.49447467843166	-5.17690621351293	1.0092380233598	Magea7-ps	melanoma antigen, family A, 7, pseudogene	17143	X 38.3 cM						
1426589_at	0.619436708750327	0.151703003358911	1.4840073117685	-5.19112828782621	0.546177957545343	Gab3	growth factor receptor bound protein 2-associated protein 3	210710	X	protein binding	macrophage differentiation	cellular_component	GO:0005515	GO:0030225	GO:0005575
1450594_at	0.623911559960726	0.154451795165245	1.47364700373	-5.20512469966708	0.985991174138372	Magea4	melanoma antigen, family A, 4	17140	X 37.2 cM	molecular_function	biological_process	cytoplasm///nucleus	GO:0003674	GO:0008150	GO:0005737///GO:0005634
1438857_x_at	0.631545159767644	0.163383432694406	-1.44098294698572	-5.24872658077725	-0.94745399480821	Irak1	interleukin-1 receptor-associated kinase 1	16179	X 37.61 cM	ATP binding///heat shock protein binding///interleukin-1 receptor binding///kinase activity///nucleotide binding///protein binding///protein heterodimerization activity///protein homodimerization activity///protein kinase activity///protein kinase activity///protein serine/threonine kinase activity///transferase activity///transferase activity, transferring phosphorus-containing groups	JNK cascade///activation of NF-kappaB-inducing kinase activity///cellular response to heat///cytokine-mediated signaling pathway///cytokine-mediated signaling pathway///immune system process///innate immune response///interleukin-1-mediated signaling pathway///interleukin-1-mediated signaling pathway///lipopolysaccharide-mediated signaling pathway///lipopolysaccharide-mediated signaling pathway///negative regulation of NF-kappaB transcription factor activity///negative regulation of cholesterol efflux///negative regulation of transcription, DNA-templated///phosphorylation///positive regulation of I-kappaB kinase/NF-kappaB signaling///positive regulation of JUN kinase activity///positive regulation of MAP kinase activity///positive regulation of NF-kappaB transcription factor activity///positive regulation of NF-kappaB transcription factor activity///positive regulation of smooth muscle cell proliferation///protein autophosphorylation///protein autophosphorylation///protein oligomerization///protein phosphorylation///regulation of cytokine-mediated signaling pathway///response to interleukin-1///response to lipopolysaccharide///response to lipopolysaccharide///response to peptidoglycan///signal transduction///toll-like receptor 2 signaling pathway///toll-like receptor 2 signaling pathway///toll-like receptor 4 signaling pathway	cytoplasm///lipid particle///membrane///membrane///nucleus	GO:0005524///GO:0031072///GO:0005149///GO:0016301///GO:0000166///GO:0005515///GO:0046982///GO:0042803///GO:0004672///GO:0004672///GO:0004674///GO:0016740///GO:0016772	GO:0007254///GO:0007250///GO:0034605///GO:0019221///GO:0019221///GO:0002376///GO:0045087///GO:0070498///GO:0070498///GO:0031663///GO:0031663///GO:0032088///GO:0090370///GO:0045892///GO:0016310///GO:0043123///GO:0043507///GO:0043406///GO:0051092///GO:0051092///GO:0048661///GO:0046777///GO:0046777///GO:0051259///GO:0006468///GO:0001959///GO:0070555///GO:0032496///GO:0032496///GO:0032494///GO:0007165///GO:0034134///GO:0034134///GO:0034142	GO:0005737///GO:0005811///GO:0016020///GO:0016020///GO:0005634
1460246_at	0.648188916570641	0.175773750712171	1.39796979060219	-5.3049104906708	0.298565447005406	Mecp2	methyl CpG binding protein 2	17257	X 37.63 cM	DNA binding///chromatin DNA binding///chromatin binding///double-stranded methylated DNA binding///double-stranded methylated DNA binding///double-stranded methylated DNA binding///enzyme binding///four-way junction DNA binding///mRNA binding///methyl-CpG binding///methyl-CpG binding///poly(A) RNA binding///protein N-terminus binding///protein binding///protein domain specific binding///sequence-specific DNA binding transcription factor activity///sequence-specific DNA binding transcription factor activity///siRNA binding///transcription factor binding///unmethylated CpG binding	adult locomotory behavior///behavioral fear response///brain development///cardiolipin metabolic process///catecholamine secretion///cellular biogenic amine metabolic process///cerebellum development///chromatin silencing///dendrite development///embryo development///glucocorticoid metabolic process///glutamine metabolic process///histone acetylation///histone methylation///inositol metabolic process///learning///long-term memory///long-term synaptic potentiation///memory///mitochondrial electron transport, ubiquinol to cytochrome c///multicellular organismal response to stress///negative regulation of histone acetylation///negative regulation of histone methylation///negative regulation of neuron apoptotic process///negative regulation of transcription from RNA polymerase II promoter///negative regulation of transcription, DNA-templated///negative regulation of transcription, DNA-templated///negative regulation of transcription, DNA-templated///negative regulation of transcription, DNA-templated///neurological system process involved in regulation of systemic arterial blood pressure///neuromuscular process///neuromuscular process controlling posture///neuron differentiation///neuron maturation///neuron projection development///pathogenesis///phosphatidylcholine metabolic process///positive regulation of cell proliferation///positive regulation of synapse assembly///positive regulation of transcription, DNA-templated///post-embryonic development///proprioception///protein localization///regulation of excitatory postsynaptic membrane potential///regulation of gene expression///regulation of gene expression by genetic imprinting///regulation of gene expression, epigenetic///regulation of respiratory gaseous exchange by neurological system process///regulation of synaptic plasticity///regulation of transcription, DNA-templated///respiratory gaseous exchange///response to hypoxia///sensory perception of pain///social behavior///startle response///synapse assembly///synaptic transmission///transcription, DNA-templated///ventricular system development///visual learning	cell///cytoplasm///cytosol///cytosol///extracellular space///heterochromatin///colocalizes_with heterochromatin///heterochromatin///nuclear chromatin///nucleus///nucleus///protein complex	GO:0003677///GO:0031490///GO:0003682///GO:0010385///GO:0010385///GO:0010385///GO:0019899///GO:0000400///GO:0003729///GO:0008327///GO:0008327///GO:0044822///GO:0047485///GO:0005515///GO:0019904///GO:0003700///GO:0003700///GO:0035197///GO:0008134///GO:0045322	GO:0008344///GO:0001662///GO:0007420///GO:0032048///GO:0050432///GO:0006576///GO:0021549///GO:0006342///GO:0016358///GO:0009790///GO:0008211///GO:0006541///GO:0016573///GO:0016571///GO:0006020///GO:0007612///GO:0007616///GO:0060291///GO:0007613///GO:0006122///GO:0033555///GO:0035067///GO:0031061///GO:0043524///GO:0000122///GO:0045892///GO:0045892///GO:0045892///GO:0045892///GO:0001976///GO:0050905///GO:0050884///GO:0030182///GO:0042551///GO:0031175///GO:0009405///GO:0046470///GO:0008284///GO:0051965///GO:0045893///GO:0009791///GO:0019230///GO:0008104///GO:0060079///GO:0010468///GO:0006349///GO:0040029///GO:0002087///GO:0048167///GO:0006355///GO:0007585///GO:0001666///GO:0019233///GO:0035176///GO:0001964///GO:0007416///GO:0007268///GO:0006351///GO:0021591///GO:0008542	GO:0005623///GO:0005737///GO:0005829///GO:0005829///GO:0005615///GO:0000792///colocalizes_with GO:0000792///GO:0000792///GO:0000790///GO:0005634///GO:0005634///GO:0043234
1416788_a_at	0.649838648832152	0.177824952428331	1.39108442066359	-5.31377268428373	0.177697429029672	Idh3g	isocitrate dehydrogenase 3 (NAD+), gamma	15929	X 37.41 cM	ATP binding///NAD binding///isocitrate dehydrogenase (NAD+) activity///magnesium ion binding///metal ion binding///nucleotide binding///oxidoreductase activity///oxidoreductase activity, acting on the CH-OH group of donors, NAD or NADP as acceptor	2-oxoglutarate metabolic process///NADH metabolic process///isocitrate metabolic process///negative regulation of growth///oxidation-reduction process///tricarboxylic acid cycle	mitochondrion///mitochondrion///nucleus	GO:0005524///GO:0051287///GO:0004449///GO:0000287///GO:0046872///GO:0000166///GO:0016491///GO:0016616	GO:0006103///GO:0006734///GO:0006102///GO:0045926///GO:0055114///GO:0006099	GO:0005739///GO:0005739///GO:0005634
1421958_at	0.665396248214895	0.1927573477607	1.34277009527655	-5.374924730556	1.12327916030262	L1cam	L1 cell adhesion molecule	16728	X 37.43 cM	PDZ domain binding///identical protein binding///integrin binding///protein binding///protein self-association///sialic acid binding	axon guidance///axon guidance///axon guidance///cell adhesion///cell differentiation///cell surface receptor signaling pathway///cell-cell adhesion mediated by integrin///heterophilic cell-cell adhesion via plasma membrane cell adhesion molecules///homophilic cell adhesion via plasma membrane adhesion molecules///homotypic cell-cell adhesion///leukocyte cell-cell adhesion///multicellular organismal development///nervous system development///neuron projection development///neuron projection development///positive regulation of calcium-mediated signaling///positive regulation of cell-cell adhesion	cell surface///cell surface///external side of plasma membrane///focal adhesion///integral component of membrane///membrane///membrane raft///plasma membrane///presynaptic membrane///terminal bouton	GO:0030165///GO:0042802///GO:0005178///GO:0005515///GO:0043621///GO:0033691	GO:0007411///GO:0007411///GO:0007411///GO:0007155///GO:0030154///GO:0007166///GO:0033631///GO:0007157///GO:0007156///GO:0034109///GO:0007159///GO:0007275///GO:0007399///GO:0031175///GO:0031175///GO:0050850///GO:0022409	GO:0009986///GO:0009986///GO:0009897///GO:0005925///GO:0016021///GO:0016020///GO:0045121///GO:0005886///GO:0042734///GO:0043195
1438647_x_at	0.670807929117199	0.199267067225093	-1.32262566522623	-5.39988230056354	-0.218789951346429	Cetn2	centrin 2	26370	X 37.29 cM	G-protein beta/gamma-subunit complex binding///calcium ion binding///heterotrimeric G-protein binding///metal ion binding///microtubule binding	DNA repair///cell cycle///cell division///cellular response to DNA damage stimulus///centriole replication///mitotic nuclear division///nucleotide-excision repair///regulation of cytokinesis	XPC complex///centriole///centriole///centrosome///centrosome///ciliary basal body///cilium///cytoplasm///cytoskeleton///intracellular///nucleus///photoreceptor connecting cilium	GO:0031683///GO:0005509///GO:0032795///GO:0046872///GO:0008017	GO:0006281///GO:0007049///GO:0051301///GO:0006974///GO:0007099///GO:0007067///GO:0006289///GO:0032465	GO:0071942///GO:0005814///GO:0005814///GO:0005813///GO:0005813///GO:0036064///GO:0005929///GO:0005737///GO:0005856///GO:0005622///GO:0005634///GO:0032391
1421972_s_at	0.671924638796261	0.201834081502299	-1.31482318514457	-5.40946293636398	-0.36864139913274	Hcfc1	host cell factor C1	15161	X 37.52 cM	RNA polymerase II distal enhancer sequence-specific DNA binding transcription factor activity involved in positive regulation of transcription///chromatin binding///contributes_to histone acetyltransferase activity (H4-K16 specific)///contributes_to histone acetyltransferase activity (H4-K5 specific)///contributes_to histone acetyltransferase activity (H4-K8 specific)///identical protein binding///protein binding///transcription coactivator activity///transcription coactivator activity	cell cycle///chromatin modification///histone H4-K16 acetylation///histone H4-K5 acetylation///histone H4-K8 acetylation///negative regulation of transcription from RNA polymerase II promoter///positive regulation of gene expression///positive regulation of transcription from RNA polymerase II promoter///protein stabilization///regulation of RNA biosynthetic process///regulation of protein complex assembly///regulation of transcription, DNA-templated///release from viral latency///transcription from RNA polymerase II promoter	colocalizes_with Ada2/Gcn5/Ada3 transcription activator complex///MLL1 complex///MLL5-L complex///colocalizes_with SAGA-type complex///Set1C/COMPASS complex///cytoplasm///cytoplasm///histone acetyltransferase complex///membrane///mitochondrion///neuronal cell body///nucleus///nucleus	GO:0001205///GO:0003682///contributes_to GO:0046972///contributes_to GO:0043995///contributes_to GO:0043996///GO:0042802///GO:0005515///GO:0003713///GO:0003713	GO:0007049///GO:0016568///GO:0043984///GO:0043981///GO:0043982///GO:0000122///GO:0010628///GO:0045944///GO:0050821///GO:2001141///GO:0043254///GO:0006355///GO:0019046///GO:0006366	colocalizes_with GO:0005671///GO:0071339///GO:0070688///colocalizes_with GO:0070461///GO:0048188///GO:0005737///GO:0005737///GO:0000123///GO:0016020///GO:0005739///GO:0043025///GO:0005634///GO:0005634
1450919_at	0.673769907966788	0.203423930512002	-1.31002948237429	-5.41532516843684	-0.236981416290348	Mpp1	membrane protein, palmitoylated	17524	X 38.15 cM	protein binding	regulation of neutrophil chemotaxis	cell projection///cortical cytoskeleton///intracellular///membrane///membrane	GO:0005515	GO:0090022	GO:0042995///GO:0030863///GO:0005622///GO:0016020///GO:0016020
1451227_a_at	0.683231076207306	0.212627421248199	-1.28283625736533	-5.44823336726549	-0.293924333078802	Slc10a3	solute carrier family 10 (sodium/bile acid cotransporter family), member 3	214601	X 38.0 cM	symporter activity	response to organic substance///response to retinoic acid///transport	integral component of membrane///membrane	GO:0015293	GO:0010033///GO:0032526///GO:0006810	GO:0016021///GO:0016020
1437553_at	0.689637374152637	0.217893800586173	1.26768238182694	-5.46631496798516	0.589212679174387	Brcc3	BRCA1/BRCA2-containing complex, subunit 3	210766	X	enzyme regulator activity///hydrolase activity///metal ion binding///metallopeptidase activity///peptidase activity///polyubiquitin binding///protein binding///pyroglutamyl-peptidase activity///ubiquitin thiolesterase activity///ubiquitin-specific protease activity	DNA repair///G2 DNA damage checkpoint///cellular response to DNA damage stimulus///chromatin modification///double-strand break repair///histone H2A K63-linked deubiquitination///positive regulation of DNA repair///protein K63-linked deubiquitination///proteolysis///regulation of catalytic activity///response to X-ray///response to ionizing radiation	BRCA1-A complex///BRISC complex///nuclear ubiquitin ligase complex///nucleus///ubiquitin ligase complex	GO:0030234///GO:0016787///GO:0046872///GO:0008237///GO:0008233///GO:0031593///GO:0005515///GO:0016920///GO:0004221///GO:0004843	GO:0006281///GO:0031572///GO:0006974///GO:0016568///GO:0006302///GO:0070537///GO:0045739///GO:0070536///GO:0006508///GO:0050790///GO:0010165///GO:0010212	GO:0070531///GO:0070552///GO:0000152///GO:0005634///GO:0000151
1416207_at	0.690688427423102	0.220165223745869	1.26123317045687	-5.47395404128878	0.223022443467265	Taz	tafazzin	66826	X 37.95 cM	1-acylglycerophosphocholine O-acyltransferase activity	cardiac muscle contraction///cardiac muscle tissue development///cardiolipin biosynthetic process///cristae formation///heart development///hemopoiesis///mitochondrial ATP synthesis coupled electron transport///mitochondrial respiratory chain complex I assembly///muscle contraction///phosphatidylglycerol metabolic process///skeletal muscle tissue development	cytosol///membrane///mitochondrion///nucleus	GO:0047184	GO:0060048///GO:0048738///GO:0032049///GO:0042407///GO:0007507///GO:0030097///GO:0042775///GO:0032981///GO:0006936///GO:0046471///GO:0007519	GO:0005829///GO:0016020///GO:0005739///GO:0005634
1419516_at	0.690688427423102	0.220203286959538	1.26112553361125	-5.4740812518193	0.237658915368828	Fam50a	family with sequence similarity 50, member A	108160	X	poly(A) RNA binding		nucleus	GO:0044822		GO:0005634
1448668_a_at	0.690688427423102	0.220286540551769	1.26089015507219	-5.47435940114892	0.520104394011872	Irak1	interleukin-1 receptor-associated kinase 1	16179	X 37.61 cM	ATP binding///heat shock protein binding///interleukin-1 receptor binding///kinase activity///nucleotide binding///protein binding///protein heterodimerization activity///protein homodimerization activity///protein kinase activity///protein kinase activity///protein serine/threonine kinase activity///transferase activity///transferase activity, transferring phosphorus-containing groups	JNK cascade///activation of NF-kappaB-inducing kinase activity///cellular response to heat///cytokine-mediated signaling pathway///cytokine-mediated signaling pathway///immune system process///innate immune response///interleukin-1-mediated signaling pathway///interleukin-1-mediated signaling pathway///lipopolysaccharide-mediated signaling pathway///lipopolysaccharide-mediated signaling pathway///negative regulation of NF-kappaB transcription factor activity///negative regulation of cholesterol efflux///negative regulation of transcription, DNA-templated///phosphorylation///positive regulation of I-kappaB kinase/NF-kappaB signaling///positive regulation of JUN kinase activity///positive regulation of MAP kinase activity///positive regulation of NF-kappaB transcription factor activity///positive regulation of NF-kappaB transcription factor activity///positive regulation of smooth muscle cell proliferation///protein autophosphorylation///protein autophosphorylation///protein oligomerization///protein phosphorylation///regulation of cytokine-mediated signaling pathway///response to interleukin-1///response to lipopolysaccharide///response to lipopolysaccharide///response to peptidoglycan///signal transduction///toll-like receptor 2 signaling pathway///toll-like receptor 2 signaling pathway///toll-like receptor 4 signaling pathway	cytoplasm///lipid particle///membrane///membrane///nucleus	GO:0005524///GO:0031072///GO:0005149///GO:0016301///GO:0000166///GO:0005515///GO:0046982///GO:0042803///GO:0004672///GO:0004672///GO:0004674///GO:0016740///GO:0016772	GO:0007254///GO:0007250///GO:0034605///GO:0019221///GO:0019221///GO:0002376///GO:0045087///GO:0070498///GO:0070498///GO:0031663///GO:0031663///GO:0032088///GO:0090370///GO:0045892///GO:0016310///GO:0043123///GO:0043507///GO:0043406///GO:0051092///GO:0051092///GO:0048661///GO:0046777///GO:0046777///GO:0051259///GO:0006468///GO:0001959///GO:0070555///GO:0032496///GO:0032496///GO:0032494///GO:0007165///GO:0034134///GO:0034134///GO:0034142	GO:0005737///GO:0005811///GO:0016020///GO:0016020///GO:0005634
1428316_a_at	0.697939002256565	0.230719313043387	1.23191728204907	-5.50825377913499	0.297355067887626	Fundc2	FUN14 domain containing 2	67391	X	molecular_function	biological_process///mitochondrion degradation	integral component of mitochondrial outer membrane///mitochondrion///nucleus	GO:0003674	GO:0008150///GO:0000422	GO:0031307///GO:0005739///GO:0005634
1417357_at	0.697939002256565	0.231180186246232	-1.23066058106278	-5.509708491588	-0.812706080136214	Emd	emerin	13726	X 37.92 cM	actin binding///beta-tubulin binding///protein binding	cellular response to growth factor stimulus///negative regulation of catenin import into nucleus///negative regulation of fibroblast proliferation///positive regulation of protein export from nucleus///regulation of canonical Wnt signaling pathway///skeletal muscle cell differentiation///skeletal muscle cell differentiation	endoplasmic reticulum///integral component of membrane///membrane///microtubule///nuclear envelope///nuclear envelope///nuclear inner membrane///nuclear lamina///nuclear membrane///nuclear outer membrane///nucleus///spindle	GO:0003779///GO:0048487///GO:0005515	GO:0071363///GO:0035414///GO:0048147///GO:0046827///GO:0060828///GO:0035914///GO:0035914	GO:0005783///GO:0016021///GO:0016020///GO:0005874///GO:0005635///GO:0005635///GO:0005637///GO:0005652///GO:0031965///GO:0005640///GO:0005634///GO:0005819
1422933_at	0.703246665745286	0.237428003635948	1.2138084997043	-5.52909101747919	1.32372235768056	Xlr5b///Xlr5a///Xlr5c	X-linked lymphocyte-regulated 5B///X-linked lymphocyte-regulated 5A///X-linked lymphocyte-regulated 5C	627081///574438///27084	X///X///X 37.29 cM	molecular_function///molecular_function///molecular_function	biological_process///biological_process///biological_process	cellular_component///cellular_component///cellular_component	GO:0003674///GO:0003674///GO:0003674	GO:0008150///GO:0008150///GO:0008150	GO:0005575///GO:0005575///GO:0005575
1449266_at	0.718722267443581	0.257555344053934	1.16169085357871	-5.58755245221325	0.6075643765068	Mecp2	methyl CpG binding protein 2	17257	X 37.63 cM	DNA binding///chromatin DNA binding///chromatin binding///double-stranded methylated DNA binding///double-stranded methylated DNA binding///double-stranded methylated DNA binding///enzyme binding///four-way junction DNA binding///mRNA binding///methyl-CpG binding///methyl-CpG binding///poly(A) RNA binding///protein N-terminus binding///protein binding///protein domain specific binding///sequence-specific DNA binding transcription factor activity///sequence-specific DNA binding transcription factor activity///siRNA binding///transcription factor binding///unmethylated CpG binding	adult locomotory behavior///behavioral fear response///brain development///cardiolipin metabolic process///catecholamine secretion///cellular biogenic amine metabolic process///cerebellum development///chromatin silencing///dendrite development///embryo development///glucocorticoid metabolic process///glutamine metabolic process///histone acetylation///histone methylation///inositol metabolic process///learning///long-term memory///long-term synaptic potentiation///memory///mitochondrial electron transport, ubiquinol to cytochrome c///multicellular organismal response to stress///negative regulation of histone acetylation///negative regulation of histone methylation///negative regulation of neuron apoptotic process///negative regulation of transcription from RNA polymerase II promoter///negative regulation of transcription, DNA-templated///negative regulation of transcription, DNA-templated///negative regulation of transcription, DNA-templated///negative regulation of transcription, DNA-templated///neurological system process involved in regulation of systemic arterial blood pressure///neuromuscular process///neuromuscular process controlling posture///neuron differentiation///neuron maturation///neuron projection development///pathogenesis///phosphatidylcholine metabolic process///positive regulation of cell proliferation///positive regulation of synapse assembly///positive regulation of transcription, DNA-templated///post-embryonic development///proprioception///protein localization///regulation of excitatory postsynaptic membrane potential///regulation of gene expression///regulation of gene expression by genetic imprinting///regulation of gene expression, epigenetic///regulation of respiratory gaseous exchange by neurological system process///regulation of synaptic plasticity///regulation of transcription, DNA-templated///respiratory gaseous exchange///response to hypoxia///sensory perception of pain///social behavior///startle response///synapse assembly///synaptic transmission///transcription, DNA-templated///ventricular system development///visual learning	cell///cytoplasm///cytosol///cytosol///extracellular space///heterochromatin///colocalizes_with heterochromatin///heterochromatin///nuclear chromatin///nucleus///nucleus///protein complex	GO:0003677///GO:0031490///GO:0003682///GO:0010385///GO:0010385///GO:0010385///GO:0019899///GO:0000400///GO:0003729///GO:0008327///GO:0008327///GO:0044822///GO:0047485///GO:0005515///GO:0019904///GO:0003700///GO:0003700///GO:0035197///GO:0008134///GO:0045322	GO:0008344///GO:0001662///GO:0007420///GO:0032048///GO:0050432///GO:0006576///GO:0021549///GO:0006342///GO:0016358///GO:0009790///GO:0008211///GO:0006541///GO:0016573///GO:0016571///GO:0006020///GO:0007612///GO:0007616///GO:0060291///GO:0007613///GO:0006122///GO:0033555///GO:0035067///GO:0031061///GO:0043524///GO:0000122///GO:0045892///GO:0045892///GO:0045892///GO:0045892///GO:0001976///GO:0050905///GO:0050884///GO:0030182///GO:0042551///GO:0031175///GO:0009405///GO:0046470///GO:0008284///GO:0051965///GO:0045893///GO:0009791///GO:0019230///GO:0008104///GO:0060079///GO:0010468///GO:0006349///GO:0040029///GO:0002087///GO:0048167///GO:0006355///GO:0007585///GO:0001666///GO:0019233///GO:0035176///GO:0001964///GO:0007416///GO:0007268///GO:0006351///GO:0021591///GO:0008542	GO:0005623///GO:0005737///GO:0005829///GO:0005829///GO:0005615///GO:0000792///colocalizes_with GO:0000792///GO:0000792///GO:0000790///GO:0005634///GO:0005634///GO:0043234
1422711_a_at	0.724531739536412	0.267013415866173	1.13824120966621	-5.61311845098774	0.546475252236943	Pnck	pregnancy upregulated non-ubiquitously expressed CaM kinase	93843	X 37.38 cM	ATP binding///calmodulin binding///calmodulin-dependent protein kinase activity///kinase activity///nucleotide binding///protein kinase activity///protein serine/threonine kinase activity///transferase activity///transferase activity, transferring phosphorus-containing groups	phosphorylation///protein phosphorylation	calcium- and calmodulin-dependent protein kinase complex///cytoplasm///nucleus	GO:0005524///GO:0005516///GO:0004683///GO:0016301///GO:0000166///GO:0004672///GO:0004674///GO:0016740///GO:0016772	GO:0016310///GO:0006468	GO:0005954///GO:0005737///GO:0005634
1449567_at	0.738338277293747	0.28410892459461	1.09735659782285	-5.65658405738448	0.420072422325078	Tktl1	transketolase-like 1	83553	X	catalytic activity///metal ion binding///transferase activity///transketolase activity	metabolic process	cellular_component///cytoplasm///nucleus	GO:0003824///GO:0046872///GO:0016740///GO:0004802	GO:0008152	GO:0005575///GO:0005737///GO:0005634
1423965_at	0.741309974589062	0.288962456416684	1.08607559740384	-5.6683271897194	0.230640353572026	Cd99l2	CD99 antigen-like 2	171486	X		cell adhesion	cell junction///focal adhesion///integral component of membrane///membrane///plasma membrane		GO:0007155	GO:0030054///GO:0005925///GO:0016021///GO:0016020///GO:0005886
1450161_at	0.746670166483324	0.296897774506149	-1.06792153314933	-5.68699630470913	-0.764875257804391	Ikbkg	inhibitor of kappaB kinase gamma	16151	X	K63-linked polyubiquitin binding///kinase activity///linear polyubiquitin binding///metal ion binding///peroxisome proliferator activated receptor binding///protein binding///protein domain specific binding///protein heterodimerization activity///protein homodimerization activity///transferase activity///ubiquitin protein ligase binding	B cell homeostasis///activation of NF-kappaB-inducing kinase activity///cellular response to DNA damage stimulus///phosphorylation///positive regulation of I-kappaB kinase/NF-kappaB signaling///positive regulation of NF-kappaB transcription factor activity///positive regulation of transcription from RNA polymerase II promoter///regulation of transcription, DNA-templated///transcription, DNA-templated	IkappaB kinase complex///cytoplasm///cytoplasm///cytosol///intracellular///nucleus	GO:0070530///GO:0016301///GO:1990450///GO:0046872///GO:0042975///GO:0005515///GO:0019904///GO:0046982///GO:0042803///GO:0016740///GO:0031625	GO:0001782///GO:0007250///GO:0006974///GO:0016310///GO:0043123///GO:0051092///GO:0045944///GO:0006355///GO:0006351	GO:0008385///GO:0005737///GO:0005737///GO:0005829///GO:0005622///GO:0005634
1433736_at	0.746972643072114	0.297385134462976	-1.06681794849937	-5.68812207850019	-0.196729021068773	Hcfc1	host cell factor C1	15161	X 37.52 cM	RNA polymerase II distal enhancer sequence-specific DNA binding transcription factor activity involved in positive regulation of transcription///chromatin binding///contributes_to histone acetyltransferase activity (H4-K16 specific)///contributes_to histone acetyltransferase activity (H4-K5 specific)///contributes_to histone acetyltransferase activity (H4-K8 specific)///identical protein binding///protein binding///transcription coactivator activity///transcription coactivator activity	cell cycle///chromatin modification///histone H4-K16 acetylation///histone H4-K5 acetylation///histone H4-K8 acetylation///negative regulation of transcription from RNA polymerase II promoter///positive regulation of gene expression///positive regulation of transcription from RNA polymerase II promoter///protein stabilization///regulation of RNA biosynthetic process///regulation of protein complex assembly///regulation of transcription, DNA-templated///release from viral latency///transcription from RNA polymerase II promoter	colocalizes_with Ada2/Gcn5/Ada3 transcription activator complex///MLL1 complex///MLL5-L complex///colocalizes_with SAGA-type complex///Set1C/COMPASS complex///cytoplasm///cytoplasm///histone acetyltransferase complex///membrane///mitochondrion///neuronal cell body///nucleus///nucleus	GO:0001205///GO:0003682///contributes_to GO:0046972///contributes_to GO:0043995///contributes_to GO:0043996///GO:0042802///GO:0005515///GO:0003713///GO:0003713	GO:0007049///GO:0016568///GO:0043984///GO:0043981///GO:0043982///GO:0000122///GO:0010628///GO:0045944///GO:0050821///GO:2001141///GO:0043254///GO:0006355///GO:0019046///GO:0006366	colocalizes_with GO:0005671///GO:0071339///GO:0070688///colocalizes_with GO:0070461///GO:0048188///GO:0005737///GO:0005737///GO:0000123///GO:0016020///GO:0005739///GO:0043025///GO:0005634///GO:0005634
1422327_s_at	0.756704231808747	0.316318149665257	-1.02490494081289	-5.73009943149547	-0.796284047191212	G6pdx///G6pd2	glucose-6-phosphate dehydrogenase X-linked///glucose-6-phosphate dehydrogenase 2	14381///14380	X 38.0 cM///5 31.99 cM	NADP binding///carbohydrate binding///glucose binding///glucose-6-phosphate dehydrogenase activity///glucose-6-phosphate dehydrogenase activity///glucose-6-phosphate dehydrogenase activity///oxidoreductase activity///protein homodimerization activity///protein homodimerization activity///NADP binding///glucose-6-phosphate dehydrogenase activity///oxidoreductase activity	NADP biosynthetic process///NADP biosynthetic process///NADP metabolic process///NADPH regeneration///angiotensin mediated vasoconstriction involved in regulation of systemic arterial blood pressure///carbohydrate metabolic process///cellular response to oxidative stress///cholesterol biosynthetic process///cytokine production///cytokine production///erythrocyte development///erythrocyte maturation///glucose 6-phosphate metabolic process///glucose metabolic process///glutathione metabolic process///glutathione metabolic process///interleukin-10 production///interleukin-12 production///negative regulation of protein glutathionylation///oxidation-reduction process///oxidation-reduction process///pentose biosynthetic process///pentose biosynthetic process///pentose biosynthetic process///pentose-phosphate shunt///pentose-phosphate shunt, oxidative branch///regulation of multicellular organism growth///regulation of neuron apoptotic process///response to ethanol///response to oxidative stress///ribose phosphate biosynthetic process///vasodilation by angiotensin involved in regulation of systemic arterial blood pressure///carbohydrate metabolic process///glucose metabolic process///oxidation-reduction process	cytoplasm///cytoplasmic side of plasma membrane///cytosol///extracellular vesicular exosome///intracellular membrane-bounded organelle///membrane///nucleus	GO:0050661///GO:0030246///GO:0005536///GO:0004345///GO:0004345///GO:0004345///GO:0016491///GO:0042803///GO:0042803///GO:0050661///GO:0004345///GO:0016491	GO:0006741///GO:0006741///GO:0006739///GO:0006740///GO:0001998///GO:0005975///GO:0034599///GO:0006695///GO:0001816///GO:0001816///GO:0048821///GO:0043249///GO:0051156///GO:0006006///GO:0006749///GO:0006749///GO:0032613///GO:0032615///GO:0010734///GO:0055114///GO:0055114///GO:0019322///GO:0019322///GO:0019322///GO:0006098///GO:0009051///GO:0040014///GO:0043523///GO:0045471///GO:0006979///GO:0046390///GO:0002033///GO:0005975///GO:0006006///GO:0055114	GO:0005737///GO:0009898///GO:0005829///GO:0070062///GO:0043231///GO:0016020///GO:0005634
1449213_at	0.766083051470836	0.330409283363545	0.994840538498525	-5.75926924307236	0.27688044924396	Lage3	L antigen family, member 3	66192	X A6	molecular_function	biological_process///tRNA processing	cellular_component///nucleus	GO:0003674	GO:0008150///GO:0008033	GO:0005575///GO:0005634
1424539_at	0.77004009933603	0.337945023183263	0.979125786338103	-5.77420107790139	0.241461854156379	Ubl4	ubiquitin-like 4	27643	X 38.0 cM		tail-anchored membrane protein insertion into ER membrane///transport	BAT3 complex///cytoplasm///cytosol		GO:0071816///GO:0006810	GO:0071818///GO:0005737///GO:0005829
1420995_at	0.771920210141319	0.344532216266647	-0.965584875105555	-5.78689280731093	-0.675487391484294	Plxna3	plexin A3	18846	X 38.0 cM	receptor activity///semaphorin receptor activity	axon guidance///hippocampus development///multicellular organismal development///negative chemotaxis///negative regulation of axon extension involved in axon guidance///positive regulation of cytoskeleton organization///pyramidal neuron development///semaphorin-plexin signaling pathway///signal transduction	integral component of membrane///intracellular///membrane///plasma membrane	GO:0004872///GO:0017154	GO:0007411///GO:0021766///GO:0007275///GO:0050919///GO:0048843///GO:0051495///GO:0021860///GO:0071526///GO:0007165	GO:0016021///GO:0005622///GO:0016020///GO:0005886
1417116_at	0.777566809845922	0.352777986807786	0.948880750473739	-5.80232583624753	0.174051866825964	Slc6a8	solute carrier family 6 (neurotransmitter transporter, creatine), member 8	102857	X 37.38 cM	choline transmembrane transporter activity///creatine transmembrane transporter activity///creatine transmembrane transporter activity///creatine:sodium symporter activity///neurotransmitter:sodium symporter activity///symporter activity	choline transport///cofactor transport///creatine transmembrane transport///creatine transmembrane transport///creatine transport///creatine transport///ion transport///neurotransmitter transport///sodium ion transmembrane transport///sodium ion transport///transport	integral component of membrane///integral component of plasma membrane///membrane	GO:0015220///GO:0005308///GO:0005308///GO:0005309///GO:0005328///GO:0015293	GO:0015871///GO:0051181///GO:1902598///GO:1902598///GO:0015881///GO:0015881///GO:0006811///GO:0006836///GO:0035725///GO:0006814///GO:0006810	GO:0016021///GO:0005887///GO:0016020
1426605_at	0.777566809845922	0.353269660014467	-0.947893120743122	-5.80323056013009	-0.432599192947593	Brcc3	BRCA1/BRCA2-containing complex, subunit 3	210766	X	enzyme regulator activity///hydrolase activity///metal ion binding///metallopeptidase activity///peptidase activity///polyubiquitin binding///protein binding///pyroglutamyl-peptidase activity///ubiquitin thiolesterase activity///ubiquitin-specific protease activity	DNA repair///G2 DNA damage checkpoint///cellular response to DNA damage stimulus///chromatin modification///double-strand break repair///histone H2A K63-linked deubiquitination///positive regulation of DNA repair///protein K63-linked deubiquitination///proteolysis///regulation of catalytic activity///response to X-ray///response to ionizing radiation	BRCA1-A complex///BRISC complex///nuclear ubiquitin ligase complex///nucleus///ubiquitin ligase complex	GO:0030234///GO:0016787///GO:0046872///GO:0008237///GO:0008233///GO:0031593///GO:0005515///GO:0016920///GO:0004221///GO:0004843	GO:0006281///GO:0031572///GO:0006974///GO:0016568///GO:0006302///GO:0070537///GO:0045739///GO:0070536///GO:0006508///GO:0050790///GO:0010165///GO:0010212	GO:0070531///GO:0070552///GO:0000152///GO:0005634///GO:0000151
1420064_s_at	0.778775341517161	0.354953582857422	0.944517618858779	-5.80631616152615	0.36219890586004	Tktl1	transketolase-like 1	83553	X	catalytic activity///metal ion binding///transferase activity///transketolase activity	metabolic process	cellular_component///cytoplasm///nucleus	GO:0003824///GO:0046872///GO:0016740///GO:0004802	GO:0008152	GO:0005575///GO:0005737///GO:0005634
1433844_a_at	0.785783349954264	0.366675809136877	0.921312886743036	-5.82725317213113	0.659523573958819	Dusp9	dual specificity phosphatase 9	75590	X B	MAP kinase tyrosine/serine/threonine phosphatase activity///hydrolase activity///kinase activity///phosphoprotein phosphatase activity///protein tyrosine phosphatase activity///transferase activity	dephosphorylation///inactivation of MAPK activity///phosphorylation///protein dephosphorylation	cytoplasm	GO:0017017///GO:0016787///GO:0016301///GO:0004721///GO:0004725///GO:0016740	GO:0016311///GO:0000188///GO:0016310///GO:0006470	GO:0005737
1460434_at	0.790140141378528	0.374239817950248	-0.906601037946981	-5.84027786214924	-0.347662536872745	Fundc2	FUN14 domain containing 2	67391	X	molecular_function	biological_process///mitochondrion degradation	integral component of mitochondrial outer membrane///mitochondrion///nucleus	GO:0003674	GO:0008150///GO:0000422	GO:0031307///GO:0005739///GO:0005634
1416222_at	0.813350517519922	0.419787141643443	0.82187233915888	-5.91148428093766	0.182326676171945	Nsdhl	NAD(P) dependent steroid dehydrogenase-like	18194	X 37.29 cM	3-beta-hydroxy-delta5-steroid dehydrogenase activity///oxidoreductase activity///oxidoreductase activity, acting on the CH-OH group of donors, NAD or NADP as acceptor///sterol-4-alpha-carboxylate 3-dehydrogenase (decarboxylating) activity	cholesterol biosynthetic process///cholesterol metabolic process///hair follicle development///labyrinthine layer blood vessel development///lipid metabolic process///oxidation-reduction process///smoothened signaling pathway///steroid biosynthetic process///steroid metabolic process///sterol biosynthetic process	endoplasmic reticulum///integral component of membrane///intracellular membrane-bounded organelle///lipid particle///membrane	GO:0003854///GO:0016491///GO:0016616///GO:0047012	GO:0006695///GO:0008203///GO:0001942///GO:0060716///GO:0006629///GO:0055114///GO:0007224///GO:0006694///GO:0008202///GO:0016126	GO:0005783///GO:0016021///GO:0043231///GO:0005811///GO:0016020
1435709_at	0.819698187105658	0.431425725681309	-0.801170083777638	-5.9278872902822	-0.470576573322671	Ssr4	signal sequence receptor, delta	20832	X 37.41 cM	molecular_function	biological_process	Sec61 translocon complex///endoplasmic reticulum///extracellular vesicular exosome///integral component of membrane///membrane	GO:0003674	GO:0008150	GO:0005784///GO:0005783///GO:0070062///GO:0016021///GO:0016020
1420996_at	0.834918482170693	0.467734173879437	0.73870516753966	-5.9749812184227	0.200501559607006	Plxna3	plexin A3	18846	X 38.0 cM	receptor activity///semaphorin receptor activity	axon guidance///hippocampus development///multicellular organismal development///negative chemotaxis///negative regulation of axon extension involved in axon guidance///positive regulation of cytoskeleton organization///pyramidal neuron development///semaphorin-plexin signaling pathway///signal transduction	integral component of membrane///intracellular///membrane///plasma membrane	GO:0004872///GO:0017154	GO:0007411///GO:0021766///GO:0007275///GO:0050919///GO:0048843///GO:0051495///GO:0021860///GO:0071526///GO:0007165	GO:0016021///GO:0005622///GO:0016020///GO:0005886
1421263_at	0.84335052958604	0.486550296240901	-0.707468810651313	-5.99716865486621	-0.456553837974043	Gabra3	gamma-aminobutyric acid (GABA) A receptor, subunit alpha 3	14396	X 37.24 cM	GABA-A receptor activity///chloride channel activity///extracellular ligand-gated ion channel activity///ion channel activity	chloride transport///gamma-aminobutyric acid signaling pathway///ion transport///signal transduction///synaptic transmission///transport	cell junction///chloride channel complex///integral component of membrane///membrane///plasma membrane///postsynaptic membrane///synapse	GO:0004890///GO:0005254///GO:0005230///GO:0005216	GO:0006821///GO:0007214///GO:0006811///GO:0007165///GO:0007268///GO:0006810	GO:0030054///GO:0034707///GO:0016021///GO:0016020///GO:0005886///GO:0045211///GO:0045202
1449558_at	0.855348838225359	0.513266146103235	-0.664289594617249	-6.02632970370645	-0.190505483627618	F8	coagulation factor VIII	14069	X 38.17 cM	copper ion binding///metal ion binding///oxidoreductase activity///serine-type endopeptidase activity	acute-phase response///blood coagulation///blood coagulation, intrinsic pathway///cell adhesion///hemostasis///oxidation-reduction process///platelet activation///proteolysis	extracellular region///extracellular space	GO:0005507///GO:0046872///GO:0016491///GO:0004252	GO:0006953///GO:0007596///GO:0007597///GO:0007155///GO:0007599///GO:0055114///GO:0030168///GO:0006508	GO:0005576///GO:0005615
1452128_a_at	0.857214942131539	0.519894920667774	0.653772509469871	-6.03316567667825	0.319717608480037	Brcc3	BRCA1/BRCA2-containing complex, subunit 3	210766	X	enzyme regulator activity///hydrolase activity///metal ion binding///metallopeptidase activity///peptidase activity///polyubiquitin binding///protein binding///pyroglutamyl-peptidase activity///ubiquitin thiolesterase activity///ubiquitin-specific protease activity	DNA repair///G2 DNA damage checkpoint///cellular response to DNA damage stimulus///chromatin modification///double-strand break repair///histone H2A K63-linked deubiquitination///positive regulation of DNA repair///protein K63-linked deubiquitination///proteolysis///regulation of catalytic activity///response to X-ray///response to ionizing radiation	BRCA1-A complex///BRISC complex///nuclear ubiquitin ligase complex///nucleus///ubiquitin ligase complex	GO:0030234///GO:0016787///GO:0046872///GO:0008237///GO:0008233///GO:0031593///GO:0005515///GO:0016920///GO:0004221///GO:0004843	GO:0006281///GO:0031572///GO:0006974///GO:0016568///GO:0006302///GO:0070537///GO:0045739///GO:0070536///GO:0006508///GO:0050790///GO:0010165///GO:0010212	GO:0070531///GO:0070552///GO:0000152///GO:0005634///GO:0000151
1418750_at	0.860265602229804	0.524765808746704	0.646091488701479	-6.03809197361072	0.166849663646803	Plxnb3	plexin B3	140571	X	Rho GDP-dissociation inhibitor binding///protein binding///protein domain specific binding///receptor activity///semaphorin receptor activity	cell chemotaxis///multicellular organismal development///negative regulation of GTPase activity///negative regulation of cell adhesion///negative regulation of cell migration///negative regulation of lamellipodium assembly///nervous system development///positive chemotaxis///positive regulation of endothelial cell proliferation///semaphorin-plexin signaling pathway///signal transduction	integral component of membrane///intracellular///membrane///plasma membrane	GO:0051022///GO:0005515///GO:0019904///GO:0004872///GO:0017154	GO:0060326///GO:0007275///GO:0034260///GO:0007162///GO:0030336///GO:0010593///GO:0007399///GO:0050918///GO:0001938///GO:0071526///GO:0007165	GO:0016021///GO:0005622///GO:0016020///GO:0005886
1423243_at	0.860471954667994	0.526130212891707	-0.643946935749103	-6.03945740118459	-0.413133377263198	Mpp1	membrane protein, palmitoylated	17524	X 38.15 cM	protein binding	regulation of neutrophil chemotaxis	cell projection///cortical cytoskeleton///intracellular///membrane///membrane	GO:0005515	GO:0090022	GO:0042995///GO:0030863///GO:0005622///GO:0016020///GO:0016020
1449347_a_at	0.861844340116587	0.529717107415863	0.638323521463815	-6.043017050479	0.208290276807786	Xlr4a///Xlr4c///Xlr4b	X-linked lymphocyte-regulated 4A///X-linked lymphocyte-regulated 4C///X-linked lymphocyte-regulated 4B	434794///72891///27083	X///X///X 37.29 cM	molecular_function///molecular_function///molecular_function	biological_process///biological_process///positive regulation of dendritic spine morphogenesis///positive regulation of synapse assembly	cellular_component///cellular_component///cellular_component	GO:0003674///GO:0003674///GO:0003674	GO:0008150///GO:0008150///GO:0061003///GO:0051965	GO:0005575///GO:0005575///GO:0005575
1418397_at	0.862982693682559	0.533232979222032	-0.632831480246728	-6.04646451317286	-0.150950734839027	Zfp275	zinc finger protein 275	27081	X 37.29 cM	metal ion binding			GO:0046872		
1421629_at	0.865116166553916	0.541228266645762	0.620414463574357	-6.05415303726105	0.269835387716565	Gabre	gamma-aminobutyric acid (GABA) A receptor, subunit epsilon	14404	X	GABA-A receptor activity	chloride transport///gamma-aminobutyric acid signaling pathway///ion transport///transport	cell junction///integral component of membrane///integral component of plasma membrane///membrane///plasma membrane///synapse	GO:0004890	GO:0006821///GO:0007214///GO:0006811///GO:0006810	GO:0030054///GO:0016021///GO:0005887///GO:0016020///GO:0005886///GO:0045202
1451070_at	0.87464003657677	0.566762118016229	0.581395781471458	-6.07735442554215	0.124827530205483	Gdi1	guanosine diphosphate (GDP) dissociation inhibitor 1	14567	X 37.97 cM	GTPase activator activity///Rab GDP-dissociation inhibitor activity///Rab GTPase binding	negative regulation of axonogenesis///negative regulation of protein targeting to membrane///protein transport///regulation of catalytic activity///response to calcium ion	Golgi apparatus///cytoplasm///midbody///neuron projection///protein complex	GO:0005096///GO:0005093///GO:0017137	GO:0050771///GO:0090315///GO:0015031///GO:0050790///GO:0051592	GO:0005794///GO:0005737///GO:0030496///GO:0043005///GO:0043234
1419296_at	0.875470161901267	0.569412182657184	0.577398855298808	-6.07964870684779	0.256349046063195	Arhgap4	Rho GTPase activating protein 4	171207	X	Rho GTPase activator activity	negative regulation of axon extension///negative regulation of fibroblast migration///positive regulation of Rho GTPase activity	colocalizes_with Golgi apparatus///cytoplasm///growth cone///colocalizes_with microtubule	GO:0005100	GO:0030517///GO:0010764///GO:0032321	colocalizes_with GO:0005794///GO:0005737///GO:0030426///colocalizes_with GO:0005874
1450277_at	0.887072643071013	0.598601397256692	0.533978105703582	-6.10358162892446	0.16642468984244	Avpr2	arginine vasopressin receptor 2	12000	X 37.46 cM	G-protein coupled receptor activity///signal transducer activity///vasopressin receptor activity	G-protein coupled receptor signaling pathway///I-kappaB kinase/NF-kappaB signaling///interferon-gamma production///negative regulation of renal sodium excretion///negative regulation of urine volume///positive regulation of blood pressure///positive regulation of cell proliferation///positive regulation of gene expression///positive regulation of systemic arterial blood pressure///response to cytokine///signal transduction	integral component of membrane///intracellular///membrane///plasma membrane	GO:0004930///GO:0004871///GO:0005000	GO:0007186///GO:0007249///GO:0032609///GO:0035814///GO:0035811///GO:0045777///GO:0008284///GO:0010628///GO:0003084///GO:0034097///GO:0007165	GO:0016021///GO:0005622///GO:0016020///GO:0005886
1454737_at	0.887515454649679	0.599905031448868	-0.532063483153884	-6.10459505458454	-0.307715457199775	Dusp9	dual specificity phosphatase 9	75590	X B	MAP kinase tyrosine/serine/threonine phosphatase activity///hydrolase activity///kinase activity///phosphoprotein phosphatase activity///protein tyrosine phosphatase activity///transferase activity	dephosphorylation///inactivation of MAPK activity///phosphorylation///protein dephosphorylation	cytoplasm	GO:0017017///GO:0016787///GO:0016301///GO:0004721///GO:0004725///GO:0016740	GO:0016311///GO:0000188///GO:0016310///GO:0006470	GO:0005737
1450435_at	0.890717484725575	0.608638022738284	0.519288786602937	-6.11126598868199	0.103606639109014	L1cam	L1 cell adhesion molecule	16728	X 37.43 cM	PDZ domain binding///identical protein binding///integrin binding///protein binding///protein self-association///sialic acid binding	axon guidance///axon guidance///axon guidance///cell adhesion///cell differentiation///cell surface receptor signaling pathway///cell-cell adhesion mediated by integrin///heterophilic cell-cell adhesion via plasma membrane cell adhesion molecules///homophilic cell adhesion via plasma membrane adhesion molecules///homotypic cell-cell adhesion///leukocyte cell-cell adhesion///multicellular organismal development///nervous system development///neuron projection development///neuron projection development///positive regulation of calcium-mediated signaling///positive regulation of cell-cell adhesion	cell surface///cell surface///external side of plasma membrane///focal adhesion///integral component of membrane///membrane///membrane raft///plasma membrane///presynaptic membrane///terminal bouton	GO:0030165///GO:0042802///GO:0005178///GO:0005515///GO:0043621///GO:0033691	GO:0007411///GO:0007411///GO:0007411///GO:0007155///GO:0030154///GO:0007166///GO:0033631///GO:0007157///GO:0007156///GO:0034109///GO:0007159///GO:0007275///GO:0007399///GO:0031175///GO:0031175///GO:0050850///GO:0022409	GO:0009986///GO:0009986///GO:0009897///GO:0005925///GO:0016021///GO:0016020///GO:0045121///GO:0005886///GO:0042734///GO:0043195
1415942_at	0.892220530932452	0.612561103167287	-0.513578543479058	-6.11419673617937	-0.168896757015805	Rpl10	ribosomal protein L10	110954	X 37.94 cM	poly(A) RNA binding///structural constituent of ribosome	translation	cytoplasm///cytosolic large ribosomal subunit///endoplasmic reticulum///membrane	GO:0044822///GO:0003735	GO:0006412	GO:0005737///GO:0022625///GO:0005783///GO:0016020
1418579_at	0.899963107827203	0.633130680157469	-0.483913994901794	-6.12891235325211	-0.310623472057145	Cetn2	centrin 2	26370	X 37.29 cM	G-protein beta/gamma-subunit complex binding///calcium ion binding///heterotrimeric G-protein binding///metal ion binding///microtubule binding	DNA repair///cell cycle///cell division///cellular response to DNA damage stimulus///centriole replication///mitotic nuclear division///nucleotide-excision repair///regulation of cytokinesis	XPC complex///centriole///centriole///centrosome///centrosome///ciliary basal body///cilium///cytoplasm///cytoskeleton///intracellular///nucleus///photoreceptor connecting cilium	GO:0031683///GO:0005509///GO:0032795///GO:0046872///GO:0008017	GO:0006281///GO:0007049///GO:0051301///GO:0006974///GO:0007099///GO:0007067///GO:0006289///GO:0032465	GO:0071942///GO:0005814///GO:0005814///GO:0005813///GO:0005813///GO:0036064///GO:0005929///GO:0005737///GO:0005856///GO:0005622///GO:0005634///GO:0032391
1421209_s_at	0.903156615370397	0.64664843809461	-0.464657892636478	-6.13800613311771	-0.104697771402284	Ikbkg	inhibitor of kappaB kinase gamma	16151	X	K63-linked polyubiquitin binding///kinase activity///linear polyubiquitin binding///metal ion binding///peroxisome proliferator activated receptor binding///protein binding///protein domain specific binding///protein heterodimerization activity///protein homodimerization activity///transferase activity///ubiquitin protein ligase binding	B cell homeostasis///activation of NF-kappaB-inducing kinase activity///cellular response to DNA damage stimulus///phosphorylation///positive regulation of I-kappaB kinase/NF-kappaB signaling///positive regulation of NF-kappaB transcription factor activity///positive regulation of transcription from RNA polymerase II promoter///regulation of transcription, DNA-templated///transcription, DNA-templated	IkappaB kinase complex///cytoplasm///cytoplasm///cytosol///intracellular///nucleus	GO:0070530///GO:0016301///GO:1990450///GO:0046872///GO:0042975///GO:0005515///GO:0019904///GO:0046982///GO:0042803///GO:0016740///GO:0031625	GO:0001782///GO:0007250///GO:0006974///GO:0016310///GO:0043123///GO:0051092///GO:0045944///GO:0006355///GO:0006351	GO:0008385///GO:0005737///GO:0005737///GO:0005829///GO:0005622///GO:0005634
1450346_at	0.903464113678217	0.64918814056455	0.461060099465878	-6.1396650899562	0.107212495379376	Gpr50	G-protein-coupled receptor 50	14765	X 36.98 cM	G-protein coupled receptor activity///identical protein binding///melatonin receptor activity///signal transducer activity	G-protein coupled receptor signaling pathway///signal transduction	integral component of membrane///membrane///plasma membrane	GO:0004930///GO:0042802///GO:0008502///GO:0004871	GO:0007186///GO:0007165	GO:0016021///GO:0016020///GO:0005886
1433845_x_at	0.908583779915826	0.662597435269597	0.442164830414214	-6.14817004066049	0.37345395707099	Dusp9	dual specificity phosphatase 9	75590	X B	MAP kinase tyrosine/serine/threonine phosphatase activity///hydrolase activity///kinase activity///phosphoprotein phosphatase activity///protein tyrosine phosphatase activity///transferase activity	dephosphorylation///inactivation of MAPK activity///phosphorylation///protein dephosphorylation	cytoplasm	GO:0017017///GO:0016787///GO:0016301///GO:0004721///GO:0004725///GO:0016740	GO:0016311///GO:0000188///GO:0016310///GO:0006470	GO:0005737
1418838_at	0.92358725183688	0.70185676404938	-0.387741620514395	-6.17071009175341	-0.0752415677097922	Abcd1	ATP-binding cassette, sub-family D (ALD), member 1	11666	X 37.39 cM	ATP binding///ATPase activity///ATPase activity, coupled to transmembrane movement of substances///enzyme binding///identical protein binding///nucleotide binding///peroxisomal fatty-acyl-CoA transporter activity///protein binding///protein homodimerization activity	ATP catabolic process///fatty acid beta-oxidation///fatty acid beta-oxidation///fatty-acyl-CoA transport///long-chain fatty acid catabolic process///peroxisomal long-chain fatty acid import///peroxisome organization///transmembrane transport///transport///very long-chain fatty acid catabolic process	cytoplasm///integral component of membrane///integral component of peroxisomal membrane///membrane///mitochondrion///perinuclear region of cytoplasm///peroxisomal membrane///peroxisomal membrane///peroxisome	GO:0005524///GO:0016887///GO:0042626///GO:0019899///GO:0042802///GO:0000166///GO:0005325///GO:0005515///GO:0042803	GO:0006200///GO:0006635///GO:0006635///GO:0015916///GO:0042758///GO:0015910///GO:0007031///GO:0055085///GO:0006810///GO:0042760	GO:0005737///GO:0016021///GO:0005779///GO:0016020///GO:0005739///GO:0048471///GO:0005778///GO:0005778///GO:0005777
1452607_at	0.925066880226455	0.708416135337809	0.378768125387155	-6.17414676929367	0.090819192676781	Vma21	VMA21 vacuolar H+-ATPase homolog (S. cerevisiae)	67048	X			cytoplasmic vesicle///endoplasmic reticulum///integral component of membrane///membrane			GO:0031410///GO:0005783///GO:0016021///GO:0016020
1421208_at	0.925209045177635	0.708891989881586	-0.378118375154302	-6.17439252865809	-0.134013398956186	Ikbkg	inhibitor of kappaB kinase gamma	16151	X	K63-linked polyubiquitin binding///kinase activity///linear polyubiquitin binding///metal ion binding///peroxisome proliferator activated receptor binding///protein binding///protein domain specific binding///protein heterodimerization activity///protein homodimerization activity///transferase activity///ubiquitin protein ligase binding	B cell homeostasis///activation of NF-kappaB-inducing kinase activity///cellular response to DNA damage stimulus///phosphorylation///positive regulation of I-kappaB kinase/NF-kappaB signaling///positive regulation of NF-kappaB transcription factor activity///positive regulation of transcription from RNA polymerase II promoter///regulation of transcription, DNA-templated///transcription, DNA-templated	IkappaB kinase complex///cytoplasm///cytoplasm///cytosol///intracellular///nucleus	GO:0070530///GO:0016301///GO:1990450///GO:0046872///GO:0042975///GO:0005515///GO:0019904///GO:0046982///GO:0042803///GO:0016740///GO:0031625	GO:0001782///GO:0007250///GO:0006974///GO:0016310///GO:0043123///GO:0051092///GO:0045944///GO:0006355///GO:0006351	GO:0008385///GO:0005737///GO:0005737///GO:0005829///GO:0005622///GO:0005634
1416789_at	0.925656661128971	0.71172349537488	0.374255540619277	-6.17584499660146	0.136501392712834	Idh3g	isocitrate dehydrogenase 3 (NAD+), gamma	15929	X 37.41 cM	ATP binding///NAD binding///isocitrate dehydrogenase (NAD+) activity///magnesium ion binding///metal ion binding///nucleotide binding///oxidoreductase activity///oxidoreductase activity, acting on the CH-OH group of donors, NAD or NADP as acceptor	2-oxoglutarate metabolic process///NADH metabolic process///isocitrate metabolic process///negative regulation of growth///oxidation-reduction process///tricarboxylic acid cycle	mitochondrion///mitochondrion///nucleus	GO:0005524///GO:0051287///GO:0004449///GO:0000287///GO:0046872///GO:0000166///GO:0016491///GO:0016616	GO:0006103///GO:0006734///GO:0006102///GO:0045926///GO:0055114///GO:0006099	GO:0005739///GO:0005739///GO:0005634
1427937_at	0.930152728348898	0.723247453848009	-0.358593089513872	-6.18158330712539	-0.197006647400357	Vma21	VMA21 vacuolar H+-ATPase homolog (S. cerevisiae)	67048	X			cytoplasmic vesicle///endoplasmic reticulum///integral component of membrane///membrane			GO:0031410///GO:0005783///GO:0016021///GO:0016020
1425755_at	0.931898763031249	0.728084126925614	-0.352046814612389	-6.18390986902495	-0.392734918371737	Mtcp1	mature T cell proliferation 1	17763	X			mitochondrion///mitochondrion			GO:0005739///GO:0005739
1418798_s_at	0.934324142556522	0.735970709559838	-0.341405957871253	-6.18760121035875	-0.0955588402580156	Srpk3	serine/arginine-rich protein specific kinase 3	56504	X	ATP binding///kinase activity///nucleotide binding///protein kinase activity///protein serine/threonine kinase activity///transferase activity///transferase activity, transferring phosphorus-containing groups	cell differentiation///multicellular organismal development///muscle organ development///muscle tissue development///phosphorylation///protein phosphorylation///skeletal muscle tissue development	cellular_component	GO:0005524///GO:0016301///GO:0000166///GO:0004672///GO:0004674///GO:0016740///GO:0016772	GO:0030154///GO:0007275///GO:0007517///GO:0060537///GO:0016310///GO:0006468///GO:0007519	GO:0005575
1449622_s_at	0.942436393375298	0.762577667928804	-0.305793370676988	-6.19913935039059	-0.0884246169746525	Atp6ap1	ATPase, H+ transporting, lysosomal accessory protein 1	54411	X 37.96 cM	ATP binding///Rab GTPase binding///nucleotide binding///proton-transporting ATP synthase activity, rotational mechanism///proton-transporting ATPase activity, rotational mechanism	ATP hydrolysis coupled proton transport///cell death///establishment of organelle localization///ion transport///pH reduction///positive regulation of ERK1 and ERK2 cascade///positive regulation of bone resorption///positive regulation of exocytosis///positive regulation of osteoblast differentiation///positive regulation of osteoclast development///proton transport///NOT proton-transporting V-type ATPase complex assembly///transport	extracellular vesicular exosome///integral component of membrane///membrane///proton-transporting V-type ATPase, V1 domain///vacuole	GO:0005524///GO:0017137///GO:0000166///GO:0046933///GO:0046961	GO:0015991///GO:0008219///GO:0051656///GO:0006811///GO:0045851///GO:0070374///GO:0045780///GO:0045921///GO:0045669///GO:2001206///GO:0015992///NOT GO:0070070///GO:0006810	GO:0070062///GO:0016021///GO:0016020///GO:0033180///GO:0005773
1448157_s_at	0.949329598283943	0.782603998982726	0.279254875771418	-6.20691876966863	0.0400542649591333	Rpl10	ribosomal protein L10	110954	X 37.94 cM	poly(A) RNA binding///structural constituent of ribosome	translation	cytoplasm///cytosolic large ribosomal subunit///endoplasmic reticulum///membrane	GO:0044822///GO:0003735	GO:0006412	GO:0005737///GO:0022625///GO:0005783///GO:0016020
1420357_s_at	0.949329598283943	0.782728480500601	0.279090573783923	-6.20696475093832	0.215922309758714	Xlr3b///Xlr3c///Xlr3a	X-linked lymphocyte-regulated 3B///X-linked lymphocyte-regulated 3C///X-linked lymphocyte-regulated 3A	574437///22446///22445	X///X///X 37.29 cM	molecular_function///molecular_function///molecular_function	biological_process///biological_process	cellular_component///cellular_component///cellular_component	GO:0003674///GO:0003674///GO:0003674	GO:0008150///GO:0008150	GO:0005575///GO:0005575///GO:0005575
1421710_at	0.950529590912023	0.785768335686947	0.275080718523804	-6.20807861193027	0.173127146759078	Zfp92	zinc finger protein 92	22754	X 37.31 cM	DNA binding///metal ion binding///nucleic acid binding	biological_process///regulation of transcription, DNA-templated///transcription, DNA-templated	intracellular///nucleus	GO:0003677///GO:0046872///GO:0003676	GO:0008150///GO:0006355///GO:0006351	GO:0005622///GO:0005634
1432139_at	0.965956811163711	0.846914426869459	0.195299055911965	-6.22690674769937	0.264049683242235	Srpk3	serine/arginine-rich protein specific kinase 3	56504	X	ATP binding///kinase activity///nucleotide binding///protein kinase activity///protein serine/threonine kinase activity///transferase activity///transferase activity, transferring phosphorus-containing groups	cell differentiation///multicellular organismal development///muscle organ development///muscle tissue development///phosphorylation///protein phosphorylation///skeletal muscle tissue development	cellular_component	GO:0005524///GO:0016301///GO:0000166///GO:0004672///GO:0004674///GO:0016740///GO:0016772	GO:0030154///GO:0007275///GO:0007517///GO:0060537///GO:0016310///GO:0006468///GO:0007519	GO:0005575
1421750_a_at	0.96681577049457	0.85138589291547	0.189521662361287	-6.22802320846161	0.102557465366225	Vbp1	von Hippel-Lindau binding protein 1	22327	X 38.25 cM		protein folding	cytoplasm///cytoplasm///intracellular membrane-bounded organelle///nucleus///prefoldin complex		GO:0006457	GO:0005737///GO:0005737///GO:0043231///GO:0005634///GO:0016272
1449897_a_at	0.970103058777554	0.868677358871119	0.167240174763625	-6.23201600738399	0.139446335323451	Mtcp1	mature T cell proliferation 1	17763	X			mitochondrion///mitochondrion			GO:0005739///GO:0005739
1448524_s_at	0.972652899500882	0.878479121806436	-0.154648885754979	-6.23405235260154	-0.0769666627282515	Ssr4	signal sequence receptor, delta	20832	X 37.41 cM	molecular_function	biological_process	Sec61 translocon complex///endoplasmic reticulum///extracellular vesicular exosome///integral component of membrane///membrane	GO:0003674	GO:0008150	GO:0005784///GO:0005783///GO:0070062///GO:0016021///GO:0016020
1420943_at	0.977468984260003	0.894669203787466	-0.133906082890533	-6.23706030871007	-0.0519876341103762	Zfp185	zinc finger protein 185	22673	X 37.29 cM	metal ion binding///zinc ion binding		cell junction///cytoplasm///cytoskeleton	GO:0046872///GO:0008270		GO:0030054///GO:0005737///GO:0005856
1438120_x_at	0.985960194217373	0.925050196041872	-0.0951361512745506	-6.24152441960496	-0.0458018580313295	Irak1	interleukin-1 receptor-associated kinase 1	16179	X 37.61 cM	ATP binding///heat shock protein binding///interleukin-1 receptor binding///kinase activity///nucleotide binding///protein binding///protein heterodimerization activity///protein homodimerization activity///protein kinase activity///protein kinase activity///protein serine/threonine kinase activity///transferase activity///transferase activity, transferring phosphorus-containing groups	JNK cascade///activation of NF-kappaB-inducing kinase activity///cellular response to heat///cytokine-mediated signaling pathway///cytokine-mediated signaling pathway///immune system process///innate immune response///interleukin-1-mediated signaling pathway///interleukin-1-mediated signaling pathway///lipopolysaccharide-mediated signaling pathway///lipopolysaccharide-mediated signaling pathway///negative regulation of NF-kappaB transcription factor activity///negative regulation of cholesterol efflux///negative regulation of transcription, DNA-templated///phosphorylation///positive regulation of I-kappaB kinase/NF-kappaB signaling///positive regulation of JUN kinase activity///positive regulation of MAP kinase activity///positive regulation of NF-kappaB transcription factor activity///positive regulation of NF-kappaB transcription factor activity///positive regulation of smooth muscle cell proliferation///protein autophosphorylation///protein autophosphorylation///protein oligomerization///protein phosphorylation///regulation of cytokine-mediated signaling pathway///response to interleukin-1///response to lipopolysaccharide///response to lipopolysaccharide///response to peptidoglycan///signal transduction///toll-like receptor 2 signaling pathway///toll-like receptor 2 signaling pathway///toll-like receptor 4 signaling pathway	cytoplasm///lipid particle///membrane///membrane///nucleus	GO:0005524///GO:0031072///GO:0005149///GO:0016301///GO:0000166///GO:0005515///GO:0046982///GO:0042803///GO:0004672///GO:0004672///GO:0004674///GO:0016740///GO:0016772	GO:0007254///GO:0007250///GO:0034605///GO:0019221///GO:0019221///GO:0002376///GO:0045087///GO:0070498///GO:0070498///GO:0031663///GO:0031663///GO:0032088///GO:0090370///GO:0045892///GO:0016310///GO:0043123///GO:0043507///GO:0043406///GO:0051092///GO:0051092///GO:0048661///GO:0046777///GO:0046777///GO:0051259///GO:0006468///GO:0001959///GO:0070555///GO:0032496///GO:0032496///GO:0032494///GO:0007165///GO:0034134///GO:0034134///GO:0034142	GO:0005737///GO:0005811///GO:0016020///GO:0016020///GO:0005634
1422181_at	0.985960194217373	0.92689582380124	0.0927863150438764	-6.2417464610448	0.0282036352841075	Cnga2	cyclic nucleotide gated channel alpha 2	12789	X A6	cAMP binding///cGMP binding///cGMP binding///calmodulin binding///intracellular cAMP activated cation channel activity///intracellular cAMP activated cation channel activity///intracellular cGMP activated cation channel activity///intracellular cGMP activated cation channel activity///ion channel activity///nucleotide binding///voltage-gated potassium channel activity	cation transmembrane transport///ion transmembrane transport///ion transport///membrane depolarization///phototransduction, visible light///potassium ion transmembrane transport///potassium ion transport///protein heterotetramerization///protein homotetramerization///regulation of ion transmembrane transport///regulation of membrane potential///response to stimulus///sensory perception of smell///transmembrane transport///transport	integral component of membrane///integral component of plasma membrane///intracellular cyclic nucleotide activated cation channel complex///membrane///perikaryon///plasma membrane	GO:0030552///GO:0030553///GO:0030553///GO:0005516///GO:0005222///GO:0005222///GO:0005223///GO:0005223///GO:0005216///GO:0000166///GO:0005249	GO:0098655///GO:0034220///GO:0006811///GO:0051899///GO:0007603///GO:0071805///GO:0006813///GO:0051290///GO:0051289///GO:0034765///GO:0042391///GO:0050896///GO:0007608///GO:0055085///GO:0006810	GO:0016021///GO:0005887///GO:0017071///GO:0016020///GO:0043204///GO:0005886
1448354_at	0.985960194217373	0.927517183751416	0.0919953263122085	-6.24181995518962	0.0259884745311139	G6pdx	glucose-6-phosphate dehydrogenase X-linked	14381	X 38.0 cM	NADP binding///carbohydrate binding///glucose binding///glucose-6-phosphate dehydrogenase activity///glucose-6-phosphate dehydrogenase activity///glucose-6-phosphate dehydrogenase activity///oxidoreductase activity///protein homodimerization activity///protein homodimerization activity	NADP biosynthetic process///NADP biosynthetic process///NADP metabolic process///NADPH regeneration///angiotensin mediated vasoconstriction involved in regulation of systemic arterial blood pressure///carbohydrate metabolic process///cellular response to oxidative stress///cholesterol biosynthetic process///cytokine production///cytokine production///erythrocyte development///erythrocyte maturation///glucose 6-phosphate metabolic process///glucose metabolic process///glutathione metabolic process///glutathione metabolic process///interleukin-10 production///interleukin-12 production///negative regulation of protein glutathionylation///oxidation-reduction process///oxidation-reduction process///pentose biosynthetic process///pentose biosynthetic process///pentose biosynthetic process///pentose-phosphate shunt///pentose-phosphate shunt, oxidative branch///regulation of multicellular organism growth///regulation of neuron apoptotic process///response to ethanol///response to oxidative stress///ribose phosphate biosynthetic process///vasodilation by angiotensin involved in regulation of systemic arterial blood pressure	cytoplasm///cytoplasmic side of plasma membrane///cytosol///extracellular vesicular exosome///intracellular membrane-bounded organelle///membrane///nucleus	GO:0050661///GO:0030246///GO:0005536///GO:0004345///GO:0004345///GO:0004345///GO:0016491///GO:0042803///GO:0042803	GO:0006741///GO:0006741///GO:0006739///GO:0006740///GO:0001998///GO:0005975///GO:0034599///GO:0006695///GO:0001816///GO:0001816///GO:0048821///GO:0043249///GO:0051156///GO:0006006///GO:0006749///GO:0006749///GO:0032613///GO:0032615///GO:0010734///GO:0055114///GO:0055114///GO:0019322///GO:0019322///GO:0019322///GO:0006098///GO:0009051///GO:0040014///GO:0043523///GO:0045471///GO:0006979///GO:0046390///GO:0002033	GO:0005737///GO:0009898///GO:0005829///GO:0070062///GO:0043231///GO:0016020///GO:0005634
1448596_at	0.986289174369297	0.93032774386111	-0.0884182374786239	-6.24214446696787	-0.0305938168743367	Slc6a8	solute carrier family 6 (neurotransmitter transporter, creatine), member 8	102857	X 37.38 cM	choline transmembrane transporter activity///creatine transmembrane transporter activity///creatine transmembrane transporter activity///creatine:sodium symporter activity///neurotransmitter:sodium symporter activity///symporter activity	choline transport///cofactor transport///creatine transmembrane transport///creatine transmembrane transport///creatine transport///creatine transport///ion transport///neurotransmitter transport///sodium ion transmembrane transport///sodium ion transport///transport	integral component of membrane///integral component of plasma membrane///membrane	GO:0015220///GO:0005308///GO:0005308///GO:0005309///GO:0005328///GO:0015293	GO:0015871///GO:0051181///GO:1902598///GO:1902598///GO:0015881///GO:0015881///GO:0006811///GO:0006836///GO:0035725///GO:0006814///GO:0006810	GO:0016021///GO:0005887///GO:0016020
1424277_at	0.987268505761902	0.937373582175789	-0.0794558600833156	-6.242901055947	-0.0207059016198192	Haus7	HAUS augmin-like complex, subunit 7	73738	X	thioesterase binding	cell cycle///cell division///centrosome organization///mitotic nuclear division///spindle assembly	HAUS complex///centrosome///cytoplasm///cytoskeleton///microtubule///nucleolus///plasma membrane	GO:0031996	GO:0007049///GO:0051301///GO:0051297///GO:0007067///GO:0051225	GO:0070652///GO:0005813///GO:0005737///GO:0005856///GO:0005874///GO:0005730///GO:0005886
1429745_at	0.988127539931074	0.944600787873095	0.0702696937488188	-6.24359274703422	0.0644958163388583	DXBay18///Gm14685///Gm5936///Gm5640	DNA segment, Chr X, Baylor 18///predicted gene 14685///predicted gene 5936///predicted gene 5640	574405///574404///546325///434797	X///X///X///X	molecular_function///molecular_function///molecular_function///molecular_function	biological_process///biological_process///biological_process///biological_process	cellular_component///cellular_component///cellular_component///cellular_component	GO:0003674///GO:0003674///GO:0003674///GO:0003674	GO:0008150///GO:0008150///GO:0008150///GO:0008150	GO:0005575///GO:0005575///GO:0005575///GO:0005575
1421536_at	0.988233198817392	0.947118003534564	-0.0670716722184531	-6.24381364050227	-0.057393880426253	Gabrq	gamma-aminobutyric acid (GABA) A receptor, subunit theta	57249	X A6	GABA-A receptor activity///chloride channel activity///extracellular ligand-gated ion channel activity	chloride transport///gamma-aminobutyric acid signaling pathway///ion transport///transport	cell junction///chloride channel complex///integral component of membrane///integral component of plasma membrane///membrane///plasma membrane///postsynaptic membrane///receptor complex///synapse	GO:0004890///GO:0005254///GO:0005230	GO:0006821///GO:0007214///GO:0006811///GO:0006810	GO:0030054///GO:0034707///GO:0016021///GO:0005887///GO:0016020///GO:0005886///GO:0045211///GO:0043235///GO:0045202
1428317_at	0.992109476568956	0.969416447995166	0.0387697368641986	-6.24532026939848	0.0224839842696962	Fundc2	FUN14 domain containing 2	67391	X	molecular_function	biological_process///mitochondrion degradation	integral component of mitochondrial outer membrane///mitochondrion///nucleus	GO:0003674	GO:0008150///GO:0000422	GO:0031307///GO:0005739///GO:0005634
1417412_at	0.999978502870004	0.999978502870004	-2.72440573950465e-05	-6.24607634481448	-9.91751383416783e-06	F8a	factor 8-associated gene A	14070	X 37.29 cM	molecular_function	biological_process	nucleus	GO:0003674	GO:0008150	GO:0005634
