ID (num probes:45099)	adj.P.Val	P.Value	t	B	logFC	Gene.symbol	Gene.title	Gene.ID	Chromosome.location	GO.Function	GO.Process	GO.Component	GO.Function.ID	GO.Process.ID	GO.Component.ID
1460652_at	0.651461363552006	0.0153018385791091	-3.44652081212082	-2.64885324061631	-3.11580811815675	Esrra	estrogen related receptor, alpha	26379	19 5.08 cM	DNA binding///RNA polymerase II core promoter proximal region sequence-specific DNA binding///RNA polymerase II core promoter proximal region sequence-specific DNA binding transcription factor activity involved in negative regulation of transcription///RNA polymerase II core promoter proximal region sequence-specific DNA binding transcription factor activity involved in positive regulation of transcription///metal ion binding///sequence-specific DNA binding///sequence-specific DNA binding transcription factor activity///steroid binding///steroid hormone receptor activity///zinc ion binding	cartilage development///negative regulation of transcription from RNA polymerase II promoter///positive regulation of transcription from RNA polymerase II promoter///positive regulation of transcription from RNA polymerase II promoter///positive regulation of transcription, DNA-templated///regulation of cell proliferation///regulation of ossification///regulation of osteoblast differentiation///regulation of osteoclast differentiation///regulation of transcription, DNA-templated///steroid hormone mediated signaling pathway///transcription from RNA polymerase II promoter///transcription, DNA-templated	nucleus	GO:0003677///GO:0000978///GO:0001078///GO:0001077///GO:0046872///GO:0043565///GO:0003700///GO:0005496///GO:0003707///GO:0008270	GO:0051216///GO:0000122///GO:0045944///GO:0045944///GO:0045893///GO:0042127///GO:0030278///GO:0045667///GO:0045670///GO:0006355///GO:0043401///GO:0006366///GO:0006351	GO:0005634
1435890_at	0.684777314186587	0.0210748065201521	3.17705141975125	-2.95014808777663	0.804011992795234	Atl3	atlastin GTPase 3	109168	19	GTP binding///GTPase activity///hydrolase activity///identical protein binding///nucleotide binding	Golgi organization///endoplasmic reticulum organization///protein homooligomerization	endoplasmic reticulum///integral component of membrane///membrane	GO:0005525///GO:0003924///GO:0016787///GO:0042802///GO:0000166	GO:0007030///GO:0007029///GO:0051260	GO:0005783///GO:0016021///GO:0016020
1458576_at	0.771624604362626	0.0556872899263118	2.40823989570467	-3.8710118613148	2.35146641430573	Naa40	N(alpha)-acetyltransferase 40, NatD catalytic subunit, homolog (S. cerevisiae)	70999	19	2,4,4-trimethyl-3-oxopentanoyl-CoA 2-C-propanoyl transferase activity///2,6-dimethyl-5-methylene-3-oxo-heptanoyl-CoA C-acetyltransferase activity///2-methylhexanoyl-CoA C-acetyltransferase activity///3-hydroxybutyryl-CoA thiolase activity///3-ketopimelyl-CoA thiolase activity///C-acyltransferase activity///C-palmitoyltransferase activity///L-2-aminoadipate N-acetyltransferase activity///N-acetyltransferase activity///N-acyltransferase activity///N-palmitoyltransferase activity///N-succinyltransferase activity///O-acetyltransferase activity///O-acyltransferase activity///O-octanoyltransferase activity///O-palmitoyltransferase activity///O-sinapoyltransferase activity///O-succinyltransferase activity///Ras palmitoyltransferase activity///S-acetyltransferase activity///S-acyltransferase activity///S-malonyltransferase activity///S-succinyltransferase activity///UDP-3-O-[3-hydroxymyristoyl] glucosamine N-acyltransferase activity///acetyl-CoA:L-lysine N6-acetyltransferase///acetyltransferase activity///acyl-CoA N-acyltransferase activity///acylglycerol O-acyltransferase activity///azetidine-2-carboxylic acid acetyltransferase activity///benzoyl acetate-CoA thiolase activity///butyryl-CoA 2-C-propionyltransferase activity///carnitine O-acyltransferase activity///dihydrolipoamide S-acyltransferase activity///dihydrolipoamide branched chain acyltransferase activity///ergosterol O-acyltransferase activity///glucosaminyl-phosphotidylinositol O-acyltransferase activity///keto acid formate lyase activity///lanosterol O-acyltransferase activity///malonyltransferase activity///molecular_function///myristoyltransferase activity///naphthyl-2-oxomethyl-succinyl-CoA succinyl transferase activity///octanoyltransferase activity///palmitoleoyl [acyl-carrier-protein]-dependent acyltransferase activity///palmitoyltransferase activity///peptidyl-lysine N-acetyltransferase activity, acting on acetyl phosphate as donor///peptidyl-lysine N6-myristoyltransferase activity///peptidyl-lysine N6-palmitoyltransferase activity///protein-cysteine S-acyltransferase activity///protein-cysteine S-myristoyltransferase activity///serine O-acyltransferase activity///sinapoyltransferase activity///sterol O-acyltransferase activity///succinyltransferase activity///transferase activity///transferase activity, transferring acyl groups	lipid metabolic process	cellular_component	GO:0034851///GO:0034945///GO:0034915///GO:0018712///GO:0018713///GO:0016408///GO:0016454///GO:0043741///GO:0008080///GO:0016410///GO:0019105///GO:0016749///GO:0016413///GO:0008374///GO:0016414///GO:0016416///GO:0016753///GO:0016750///GO:0043849///GO:0016418///GO:0016417///GO:0016419///GO:0016751///GO:0043764///GO:0090595///GO:0016407///GO:0019186///GO:0016411///GO:0046941///GO:0018711///GO:0034919///GO:0016406///GO:0030523///GO:0004147///GO:0034737///GO:0032216///GO:0043806///GO:0034738///GO:0016420///GO:0003674///GO:0019107///GO:0034848///GO:0016415///GO:0008951///GO:0016409///GO:0052858///GO:0018030///GO:0018031///GO:0019707///GO:0019705///GO:0016412///GO:0016752///GO:0004772///GO:0016748///GO:0016740///GO:0016746	GO:0006629	GO:0005575
1417705_at	0.774840248857662	0.0573025479127957	-2.38648332152229	-3.898023716254	-0.549174052244999	Otub1	OTU domain, ubiquitin aldehyde binding 1	107260	19	cysteine-type peptidase activity///hydrolase activity///omega peptidase activity///peptidase activity	DNA repair///cellular response to DNA damage stimulus///immune system process///protein metabolic process///proteolysis	cytoplasm///nucleus	GO:0008234///GO:0016787///GO:0008242///GO:0008233	GO:0006281///GO:0006974///GO:0002376///GO:0019538///GO:0006508	GO:0005737///GO:0005634
1442864_at	0.775033073659404	0.0583271943525591	-2.37301631516087	-3.91475847823162	-2.44363895937154	Esrra	estrogen related receptor, alpha	26379	19 5.08 cM	DNA binding///RNA polymerase II core promoter proximal region sequence-specific DNA binding///RNA polymerase II core promoter proximal region sequence-specific DNA binding transcription factor activity involved in negative regulation of transcription///RNA polymerase II core promoter proximal region sequence-specific DNA binding transcription factor activity involved in positive regulation of transcription///metal ion binding///sequence-specific DNA binding///sequence-specific DNA binding transcription factor activity///steroid binding///steroid hormone receptor activity///zinc ion binding	cartilage development///negative regulation of transcription from RNA polymerase II promoter///positive regulation of transcription from RNA polymerase II promoter///positive regulation of transcription from RNA polymerase II promoter///positive regulation of transcription, DNA-templated///regulation of cell proliferation///regulation of ossification///regulation of osteoblast differentiation///regulation of osteoclast differentiation///regulation of transcription, DNA-templated///steroid hormone mediated signaling pathway///transcription from RNA polymerase II promoter///transcription, DNA-templated	nucleus	GO:0003677///GO:0000978///GO:0001078///GO:0001077///GO:0046872///GO:0043565///GO:0003700///GO:0005496///GO:0003707///GO:0008270	GO:0051216///GO:0000122///GO:0045944///GO:0045944///GO:0045893///GO:0042127///GO:0030278///GO:0045667///GO:0045670///GO:0006355///GO:0043401///GO:0006366///GO:0006351	GO:0005634
1425299_s_at	0.79037877097982	0.0689625149960219	2.24639886539665	-4.07253620237649	0.528444908397967	Trmt112	tRNA methyltransferase 11-2	67674	19 E1	protein methyltransferase activity	peptidyl-glutamine methylation	extracellular vesicular exosome///protein complex	GO:0008276	GO:0018364	GO:0070062///GO:0043234
1456608_at	0.800923456312452	0.0810430052178946	2.12533361175926	-4.22378310059864	1.05132418784076	Sac3d1	SAC3 domain containing 1	66406	19	protein binding	cell cycle///cell division///centrosome duplication///mitotic nuclear division///negative regulation of JAK-STAT cascade///regulation of immune response///spindle assembly	centrosome///cytoplasm///cytoskeleton///microtubule cytoskeleton///nucleus///spindle	GO:0005515	GO:0007049///GO:0051301///GO:0051298///GO:0007067///GO:0046426///GO:0050776///GO:0051225	GO:0005813///GO:0005737///GO:0005856///GO:0015630///GO:0005634///GO:0005819
1436389_at	0.807331502084854	0.0849507808468341	2.09015728150973	-4.26772367955514	0.501357450816228	Atl3	atlastin GTPase 3	109168	19	GTP binding///GTPase activity///hydrolase activity///identical protein binding///nucleotide binding	Golgi organization///endoplasmic reticulum organization///protein homooligomerization	endoplasmic reticulum///integral component of membrane///membrane	GO:0005525///GO:0003924///GO:0016787///GO:0042802///GO:0000166	GO:0007030///GO:0007029///GO:0051260	GO:0005783///GO:0016021///GO:0016020
1450244_a_at	0.812171434169663	0.0885165515690352	2.05948804940391	-4.30601194873769	0.547587831579758	Map4k2	mitogen-activated protein kinase kinase kinase kinase 2	26412	19	ATP binding///kinase activity///mitogen-activated protein kinase kinase kinase binding///nucleotide binding///protein kinase activity///protein serine/threonine kinase activity///receptor signaling protein serine/threonine kinase activity///small GTPase regulator activity///transferase activity///transferase activity, transferring phosphorus-containing groups	activation of JUN kinase activity///immune system process///innate immune response///intracellular signal transduction///intracellular signal transduction///phosphorylation///positive regulation of JNK cascade///protein phosphorylation///protein phosphorylation///response to stress///signal transduction by phosphorylation///vesicle targeting	Golgi apparatus///cytoplasm///intracellular///membrane///plasma membrane	GO:0005524///GO:0016301///GO:0031435///GO:0000166///GO:0004672///GO:0004674///GO:0004702///GO:0005083///GO:0016740///GO:0016772	GO:0007257///GO:0002376///GO:0045087///GO:0035556///GO:0035556///GO:0016310///GO:0046330///GO:0006468///GO:0006468///GO:0006950///GO:0023014///GO:0006903	GO:0005794///GO:0005737///GO:0005622///GO:0016020///GO:0005886
1449074_at	0.828261411545763	0.105471273907024	-1.92913112497518	-4.46827848658035	-2.41832574613509	Tex40	testis expressed 40	67077	19	molecular_function	biological_process///cell differentiation///spermatogenesis	cytoplasm	GO:0003674	GO:0008150///GO:0030154///GO:0007283	GO:0005737
1448498_at	0.83241036216419	0.11183339728936	-1.88565244995821	-4.52213184771502	-0.41352218814751	Rps6ka4	ribosomal protein S6 kinase, polypeptide 4	56613	19	ATP binding///kinase activity///magnesium ion binding///mitogen-activated protein kinase p38 binding///nucleotide binding///protein binding///protein kinase activity///protein serine/threonine kinase activity///transferase activity///transferase activity, transferring phosphorus-containing groups	histone H3-S10 phosphorylation///histone H3-S28 phosphorylation///inflammatory response///interleukin-1-mediated signaling pathway///intracellular signal transduction///phosphorylation///positive regulation of histone acetylation///positive regulation of histone phosphorylation///positive regulation of transcription from RNA polymerase II promoter///protein phosphorylation///regulation of transcription, DNA-templated///response to stress	cytoplasm///nucleus	GO:0005524///GO:0016301///GO:0000287///GO:0048273///GO:0000166///GO:0005515///GO:0004672///GO:0004674///GO:0016740///GO:0016772	GO:0043987///GO:0043988///GO:0006954///GO:0070498///GO:0035556///GO:0016310///GO:0035066///GO:0033129///GO:0045944///GO:0006468///GO:0006355///GO:0006950	GO:0005737///GO:0005634
1426843_at	0.837235391475786	0.116362362068061	-1.8561964469198	-4.55851093523029	-0.483580890496029	Atg2a	autophagy related 2A	329015	19	molecular_function	autophagic vacuole assembly///autophagy///cellular response to nitrogen starvation///mitochondrion degradation///nucleophagy	extrinsic component of membrane///lipid particle///membrane///pre-autophagosomal structure	GO:0003674	GO:0000045///GO:0006914///GO:0006995///GO:0000422///GO:0044804	GO:0019898///GO:0005811///GO:0016020///GO:0000407
1436716_at	0.851462865721706	0.129895376071817	-1.77457630032142	-4.65876773553419	-1.40281258025941	Ppp1r14b	protein phosphatase 1, regulatory (inhibitor) subunit 14B	18938	19	phosphatase inhibitor activity///protein phosphatase inhibitor activity///protein phosphatase type 1 regulator activity	negative regulation of catalytic activity///regulation of catalytic activity///regulation of phosphorylation	cytoplasm	GO:0019212///GO:0004864///GO:0008599	GO:0043086///GO:0050790///GO:0042325	GO:0005737
1448661_at	0.854331923118165	0.14434026940048	1.69629321448775	-4.75398969422054	0.536655577094811	Plcb3	phospholipase C, beta 3	18797	19 5.1 cM	calcium ion binding///calmodulin binding///hydrolase activity///phosphatidylinositol phospholipase C activity///phospholipase C activity///phosphoric diester hydrolase activity///signal transducer activity	G-protein coupled receptor signaling pathway///intracellular signal transduction///lipid catabolic process///lipid metabolic process///phospholipid catabolic process///post-Golgi vesicle-mediated transport///regulation of systemic arterial blood pressure///signal transduction///synaptic transmission	cytosol///nucleus///protein complex///sarcolemma	GO:0005509///GO:0005516///GO:0016787///GO:0004435///GO:0004629///GO:0008081///GO:0004871	GO:0007186///GO:0035556///GO:0016042///GO:0006629///GO:0009395///GO:0006892///GO:0003073///GO:0007165///GO:0007268	GO:0005829///GO:0005634///GO:0043234///GO:0042383
1422549_at	0.854592634639874	0.144896871087323	-1.69343350034416	-4.75744782738588	-0.354859691111031	Arl2	ADP-ribosylation factor-like 2	56327	19	GDP binding///GTP binding///GTP binding///GTPase activity///nucleotide binding///protein binding	GTP catabolic process///acetylcholine transport///cell cycle///centrosome organization///maintenance of protein location in nucleus///negative regulation of GTPase activity///positive regulation of microtubule polymerization///regulation of microtubule polymerization///small GTPase mediated signal transduction	Golgi apparatus///centrosome///cytoplasm///cytoskeleton///cytosol///extracellular vesicular exosome///intracellular///mitochondrial intermembrane space///mitochondrion///nucleus	GO:0019003///GO:0005525///GO:0005525///GO:0003924///GO:0000166///GO:0005515	GO:0006184///GO:0015870///GO:0007049///GO:0051297///GO:0051457///GO:0034260///GO:0031116///GO:0031113///GO:0007264	GO:0005794///GO:0005813///GO:0005737///GO:0005856///GO:0005829///GO:0070062///GO:0005622///GO:0005758///GO:0005739///GO:0005634
1417687_at	0.856197123376101	0.152498031008891	-1.65542093224487	-4.80326301374017	-0.375887307738977	Lgals12	lectin, galactose binding, soluble 12	56072	19	carbohydrate binding///lactose binding	apoptotic process///intrinsic apoptotic signaling pathway	intracellular///mitochondrion///nucleus	GO:0030246///GO:0030395	GO:0006915///GO:0097193	GO:0005622///GO:0005739///GO:0005634
1442264_at	0.857586946189222	0.158627884581212	1.6260882444964	-4.83841163784516	0.461141420475554	Rasgrp2	RAS, guanyl releasing protein 2	19395	19	calcium ion binding///guanyl-nucleotide exchange factor activity///metal ion binding	intracellular signal transduction///regulation of small GTPase mediated signal transduction///small GTPase mediated signal transduction	cell junction///cell projection///cytoplasm///cytosol///intracellular///membrane///neuron projection///plasma membrane///synapse	GO:0005509///GO:0005085///GO:0046872	GO:0035556///GO:0051056///GO:0007264	GO:0030054///GO:0042995///GO:0005737///GO:0005829///GO:0005622///GO:0016020///GO:0043005///GO:0005886///GO:0045202
1422321_a_at	0.864864414798464	0.17738094868361	1.54270719769375	-4.93722345997474	0.492167823348441	Sf1	splicing factor 1	22668	19 B	RNA binding///metal ion binding///nucleic acid binding///zinc ion binding	Leydig cell differentiation///RNA splicing///mRNA processing///male sex determination///negative regulation of smooth muscle cell proliferation///regulation of steroid biosynthetic process///regulation of transcription, DNA-templated///transcription, DNA-templated	cytoplasm///nucleus///spliceosomal complex	GO:0003723///GO:0046872///GO:0003676///GO:0008270	GO:0033327///GO:0008380///GO:0006397///GO:0030238///GO:0048662///GO:0050810///GO:0006355///GO:0006351	GO:0005737///GO:0005634///GO:0005681
1460041_at	0.865298626964335	0.179526114955131	-1.53371402407668	-4.94777426487678	-0.454009680733721	Flrt1	fibronectin leucine rich transmembrane protein 1	396184	19			extracellular space///integral component of membrane///membrane			GO:0005615///GO:0016021///GO:0016020
1428297_at	0.868829595450277	0.195364056646231	1.47030838938313	-5.02150423684386	0.349142113878256	Map4k2	mitogen-activated protein kinase kinase kinase kinase 2	26412	19	ATP binding///kinase activity///mitogen-activated protein kinase kinase kinase binding///nucleotide binding///protein kinase activity///protein serine/threonine kinase activity///receptor signaling protein serine/threonine kinase activity///small GTPase regulator activity///transferase activity///transferase activity, transferring phosphorus-containing groups	activation of JUN kinase activity///immune system process///innate immune response///intracellular signal transduction///intracellular signal transduction///phosphorylation///positive regulation of JNK cascade///protein phosphorylation///protein phosphorylation///response to stress///signal transduction by phosphorylation///vesicle targeting	Golgi apparatus///cytoplasm///intracellular///membrane///plasma membrane	GO:0005524///GO:0016301///GO:0031435///GO:0000166///GO:0004672///GO:0004674///GO:0004702///GO:0005083///GO:0016740///GO:0016772	GO:0007257///GO:0002376///GO:0045087///GO:0035556///GO:0035556///GO:0016310///GO:0046330///GO:0006468///GO:0006468///GO:0006950///GO:0023014///GO:0006903	GO:0005794///GO:0005737///GO:0005622///GO:0016020///GO:0005886
1459766_x_at	0.870312142388842	0.207047388472875	1.42656435337747	-5.0716458845409	1.07055653151599	Sf1	splicing factor 1	22668	19 B	RNA binding///metal ion binding///nucleic acid binding///zinc ion binding	Leydig cell differentiation///RNA splicing///mRNA processing///male sex determination///negative regulation of smooth muscle cell proliferation///regulation of steroid biosynthetic process///regulation of transcription, DNA-templated///transcription, DNA-templated	cytoplasm///nucleus///spliceosomal complex	GO:0003723///GO:0046872///GO:0003676///GO:0008270	GO:0033327///GO:0008380///GO:0006397///GO:0030238///GO:0048662///GO:0050810///GO:0006355///GO:0006351	GO:0005737///GO:0005634///GO:0005681
1429340_at	0.880437941165339	0.237690144868135	1.32185789179846	-5.18892343690284	0.915741923401081	Hrasls5	HRAS-like suppressor family, member 5	66727	19	2,4,4-trimethyl-3-oxopentanoyl-CoA 2-C-propanoyl transferase activity///2,6-dimethyl-5-methylene-3-oxo-heptanoyl-CoA C-acetyltransferase activity///2-methylhexanoyl-CoA C-acetyltransferase activity///3-hydroxybutyryl-CoA thiolase activity///3-ketopimelyl-CoA thiolase activity///C-acyltransferase activity///C-palmitoyltransferase activity///L-2-aminoadipate N-acetyltransferase activity///N-acetyltransferase activity///N-acyltransferase activity///N-palmitoyltransferase activity///N-succinyltransferase activity///O-acetyltransferase activity///O-acyltransferase activity///O-octanoyltransferase activity///O-palmitoyltransferase activity///O-sinapoyltransferase activity///O-succinyltransferase activity///Ras palmitoyltransferase activity///S-acetyltransferase activity///S-acyltransferase activity///S-malonyltransferase activity///S-succinyltransferase activity///UDP-3-O-[3-hydroxymyristoyl] glucosamine N-acyltransferase activity///acetyl-CoA:L-lysine N6-acetyltransferase///acetyltransferase activity///acyl-CoA N-acyltransferase activity///acylglycerol O-acyltransferase activity///azetidine-2-carboxylic acid acetyltransferase activity///benzoyl acetate-CoA thiolase activity///butyryl-CoA 2-C-propionyltransferase activity///carnitine O-acyltransferase activity///dihydrolipoamide S-acyltransferase activity///dihydrolipoamide branched chain acyltransferase activity///ergosterol O-acyltransferase activity///glucosaminyl-phosphotidylinositol O-acyltransferase activity///keto acid formate lyase activity///lanosterol O-acyltransferase activity///malonyltransferase activity///myristoyltransferase activity///naphthyl-2-oxomethyl-succinyl-CoA succinyl transferase activity///octanoyltransferase activity///palmitoleoyl [acyl-carrier-protein]-dependent acyltransferase activity///palmitoyltransferase activity///peptidyl-lysine N-acetyltransferase activity, acting on acetyl phosphate as donor///peptidyl-lysine N6-myristoyltransferase activity///peptidyl-lysine N6-palmitoyltransferase activity///protein-cysteine S-acyltransferase activity///protein-cysteine S-myristoyltransferase activity///serine O-acyltransferase activity///sinapoyltransferase activity///sterol O-acyltransferase activity///succinyltransferase activity///transferase activity///transferase activity, transferring acyl groups			GO:0034851///GO:0034945///GO:0034915///GO:0018712///GO:0018713///GO:0016408///GO:0016454///GO:0043741///GO:0008080///GO:0016410///GO:0019105///GO:0016749///GO:0016413///GO:0008374///GO:0016414///GO:0016416///GO:0016753///GO:0016750///GO:0043849///GO:0016418///GO:0016417///GO:0016419///GO:0016751///GO:0043764///GO:0090595///GO:0016407///GO:0019186///GO:0016411///GO:0046941///GO:0018711///GO:0034919///GO:0016406///GO:0030523///GO:0004147///GO:0034737///GO:0032216///GO:0043806///GO:0034738///GO:0016420///GO:0019107///GO:0034848///GO:0016415///GO:0008951///GO:0016409///GO:0052858///GO:0018030///GO:0018031///GO:0019707///GO:0019705///GO:0016412///GO:0016752///GO:0004772///GO:0016748///GO:0016740///GO:0016746		
1417804_at	0.880973535489839	0.24323638771949	1.30423652407187	-5.20824215920246	0.347954113633132	Rasgrp2	RAS, guanyl releasing protein 2	19395	19	calcium ion binding///guanyl-nucleotide exchange factor activity///metal ion binding	intracellular signal transduction///regulation of small GTPase mediated signal transduction///small GTPase mediated signal transduction	cell junction///cell projection///cytoplasm///cytosol///intracellular///membrane///neuron projection///plasma membrane///synapse	GO:0005509///GO:0005085///GO:0046872	GO:0035556///GO:0051056///GO:0007264	GO:0030054///GO:0042995///GO:0005737///GO:0005829///GO:0005622///GO:0016020///GO:0043005///GO:0005886///GO:0045202
1444303_at	0.880973535489839	0.245529505595741	-1.2970566690762	-5.2160765458845	-1.54580997353843	Gm17227	predicted gene 17227	100503986	19 5.32 cM						
1435907_at	0.883100231110255	0.25332927301994	-1.27307807489285	-5.24208155747875	-1.6738937322768	Nrxn2	neurexin II	18190	19	calcium channel regulator activity///protein binding	adult behavior///neurotransmitter secretion///social behavior///synapse assembly///synaptic transmission///vocal learning///vocalization behavior	cell///integral component of membrane///membrane///presynaptic membrane	GO:0005246///GO:0005515	GO:0030534///GO:0007269///GO:0035176///GO:0007416///GO:0007268///GO:0042297///GO:0071625	GO:0005623///GO:0016021///GO:0016020///GO:0042734
1458565_at	0.884199783642821	0.255035022543213	1.26792234750181	-5.24764031243042	1.03508310824844	Arl2	ADP-ribosylation factor-like 2	56327	19	GDP binding///GTP binding///GTP binding///GTPase activity///nucleotide binding///protein binding	GTP catabolic process///acetylcholine transport///cell cycle///centrosome organization///maintenance of protein location in nucleus///negative regulation of GTPase activity///positive regulation of microtubule polymerization///regulation of microtubule polymerization///small GTPase mediated signal transduction	Golgi apparatus///centrosome///cytoplasm///cytoskeleton///cytosol///extracellular vesicular exosome///intracellular///mitochondrial intermembrane space///mitochondrion///nucleus	GO:0019003///GO:0005525///GO:0005525///GO:0003924///GO:0000166///GO:0005515	GO:0006184///GO:0015870///GO:0007049///GO:0051297///GO:0051457///GO:0034260///GO:0031116///GO:0031113///GO:0007264	GO:0005794///GO:0005813///GO:0005737///GO:0005856///GO:0005829///GO:0070062///GO:0005622///GO:0005758///GO:0005739///GO:0005634
1424337_at	0.884618127560473	0.260334922278267	1.25209690364795	-5.26462893091572	0.315978116895491	Snx15	sorting nexin 15	69024	19	lipid binding///molecular_function///phosphatidylinositol binding	biological_process///protein transport///transport	cytoplasm///cytoplasmic vesicle///membrane///nucleolus	GO:0008289///GO:0003674///GO:0035091	GO:0008150///GO:0015031///GO:0006810	GO:0005737///GO:0031410///GO:0016020///GO:0005730
1436377_at	0.885244280674082	0.261878010429596	-1.24754309977982	-5.26949651477752	-0.278938429070026	Gpr137	G protein-coupled receptor 137	107173	19	molecular_function	biological_process	cellular_component///integral component of membrane///membrane	GO:0003674	GO:0008150	GO:0005575///GO:0016021///GO:0016020
1438243_at	0.888866348134067	0.272468613921269	-1.21691442716405	-5.30198643811049	-1.11760746125556	Gm19322	predicted gene, 19322	100502687	19 5.08 cM						
1440245_at	0.890035641952944	0.281264368005531	-1.19226191779865	-5.32781253108149	-0.503966346177144	Ccdc88b	coiled-coil domain containing 88B	78317	19	molecular_function	biological_process	membrane	GO:0003674	GO:0008150	GO:0016020
1451376_at	0.890675646214483	0.284080548843724	1.18451098273071	-5.33587082442979	0.723918847928545	Atl3	atlastin GTPase 3	109168	19	GTP binding///GTPase activity///hydrolase activity///identical protein binding///nucleotide binding	Golgi organization///endoplasmic reticulum organization///protein homooligomerization	endoplasmic reticulum///integral component of membrane///membrane	GO:0005525///GO:0003924///GO:0016787///GO:0042802///GO:0000166	GO:0007030///GO:0007029///GO:0051260	GO:0005783///GO:0016021///GO:0016020
1430061_at	0.892637410031731	0.288100386141477	-1.17356208542408	-5.34720262840638	-0.333333333333333	1700105P06Rik	RIKEN cDNA 1700105P06 gene	654802	19						
1443641_at	0.893782023116924	0.293203434841212	-1.15985172111182	-5.36130654635027	-1.17492243051901	Fermt3	fermitin family homolog 3 (Drosophila)	108101	19	integrin binding///integrin binding///protein binding	cell adhesion///integrin activation///integrin activation///integrin-mediated signaling pathway///leukocyte cell-cell adhesion///leukocyte cell-cell adhesion///platelet aggregation///platelet aggregation///regulation of cell-cell adhesion mediated by integrin///regulation of cell-cell adhesion mediated by integrin///substrate adhesion-dependent cell spreading	cell junction///cell projection///extracellular vesicular exosome///membrane///podosome	GO:0005178///GO:0005178///GO:0005515	GO:0007155///GO:0033622///GO:0033622///GO:0007229///GO:0007159///GO:0007159///GO:0070527///GO:0070527///GO:0033632///GO:0033632///GO:0034446	GO:0030054///GO:0042995///GO:0070062///GO:0016020///GO:0002102
1456406_at	0.896677509850795	0.302133338648145	1.13634635591424	-5.38525937544029	1.38018939946092	Gm14964	predicted gene 14964	100008567							
1443625_at	0.897575027846787	0.309743257802343	-1.11677961815977	-5.40497403497586	-0.494469757497389	Naa40	N(alpha)-acetyltransferase 40, NatD catalytic subunit, homolog (S. cerevisiae)	70999	19	2,4,4-trimethyl-3-oxopentanoyl-CoA 2-C-propanoyl transferase activity///2,6-dimethyl-5-methylene-3-oxo-heptanoyl-CoA C-acetyltransferase activity///2-methylhexanoyl-CoA C-acetyltransferase activity///3-hydroxybutyryl-CoA thiolase activity///3-ketopimelyl-CoA thiolase activity///C-acyltransferase activity///C-palmitoyltransferase activity///L-2-aminoadipate N-acetyltransferase activity///N-acetyltransferase activity///N-acyltransferase activity///N-palmitoyltransferase activity///N-succinyltransferase activity///O-acetyltransferase activity///O-acyltransferase activity///O-octanoyltransferase activity///O-palmitoyltransferase activity///O-sinapoyltransferase activity///O-succinyltransferase activity///Ras palmitoyltransferase activity///S-acetyltransferase activity///S-acyltransferase activity///S-malonyltransferase activity///S-succinyltransferase activity///UDP-3-O-[3-hydroxymyristoyl] glucosamine N-acyltransferase activity///acetyl-CoA:L-lysine N6-acetyltransferase///acetyltransferase activity///acyl-CoA N-acyltransferase activity///acylglycerol O-acyltransferase activity///azetidine-2-carboxylic acid acetyltransferase activity///benzoyl acetate-CoA thiolase activity///butyryl-CoA 2-C-propionyltransferase activity///carnitine O-acyltransferase activity///dihydrolipoamide S-acyltransferase activity///dihydrolipoamide branched chain acyltransferase activity///ergosterol O-acyltransferase activity///glucosaminyl-phosphotidylinositol O-acyltransferase activity///keto acid formate lyase activity///lanosterol O-acyltransferase activity///malonyltransferase activity///molecular_function///myristoyltransferase activity///naphthyl-2-oxomethyl-succinyl-CoA succinyl transferase activity///octanoyltransferase activity///palmitoleoyl [acyl-carrier-protein]-dependent acyltransferase activity///palmitoyltransferase activity///peptidyl-lysine N-acetyltransferase activity, acting on acetyl phosphate as donor///peptidyl-lysine N6-myristoyltransferase activity///peptidyl-lysine N6-palmitoyltransferase activity///protein-cysteine S-acyltransferase activity///protein-cysteine S-myristoyltransferase activity///serine O-acyltransferase activity///sinapoyltransferase activity///sterol O-acyltransferase activity///succinyltransferase activity///transferase activity///transferase activity, transferring acyl groups	lipid metabolic process	cellular_component	GO:0034851///GO:0034945///GO:0034915///GO:0018712///GO:0018713///GO:0016408///GO:0016454///GO:0043741///GO:0008080///GO:0016410///GO:0019105///GO:0016749///GO:0016413///GO:0008374///GO:0016414///GO:0016416///GO:0016753///GO:0016750///GO:0043849///GO:0016418///GO:0016417///GO:0016419///GO:0016751///GO:0043764///GO:0090595///GO:0016407///GO:0019186///GO:0016411///GO:0046941///GO:0018711///GO:0034919///GO:0016406///GO:0030523///GO:0004147///GO:0034737///GO:0032216///GO:0043806///GO:0034738///GO:0016420///GO:0003674///GO:0019107///GO:0034848///GO:0016415///GO:0008951///GO:0016409///GO:0052858///GO:0018030///GO:0018031///GO:0019707///GO:0019705///GO:0016412///GO:0016752///GO:0004772///GO:0016748///GO:0016740///GO:0016746	GO:0006629	GO:0005575
1416381_a_at	0.898291502857744	0.313174068148569	-1.10809153974177	-5.41366088561616	-0.278083768341867	Prdx5	peroxiredoxin 5	54683	19 5.08 cM	RNA polymerase III regulatory region DNA binding///antioxidant activity///antioxidant activity///cysteine-type endopeptidase inhibitor activity involved in apoptotic process///oxidoreductase activity///peroxidase activity///peroxiredoxin activity///peroxynitrite reductase activity///protein dimerization activity///receptor binding///receptor binding	NADPH oxidation///cellular response to reactive oxygen species///hydrogen peroxide catabolic process///hydrogen peroxide catabolic process///negative regulation of apoptotic process///negative regulation of cysteine-type endopeptidase activity involved in apoptotic process///negative regulation of oxidoreductase activity///negative regulation of transcription from RNA polymerase III promoter///oxidation-reduction process///positive regulation of collagen biosynthetic process///reactive nitrogen species metabolic process///regulation of apoptosis involved in tissue homeostasis///response to oxidative stress///response to oxidative stress	cytoplasm///cytoplasm///cytoplasmic vesicle///cytosol///extracellular space///extracellular vesicular exosome///intracellular membrane-bounded organelle///mitochondrion///mitochondrion///nucleus///perinuclear region of cytoplasm///peroxisomal matrix///peroxisomal matrix///peroxisome	GO:0001016///GO:0016209///GO:0016209///GO:0043027///GO:0016491///GO:0004601///GO:0051920///GO:0072541///GO:0046983///GO:0005102///GO:0005102	GO:0070995///GO:0034614///GO:0042744///GO:0042744///GO:0043066///GO:0043154///GO:0051354///GO:0016480///GO:0055114///GO:0032967///GO:2001057///GO:0060785///GO:0006979///GO:0006979	GO:0005737///GO:0005737///GO:0031410///GO:0005829///GO:0005615///GO:0070062///GO:0043231///GO:0005739///GO:0005739///GO:0005634///GO:0048471///GO:0005782///GO:0005782///GO:0005777
1429797_at	0.900723445747789	0.325006599539985	-1.0787302835972	-5.44270586339213	-0.608826154384764	Atl3	atlastin GTPase 3	109168	19	GTP binding///GTPase activity///hydrolase activity///identical protein binding///nucleotide binding	Golgi organization///endoplasmic reticulum organization///protein homooligomerization	endoplasmic reticulum///integral component of membrane///membrane	GO:0005525///GO:0003924///GO:0016787///GO:0042802///GO:0000166	GO:0007030///GO:0007029///GO:0051260	GO:0005783///GO:0016021///GO:0016020
1445573_at	0.905612796434083	0.338786903438575	-1.04564087258443	-5.47484398107984	-0.461621487126494	Ppp1r14b	protein phosphatase 1, regulatory (inhibitor) subunit 14B	18938	19	phosphatase inhibitor activity///protein phosphatase inhibitor activity///protein phosphatase type 1 regulator activity	negative regulation of catalytic activity///regulation of catalytic activity///regulation of phosphorylation	cytoplasm	GO:0019212///GO:0004864///GO:0008599	GO:0043086///GO:0050790///GO:0042325	GO:0005737
1424498_at	0.905612796434083	0.338882513919187	1.04541521689795	-5.47506092899006	1.12065510479128	Atl3	atlastin GTPase 3	109168	19	GTP binding///GTPase activity///hydrolase activity///identical protein binding///nucleotide binding	Golgi organization///endoplasmic reticulum organization///protein homooligomerization	endoplasmic reticulum///integral component of membrane///membrane	GO:0005525///GO:0003924///GO:0016787///GO:0042802///GO:0000166	GO:0007030///GO:0007029///GO:0051260	GO:0005783///GO:0016021///GO:0016020
1436663_at	0.905612796434083	0.341910262475028	-1.038296234554	-5.48188950256222	-0.77183394190931	AI846148	expressed sequence AI846148	68229	19	molecular_function	biological_process	cellular_component	GO:0003674	GO:0008150	GO:0005575
1435889_at	0.905612796434083	0.348262539062148	-1.02352709190382	-5.49595825848848	-0.518044886496775	Mark2	MAP/microtubule affinity-regulating kinase 2	13728	19 5.32 cM	ATP binding///kinase activity///lipid binding///magnesium ion binding///metal ion binding///nucleotide binding///poly(A) RNA binding///protein kinase activity///protein serine/threonine kinase activity///tau-protein kinase activity///transferase activity///transferase activity, transferring phosphorus-containing groups	Wnt signaling pathway///cell differentiation///establishment of cell polarity///establishment or maintenance of epithelial cell apical/basal polarity///intracellular signal transduction///multicellular organismal development///neuron migration///phosphorylation///positive regulation of neuron projection development///protein autophosphorylation///protein phosphorylation///regulation of axonogenesis///regulation of cytoskeleton organization	actin filament///basal cortex///cytoplasm///cytoskeleton///lateral plasma membrane///membrane///microtubule bundle///nucleus///plasma membrane	GO:0005524///GO:0016301///GO:0008289///GO:0000287///GO:0046872///GO:0000166///GO:0044822///GO:0004672///GO:0004674///GO:0050321///GO:0016740///GO:0016772	GO:0016055///GO:0030154///GO:0030010///GO:0045197///GO:0035556///GO:0007275///GO:0001764///GO:0016310///GO:0010976///GO:0046777///GO:0006468///GO:0050770///GO:0051493	GO:0005884///GO:0045180///GO:0005737///GO:0005856///GO:0016328///GO:0016020///GO:0097427///GO:0005634///GO:0005886
1460375_at	0.906814263618668	0.353371620875222	1.01180726316011	-5.50702703596983	0.981417041037483	Trmt112	tRNA methyltransferase 11-2	67674	19 E1	protein methyltransferase activity	peptidyl-glutamine methylation	extracellular vesicular exosome///protein complex	GO:0008276	GO:0018364	GO:0070062///GO:0043234
1436409_at	0.906814263618668	0.355194113245694	1.00765995104555	-5.51092352279754	0.948278539690217	Cox8a	cytochrome c oxidase subunit VIIIa	12868	19	cytochrome-c oxidase activity		integral component of membrane///membrane///mitochondrial inner membrane///mitochondrion	GO:0004129		GO:0016021///GO:0016020///GO:0005743///GO:0005739
1416347_at	0.906814263618668	0.35562202012574	1.00668869806126	-5.51183448137083	0.229085103118541	Men1	multiple endocrine neoplasia 1	17283	19 A	DNA binding///R-SMAD binding///Y-form DNA binding///chromatin binding///double-stranded DNA binding///four-way junction DNA binding///contributes_to histone-lysine N-methyltransferase activity///protein N-terminus binding///protein binding///protein binding, bridging///sequence-specific DNA binding///transcription regulatory region DNA binding	MAPK cascade///cell cycle arrest///cellular response to DNA damage stimulus///chromatin modification///chromatin remodeling///chromatin remodeling///embryo development///embryonic skeletal system morphogenesis///hemopoiesis///histone lysine methylation///histone methylation///leukocyte homeostasis///maternal process involved in female pregnancy///negative regulation of JNK cascade///negative regulation of cell cycle///negative regulation of cell proliferation///negative regulation of cell proliferation///negative regulation of cell proliferation///negative regulation of cell proliferation///negative regulation of cyclin-dependent protein serine/threonine kinase activity///negative regulation of organ growth///negative regulation of osteoblast differentiation///negative regulation of osteoblast differentiation///negative regulation of osteoblast differentiation///negative regulation of protein phosphorylation///negative regulation of sequence-specific DNA binding transcription factor activity///negative regulation of telomerase activity///negative regulation of transcription from RNA polymerase II promoter///negative regulation of transcription from RNA polymerase II promoter///negative regulation of transcription, DNA-templated///ossification///osteoblast development///osteoblast development///osteoblast fate commitment///palate development///positive regulation of apoptotic process///positive regulation of apoptotic process///positive regulation of cell differentiation///positive regulation of cell division///positive regulation of cysteine-type endopeptidase activity involved in apoptotic process///positive regulation of histone methylation///positive regulation of osteoblast differentiation///positive regulation of protein binding///positive regulation of transcription from RNA polymerase II promoter///positive regulation of transcription from RNA polymerase II promoter///positive regulation of transcription from RNA polymerase II promoter///positive regulation of transcription, DNA-templated///positive regulation of transforming growth factor beta receptor signaling pathway///regulation of activin receptor signaling pathway///regulation of transcription, DNA-templated///response to UV///response to gamma radiation///transcription, DNA-templated	chromatin///cleavage furrow///cytoplasm///cytoplasm///cytosol///histone methyltransferase complex///nuclear matrix///nucleus///nucleus///protein complex	GO:0003677///GO:0070412///GO:0000403///GO:0003682///GO:0003690///GO:0000400///contributes_to GO:0018024///GO:0047485///GO:0005515///GO:0030674///GO:0043565///GO:0044212	GO:0000165///GO:0007050///GO:0006974///GO:0016568///GO:0006338///GO:0006338///GO:0009790///GO:0048704///GO:0030097///GO:0034968///GO:0016571///GO:0001776///GO:0060135///GO:0046329///GO:0045786///GO:0008285///GO:0008285///GO:0008285///GO:0008285///GO:0045736///GO:0046621///GO:0045668///GO:0045668///GO:0045668///GO:0001933///GO:0043433///GO:0051974///GO:0000122///GO:0000122///GO:0045892///GO:0001503///GO:0002076///GO:0002076///GO:0002051///GO:0060021///GO:0043065///GO:0043065///GO:0045597///GO:0051781///GO:0043280///GO:0031062///GO:0045669///GO:0032092///GO:0045944///GO:0045944///GO:0045944///GO:0045893///GO:0030511///GO:0032925///GO:0006355///GO:0009411///GO:0010332///GO:0006351	GO:0000785///GO:0032154///GO:0005737///GO:0005737///GO:0005829///GO:0035097///GO:0016363///GO:0005634///GO:0005634///GO:0043234
1448602_at	0.907520590838368	0.358664037395766	-0.999811144299335	-5.5182681319679	-0.208493093550887	Pygm	muscle glycogen phosphorylase	19309	19 4.53 cM	AMP binding///carbohydrate binding///catalytic activity///drug binding///glycogen phosphorylase activity///glycogen phosphorylase activity///glycogen phosphorylase activity///nucleotide binding///phosphorylase activity///pyridoxal phosphate binding///transferase activity///transferase activity, transferring glycosyl groups	carbohydrate metabolic process///cellular calcium ion homeostasis///glycogen catabolic process///glycogen catabolic process///glycogen catabolic process///glycogen metabolic process///metabolic process///response to cAMP///response to hypoxia///response to organic substance	Z disc///cytoplasm///extracellular vesicular exosome///sarcoplasmic reticulum	GO:0016208///GO:0030246///GO:0003824///GO:0008144///GO:0008184///GO:0008184///GO:0008184///GO:0000166///GO:0004645///GO:0030170///GO:0016740///GO:0016757	GO:0005975///GO:0006874///GO:0005980///GO:0005980///GO:0005980///GO:0005977///GO:0008152///GO:0051591///GO:0001666///GO:0010033	GO:0030018///GO:0005737///GO:0070062///GO:0016529
1448817_at	0.907756624028403	0.36267831999736	0.990807191495223	-5.5266457407419	0.460921954964411	Otub1	OTU domain, ubiquitin aldehyde binding 1	107260	19	cysteine-type peptidase activity///hydrolase activity///omega peptidase activity///peptidase activity	DNA repair///cellular response to DNA damage stimulus///immune system process///protein metabolic process///proteolysis	cytoplasm///nucleus	GO:0008234///GO:0016787///GO:0008242///GO:0008233	GO:0006281///GO:0006974///GO:0002376///GO:0019538///GO:0006508	GO:0005737///GO:0005634
1448175_at	0.908209925685783	0.370531889503672	0.97342093266017	-5.5426757024984	0.325268520130581	Ehd1	EH-domain containing 1	13660	19 4.4 cM	ATP binding///GTP binding///GTPase activity///Rab GTPase binding///calcium ion binding///metal ion binding///nucleotide binding///protein binding	cellular response to nerve growth factor stimulus///cholesterol homeostasis///endocytic recycling///endocytosis///endocytosis///endosomal transport///intracellular protein transport///low-density lipoprotein particle clearance///neuron projection development///positive regulation of cholesterol storage///positive regulation of endocytic recycling///positive regulation of myoblast fusion///protein homooligomerization	early endosome///early endosome membrane///endocytic vesicle///endosome///endosome membrane///extracellular vesicular exosome///lipid particle///membrane///perinuclear region of cytoplasm///plasma membrane///platelet dense tubular network membrane///recycling endosome membrane	GO:0005524///GO:0005525///GO:0003924///GO:0017137///GO:0005509///GO:0046872///GO:0000166///GO:0005515	GO:1990090///GO:0042632///GO:0032456///GO:0006897///GO:0006897///GO:0016197///GO:0006886///GO:0034383///GO:0031175///GO:0010886///GO:2001137///GO:1901741///GO:0051260	GO:0005769///GO:0031901///GO:0030139///GO:0005768///GO:0010008///GO:0070062///GO:0005811///GO:0016020///GO:0048471///GO:0005886///GO:0031095///GO:0055038
1415909_at	0.911888411562938	0.391581524391669	0.928223751777072	-5.58341736876506	0.201345859601795	Stip1	stress-induced phosphoprotein 1	20867	19	Hsp70 protein binding///chaperone binding///poly(A) RNA binding///protein C-terminus binding///protein binding		cytoplasm///nucleus///protein complex	GO:0030544///GO:0051087///GO:0044822///GO:0008022///GO:0005515		GO:0005737///GO:0005634///GO:0043234
1453942_at	0.916467618901893	0.414909417313769	-0.880296283903096	-5.62509391916526	-0.877507966386097	1700123I01Rik	RIKEN cDNA 1700123I01 gene	622554	19	molecular_function	biological_process	cellular_component	GO:0003674	GO:0008150	GO:0005575
1417035_at	0.916488564385634	0.414969211839612	-0.880176121537108	-5.62519637053672	-0.196279788316657	Sac3d1	SAC3 domain containing 1	66406	19	protein binding	cell cycle///cell division///centrosome duplication///mitotic nuclear division///negative regulation of JAK-STAT cascade///regulation of immune response///spindle assembly	centrosome///cytoplasm///cytoskeleton///microtubule cytoskeleton///nucleus///spindle	GO:0005515	GO:0007049///GO:0051301///GO:0051298///GO:0007067///GO:0046426///GO:0050776///GO:0051225	GO:0005813///GO:0005737///GO:0005856///GO:0015630///GO:0005634///GO:0005819
1433963_a_at	0.925550186592846	0.471681352328506	0.771584801092442	-5.71339355677219	0.254266490258707	Fermt3	fermitin family homolog 3 (Drosophila)	108101	19	integrin binding///integrin binding///protein binding	cell adhesion///integrin activation///integrin activation///integrin-mediated signaling pathway///leukocyte cell-cell adhesion///leukocyte cell-cell adhesion///platelet aggregation///platelet aggregation///regulation of cell-cell adhesion mediated by integrin///regulation of cell-cell adhesion mediated by integrin///substrate adhesion-dependent cell spreading	cell junction///cell projection///extracellular vesicular exosome///membrane///podosome	GO:0005178///GO:0005178///GO:0005515	GO:0007155///GO:0033622///GO:0033622///GO:0007229///GO:0007159///GO:0007159///GO:0070527///GO:0070527///GO:0033632///GO:0033632///GO:0034446	GO:0030054///GO:0042995///GO:0070062///GO:0016020///GO:0002102
1425038_at	0.926805885206088	0.47696636051054	0.761957387795508	-5.72077394694058	1.00613297027517	Slc22a19	solute carrier family 22 (organic anion transporter), member 19	207151	19	organic anion transmembrane transporter activity///organic anion transmembrane transporter activity///toxin transporter activity	ion transmembrane transport///organic anion transport///organic anion transport///response to molecule of fungal origin///toxin transport	apical plasma membrane///integral component of membrane///membrane	GO:0008514///GO:0008514///GO:0019534	GO:0034220///GO:0015711///GO:0015711///GO:0002238///GO:1901998	GO:0016324///GO:0016021///GO:0016020
1422898_s_at	0.929058841192656	0.49018577172937	0.738199850443217	-5.73866756836368	0.256519117220777	Slc22a12	solute carrier family 22 (organic anion/cation transporter), member 12	20521	19	PDZ domain binding///protein binding///transmembrane transporter activity///urate transmembrane transporter activity///urate transmembrane transporter activity	ion transport///organic acid transport///response to drug///transmembrane transport///transport///urate metabolic process///urate transport///urate transport	apical plasma membrane///brush border membrane///extracellular vesicular exosome///integral component of membrane///integral component of membrane///membrane///plasma membrane	GO:0030165///GO:0005515///GO:0022857///GO:0015143///GO:0015143	GO:0006811///GO:0015849///GO:0042493///GO:0055085///GO:0006810///GO:0046415///GO:0015747///GO:0015747	GO:0016324///GO:0031526///GO:0070062///GO:0016021///GO:0016021///GO:0016020///GO:0005886
1415952_at	0.931037422004445	0.501707556768837	-0.717852505266547	-5.75362634511598	-0.180294395011917	Mark2	MAP/microtubule affinity-regulating kinase 2	13728	19 5.32 cM	ATP binding///kinase activity///lipid binding///magnesium ion binding///metal ion binding///nucleotide binding///poly(A) RNA binding///protein kinase activity///protein serine/threonine kinase activity///tau-protein kinase activity///transferase activity///transferase activity, transferring phosphorus-containing groups	Wnt signaling pathway///cell differentiation///establishment of cell polarity///establishment or maintenance of epithelial cell apical/basal polarity///intracellular signal transduction///multicellular organismal development///neuron migration///phosphorylation///positive regulation of neuron projection development///protein autophosphorylation///protein phosphorylation///regulation of axonogenesis///regulation of cytoskeleton organization	actin filament///basal cortex///cytoplasm///cytoskeleton///lateral plasma membrane///membrane///microtubule bundle///nucleus///plasma membrane	GO:0005524///GO:0016301///GO:0008289///GO:0000287///GO:0046872///GO:0000166///GO:0044822///GO:0004672///GO:0004674///GO:0050321///GO:0016740///GO:0016772	GO:0016055///GO:0030154///GO:0030010///GO:0045197///GO:0035556///GO:0007275///GO:0001764///GO:0016310///GO:0010976///GO:0046777///GO:0006468///GO:0050770///GO:0051493	GO:0005884///GO:0045180///GO:0005737///GO:0005856///GO:0016328///GO:0016020///GO:0097427///GO:0005634///GO:0005886
1443143_at	0.931431888892664	0.505233493759456	0.711689646981078	-5.75808947255022	0.783171308853088	Flrt1	fibronectin leucine rich transmembrane protein 1	396184	19			extracellular space///integral component of membrane///membrane			GO:0005615///GO:0016021///GO:0016020
1421419_at	0.936499346041948	0.522467920122292	-0.68197584089864	-5.77916018680371	-0.517833477395804	Kcnk4	potassium channel, subfamily K, member 4	16528	19 5.08 cM	potassium channel activity///voltage-gated ion channel activity	ion transport///potassium ion transmembrane transport///potassium ion transport///regulation of ion transmembrane transport///transport	integral component of membrane///membrane	GO:0005267///GO:0005244	GO:0006811///GO:0071805///GO:0006813///GO:0034765///GO:0006810	GO:0016021///GO:0016020
1435908_at	0.939384580623086	0.533315656716856	0.663605336470418	-5.79181064507453	0.331664284927554	Nrxn2	neurexin II	18190	19	calcium channel regulator activity///protein binding	adult behavior///neurotransmitter secretion///social behavior///synapse assembly///synaptic transmission///vocal learning///vocalization behavior	cell///integral component of membrane///membrane///presynaptic membrane	GO:0005246///GO:0005515	GO:0030534///GO:0007269///GO:0035176///GO:0007416///GO:0007268///GO:0042297///GO:0071625	GO:0005623///GO:0016021///GO:0016020///GO:0042734
1425539_a_at	0.940533288474919	0.538555880209679	0.654818338637173	-5.79775843940649	0.149015392912387	Rtn3	reticulon 3	20168	19	protein binding	apoptotic process///endoplasmic reticulum tubular network organization///transport///vesicle-mediated transport	Golgi apparatus///endoplasmic reticulum///extracellular vesicular exosome///integral component of membrane///membrane	GO:0005515	GO:0006915///GO:0071786///GO:0006810///GO:0016192	GO:0005794///GO:0005783///GO:0070062///GO:0016021///GO:0016020
1436197_at	0.944452259660412	0.557226424341345	-0.623949079211279	-5.8181164470418	-0.197963270714455	Cdc42bpg	CDC42 binding protein kinase gamma (DMPK-like)	240505	19	ATP binding///kinase activity///magnesium ion binding///metal ion binding///nucleotide binding///protein kinase activity///protein serine/threonine kinase activity///small GTPase regulator activity///transferase activity///transferase activity, transferring phosphorus-containing groups	intracellular signal transduction///phosphorylation///protein phosphorylation	cell leading edge///cytoplasm	GO:0005524///GO:0016301///GO:0000287///GO:0046872///GO:0000166///GO:0004672///GO:0004674///GO:0005083///GO:0016740///GO:0016772	GO:0035556///GO:0016310///GO:0006468	GO:0031252///GO:0005737
1419687_at	0.944710953248523	0.559658558638981	-0.61997626759801	-5.82067512529733	-0.1234700525068	Macrod1	MACRO domain containing 1	107227	19	(3,5-dichlorophenylurea)acetate amidohydrolase activity///4'-(2-hydroxyisopropyl)phenylurea amidohydrolase activity///DNA N-glycosylase activity///DNA-3-methylbase glycosylase activity///N-acetylcitrulline deacetylase activity///N-acetylgalactosamine-6-phosphate deacetylase activity///N-cyclohexylformamide amidohydrolase activity///N-isopropylacetanilide amidohydrolase activity///N2-acetyl-L-lysine deacetylase activity///O-succinylbenzoate synthase activity///UDP-3-O-[3-hydroxymyristoyl] N-acetylglucosamine deacetylase activity///chitooligosaccharide deacetylase activity///cis-aconitamide amidase activity///deacetylase activity///deoxyribonucleoside 5'-monophosphate N-glycosidase activity///diacetylchitobiose deacetylase activity///didemethylisoproturon amidohydrolase activity///gamma-N-formylaminovinylacetate hydrolase activity///histone deacetylase activity///hydrolase activity///hydrolase activity, acting on glycosyl bonds///indoleacetamide hydrolase activity///iprodione amidohydrolase activity///isonicotinic acid hydrazide hydrolase activity///nicotinamide riboside hydrolase activity///nicotinic acid riboside hydrolase activity///protein-N-terminal asparagine amidohydrolase activity///purine-specific mismatch base pair DNA N-glycosylase activity///single-strand selective uracil DNA N-glycosylase activity///uracil DNA N-glycosylase activity	cellular response to DNA damage stimulus///protein de-ADP-ribosylation///purine nucleoside metabolic process	mitochondrion///nucleus	GO:0018749///GO:0034571///GO:0019104///GO:0043733///GO:0043909///GO:0047419///GO:0034781///GO:0034576///GO:0043747///GO:0043748///GO:0008759///GO:0052790///GO:0034882///GO:0019213///GO:0070694///GO:0052773///GO:0034573///GO:0034885///GO:0004407///GO:0016787///GO:0016798///GO:0043864///GO:0018748///GO:0034876///GO:0070635///GO:0070636///GO:0008418///GO:0000701///GO:0017065///GO:0004844	GO:0006974///GO:0051725///GO:0042278	GO:0005739///GO:0005634
1451329_at	0.948663604920382	0.599337456857628	-0.556600981106957	-5.85955648205205	-0.170903362732351	Nudt22	nudix (nucleoside diphosphate linked moiety X)-type motif 22	68323	19	hydrolase activity///molecular_function	biological_process	cellular_component	GO:0016787///GO:0003674	GO:0008150	GO:0005575
1452615_s_at	0.949515544441101	0.612256718029486	-0.536505440626586	-5.87110997223978	-0.115533596467957	Trpt1	tRNA phosphotransferase 1	107328	19	2'-phosphotransferase activity///tRNA 2'-phosphotransferase activity///transferase activity///transferase activity, transferring phosphorus-containing groups	regulation of protein kinase activity///tRNA processing///tRNA splicing, via endonucleolytic cleavage and ligation	cellular_component	GO:0008665///GO:0000215///GO:0016740///GO:0016772	GO:0045859///GO:0008033///GO:0006388	GO:0005575
1418101_a_at	0.949515544441101	0.613666139712116	0.534327893569069	-5.87233907974806	0.113781056991902	Rtn3	reticulon 3	20168	19	protein binding	apoptotic process///endoplasmic reticulum tubular network organization///transport///vesicle-mediated transport	Golgi apparatus///endoplasmic reticulum///extracellular vesicular exosome///integral component of membrane///membrane	GO:0005515	GO:0006915///GO:0071786///GO:0006810///GO:0016192	GO:0005794///GO:0005783///GO:0070062///GO:0016021///GO:0016020
1416012_at	0.951594853430837	0.631256992322135	0.507383246248151	-5.88717492181859	0.194999001669292	Ehd1	EH-domain containing 1	13660	19 4.4 cM	ATP binding///GTP binding///GTPase activity///Rab GTPase binding///calcium ion binding///metal ion binding///nucleotide binding///protein binding	cellular response to nerve growth factor stimulus///cholesterol homeostasis///endocytic recycling///endocytosis///endocytosis///endosomal transport///intracellular protein transport///low-density lipoprotein particle clearance///neuron projection development///positive regulation of cholesterol storage///positive regulation of endocytic recycling///positive regulation of myoblast fusion///protein homooligomerization	early endosome///early endosome membrane///endocytic vesicle///endosome///endosome membrane///extracellular vesicular exosome///lipid particle///membrane///perinuclear region of cytoplasm///plasma membrane///platelet dense tubular network membrane///recycling endosome membrane	GO:0005524///GO:0005525///GO:0003924///GO:0017137///GO:0005509///GO:0046872///GO:0000166///GO:0005515	GO:1990090///GO:0042632///GO:0032456///GO:0006897///GO:0006897///GO:0016197///GO:0006886///GO:0034383///GO:0031175///GO:0010886///GO:2001137///GO:1901741///GO:0051260	GO:0005769///GO:0031901///GO:0030139///GO:0005768///GO:0010008///GO:0070062///GO:0005811///GO:0016020///GO:0048471///GO:0005886///GO:0031095///GO:0055038
1459765_s_at	0.954951231685943	0.651065907299024	0.477528969828908	-5.90279762977139	0.0979578826631631	Sf1	splicing factor 1	22668	19 B	RNA binding///metal ion binding///nucleic acid binding///zinc ion binding	Leydig cell differentiation///RNA splicing///mRNA processing///male sex determination///negative regulation of smooth muscle cell proliferation///regulation of steroid biosynthetic process///regulation of transcription, DNA-templated///transcription, DNA-templated	cytoplasm///nucleus///spliceosomal complex	GO:0003723///GO:0046872///GO:0003676///GO:0008270	GO:0033327///GO:0008380///GO:0006397///GO:0030238///GO:0048662///GO:0050810///GO:0006355///GO:0006351	GO:0005737///GO:0005634///GO:0005681
1443826_x_at	0.956270758176835	0.661479013875514	-0.462028158511593	-5.91056662795879	-0.156921303084576	Men1	multiple endocrine neoplasia 1	17283	19 A	DNA binding///R-SMAD binding///Y-form DNA binding///chromatin binding///double-stranded DNA binding///four-way junction DNA binding///contributes_to histone-lysine N-methyltransferase activity///protein N-terminus binding///protein binding///protein binding, bridging///sequence-specific DNA binding///transcription regulatory region DNA binding	MAPK cascade///cell cycle arrest///cellular response to DNA damage stimulus///chromatin modification///chromatin remodeling///chromatin remodeling///embryo development///embryonic skeletal system morphogenesis///hemopoiesis///histone lysine methylation///histone methylation///leukocyte homeostasis///maternal process involved in female pregnancy///negative regulation of JNK cascade///negative regulation of cell cycle///negative regulation of cell proliferation///negative regulation of cell proliferation///negative regulation of cell proliferation///negative regulation of cell proliferation///negative regulation of cyclin-dependent protein serine/threonine kinase activity///negative regulation of organ growth///negative regulation of osteoblast differentiation///negative regulation of osteoblast differentiation///negative regulation of osteoblast differentiation///negative regulation of protein phosphorylation///negative regulation of sequence-specific DNA binding transcription factor activity///negative regulation of telomerase activity///negative regulation of transcription from RNA polymerase II promoter///negative regulation of transcription from RNA polymerase II promoter///negative regulation of transcription, DNA-templated///ossification///osteoblast development///osteoblast development///osteoblast fate commitment///palate development///positive regulation of apoptotic process///positive regulation of apoptotic process///positive regulation of cell differentiation///positive regulation of cell division///positive regulation of cysteine-type endopeptidase activity involved in apoptotic process///positive regulation of histone methylation///positive regulation of osteoblast differentiation///positive regulation of protein binding///positive regulation of transcription from RNA polymerase II promoter///positive regulation of transcription from RNA polymerase II promoter///positive regulation of transcription from RNA polymerase II promoter///positive regulation of transcription, DNA-templated///positive regulation of transforming growth factor beta receptor signaling pathway///regulation of activin receptor signaling pathway///regulation of transcription, DNA-templated///response to UV///response to gamma radiation///transcription, DNA-templated	chromatin///cleavage furrow///cytoplasm///cytoplasm///cytosol///histone methyltransferase complex///nuclear matrix///nucleus///nucleus///protein complex	GO:0003677///GO:0070412///GO:0000403///GO:0003682///GO:0003690///GO:0000400///contributes_to GO:0018024///GO:0047485///GO:0005515///GO:0030674///GO:0043565///GO:0044212	GO:0000165///GO:0007050///GO:0006974///GO:0016568///GO:0006338///GO:0006338///GO:0009790///GO:0048704///GO:0030097///GO:0034968///GO:0016571///GO:0001776///GO:0060135///GO:0046329///GO:0045786///GO:0008285///GO:0008285///GO:0008285///GO:0008285///GO:0045736///GO:0046621///GO:0045668///GO:0045668///GO:0045668///GO:0001933///GO:0043433///GO:0051974///GO:0000122///GO:0000122///GO:0045892///GO:0001503///GO:0002076///GO:0002076///GO:0002051///GO:0060021///GO:0043065///GO:0043065///GO:0045597///GO:0051781///GO:0043280///GO:0031062///GO:0045669///GO:0032092///GO:0045944///GO:0045944///GO:0045944///GO:0045893///GO:0030511///GO:0032925///GO:0006355///GO:0009411///GO:0010332///GO:0006351	GO:0000785///GO:0032154///GO:0005737///GO:0005737///GO:0005829///GO:0035097///GO:0016363///GO:0005634///GO:0005634///GO:0043234
1451803_a_at	0.961367260028136	0.685740778905189	-0.42638756187178	-5.92752879507497	-0.0958460365817189	Vegfb	vascular endothelial growth factor B	22340	19 B	chemoattractant activity///growth factor activity///heparin binding///protein heterodimerization activity///protein homodimerization activity///vascular endothelial growth factor receptor 1 binding	angiogenesis///cardiac muscle contraction///cell differentiation///coronary vasculature development///heart development///induction of positive chemotaxis///multicellular organismal development///negative regulation of apoptotic process///negative regulation of gene expression///negative regulation of neuron apoptotic process///positive chemotaxis///positive regulation of ERK1 and ERK2 cascade///positive regulation of cell division///positive regulation of endothelial cell proliferation///positive regulation of mast cell chemotaxis///positive regulation of peptidyl-tyrosine phosphorylation///positive regulation of protein kinase B signaling///positive regulation of vascular endothelial growth factor receptor signaling pathway///positive regulation of vascular wound healing///protein O-linked glycosylation	extracellular region///extracellular space///intracellular///membrane	GO:0042056///GO:0008083///GO:0008201///GO:0046982///GO:0042803///GO:0043183	GO:0001525///GO:0060048///GO:0030154///GO:0060976///GO:0007507///GO:0050930///GO:0007275///GO:0043066///GO:0010629///GO:0043524///GO:0050918///GO:0070374///GO:0051781///GO:0001938///GO:0060754///GO:0050731///GO:0051897///GO:0030949///GO:0035470///GO:0006493	GO:0005576///GO:0005615///GO:0005622///GO:0016020
1417036_at	0.963652221113715	0.698674035476978	-0.407641273110996	-5.93594075306715	-0.602611116179607	Sac3d1	SAC3 domain containing 1	66406	19	protein binding	cell cycle///cell division///centrosome duplication///mitotic nuclear division///negative regulation of JAK-STAT cascade///regulation of immune response///spindle assembly	centrosome///cytoplasm///cytoskeleton///microtubule cytoskeleton///nucleus///spindle	GO:0005515	GO:0007049///GO:0051301///GO:0051298///GO:0007067///GO:0046426///GO:0050776///GO:0051225	GO:0005813///GO:0005737///GO:0005856///GO:0015630///GO:0005634///GO:0005819
1416583_at	0.966945455735802	0.711742554305665	0.388864031237688	-5.94401016591976	0.123698683183696	Bad	BCL2-associated agonist of cell death	12015	19	cysteine-type endopeptidase activator activity involved in apoptotic process///cysteine-type endopeptidase activator activity involved in apoptotic process///lipid binding///phospholipid binding///protein binding///protein heterodimerization activity///protein kinase B binding///protein kinase binding///protein phosphatase 2B binding///protein phosphatase binding	ADP metabolic process///ATP metabolic process///activation of cysteine-type endopeptidase activity///activation of cysteine-type endopeptidase activity involved in apoptotic process///activation of cysteine-type endopeptidase activity involved in apoptotic process///apoptotic process///apoptotic signaling pathway///apoptotic signaling pathway///cell proliferation///cellular process regulating host cell cycle in response to virus///cellular response to nicotine///cellular response to organic substance///cytokine-mediated signaling pathway///extrinsic apoptotic signaling pathway///extrinsic apoptotic signaling pathway in absence of ligand///extrinsic apoptotic signaling pathway in absence of ligand///extrinsic apoptotic signaling pathway in absence of ligand///extrinsic apoptotic signaling pathway via death domain receptors///glucose catabolic process///glucose homeostasis///intrinsic apoptotic signaling pathway///intrinsic apoptotic signaling pathway in response to DNA damage///intrinsic apoptotic signaling pathway in response to DNA damage///pore complex assembly///positive regulation of B cell differentiation///positive regulation of T cell differentiation///positive regulation of apoptotic process///positive regulation of apoptotic process///positive regulation of apoptotic process by virus///positive regulation of cysteine-type endopeptidase activity involved in apoptotic process///positive regulation of epithelial cell proliferation///positive regulation of glucokinase activity///positive regulation of insulin secretion///positive regulation of insulin secretion involved in cellular response to glucose stimulus///positive regulation of mitochondrial membrane potential///positive regulation of neuron death///positive regulation of proteolysis///positive regulation of release of cytochrome c from mitochondria///positive regulation of type B pancreatic cell development///regulation of apoptotic process///regulation of cysteine-type endopeptidase activity involved in apoptotic process///regulation of mitochondrial membrane permeability///release of cytochrome c from mitochondria///suppression by virus of host apoptotic process///suppression by virus of host apoptotic process///type B pancreatic cell proliferation	cytoplasm///cytosol///cytosol///intracellular///membrane///mitochondrial outer membrane///mitochondrion///mitochondrion	GO:0008656///GO:0008656///GO:0008289///GO:0005543///GO:0005515///GO:0046982///GO:0043422///GO:0019901///GO:0030346///GO:0019903	GO:0046031///GO:0046034///GO:0097202///GO:0006919///GO:0006919///GO:0006915///GO:0097190///GO:0097190///GO:0008283///GO:0060154///GO:0071316///GO:0071310///GO:0019221///GO:0097191///GO:0097192///GO:0097192///GO:0097192///GO:0008625///GO:0006007///GO:0042593///GO:0097193///GO:0008630///GO:0008630///GO:0046931///GO:0045579///GO:0045582///GO:0043065///GO:0043065///GO:0060139///GO:0043280///GO:0050679///GO:0033133///GO:0032024///GO:0035774///GO:0010918///GO:1901216///GO:0045862///GO:0090200///GO:2000078///GO:0042981///GO:0043281///GO:0046902///GO:0001836///GO:0019050///GO:0019050///GO:0044342	GO:0005737///GO:0005829///GO:0005829///GO:0005622///GO:0016020///GO:0005741///GO:0005739///GO:0005739
1438933_x_at	0.968440690916227	0.717900963968677	0.380070133599129	-5.94766578018877	0.131652669239865	Rasgrp2	RAS, guanyl releasing protein 2	19395	19	calcium ion binding///guanyl-nucleotide exchange factor activity///metal ion binding	intracellular signal transduction///regulation of small GTPase mediated signal transduction///small GTPase mediated signal transduction	cell junction///cell projection///cytoplasm///cytosol///intracellular///membrane///neuron projection///plasma membrane///synapse	GO:0005509///GO:0005085///GO:0046872	GO:0035556///GO:0051056///GO:0007264	GO:0030054///GO:0042995///GO:0005737///GO:0005829///GO:0005622///GO:0016020///GO:0043005///GO:0005886///GO:0045202
1451611_at	0.971082813538827	0.734213791606939	-0.356936225475662	-5.956903491644	-0.0812385456795344	Pla2g16	phospholipase A2, group XVI	225845	19	1-acyl-2-lysophosphatidylserine acylhydrolase activity///hydrolase activity///phosphatidylcholine 1-acylhydrolase activity///phosphatidylserine 1-acylhydrolase activity///phospholipase A2 activity///phospholipase A2 activity///NOT transferase activity, transferring acyl groups	lipid catabolic process///lipid metabolic process///negative regulation of cell cycle///phospholipid biosynthetic process///phospholipid metabolic process	cytoplasm///endoplasmic reticulum///integral component of membrane///membrane///perinuclear region of cytoplasm	GO:0052740///GO:0016787///GO:0008970///GO:0052739///GO:0004623///GO:0004623///NOT GO:0016746	GO:0016042///GO:0006629///GO:0045786///GO:0008654///GO:0006644	GO:0005737///GO:0005783///GO:0016021///GO:0016020///GO:0048471
1422897_at	0.972250750419553	0.739881802447415	0.348950127722103	-5.95996421451501	0.214343852325562	Slc22a12	solute carrier family 22 (organic anion/cation transporter), member 12	20521	19	PDZ domain binding///protein binding///transmembrane transporter activity///urate transmembrane transporter activity///urate transmembrane transporter activity	ion transport///organic acid transport///response to drug///transmembrane transport///transport///urate metabolic process///urate transport///urate transport	apical plasma membrane///brush border membrane///extracellular vesicular exosome///integral component of membrane///integral component of membrane///membrane///plasma membrane	GO:0030165///GO:0005515///GO:0022857///GO:0015143///GO:0015143	GO:0006811///GO:0015849///GO:0042493///GO:0055085///GO:0006810///GO:0046415///GO:0015747///GO:0015747	GO:0016324///GO:0031526///GO:0070062///GO:0016021///GO:0016021///GO:0016020///GO:0005886
1448222_x_at	0.973153953179975	0.744695880184158	-0.342187330104294	-5.96250436774469	-0.0848922573409858	Cox8a	cytochrome c oxidase subunit VIIIa	12868	19	cytochrome-c oxidase activity		integral component of membrane///membrane///mitochondrial inner membrane///mitochondrion	GO:0004129		GO:0016021///GO:0016020///GO:0005743///GO:0005739
1430005_a_at	0.973189020460193	0.745314786896648	0.341319208939433	-5.9628269971641	0.354531373074431	Batf2	basic leucine zipper transcription factor, ATF-like 2	74481	19	DNA binding///sequence-specific DNA binding///sequence-specific DNA binding transcription factor activity	cell differentiation///defense response to protozoan///myeloid dendritic cell differentiation///regulation of transcription, DNA-templated///transcription, DNA-templated	cellular_component///nucleus	GO:0003677///GO:0043565///GO:0003700	GO:0030154///GO:0042832///GO:0043011///GO:0006355///GO:0006351	GO:0005575///GO:0005634
1417686_at	0.975423722553323	0.755295778106965	-0.327359547628083	-5.96790710650275	-0.504779839695159	Lgals12	lectin, galactose binding, soluble 12	56072	19	carbohydrate binding///lactose binding	apoptotic process///intrinsic apoptotic signaling pathway	intracellular///mitochondrion///nucleus	GO:0030246///GO:0030395	GO:0006915///GO:0097193	GO:0005622///GO:0005739///GO:0005634
1433964_s_at	0.977327797259602	0.774304775015468	0.300972993828314	-5.97695188020351	0.159430215296204	Fermt3	fermitin family homolog 3 (Drosophila)	108101	19	integrin binding///integrin binding///protein binding	cell adhesion///integrin activation///integrin activation///integrin-mediated signaling pathway///leukocyte cell-cell adhesion///leukocyte cell-cell adhesion///platelet aggregation///platelet aggregation///regulation of cell-cell adhesion mediated by integrin///regulation of cell-cell adhesion mediated by integrin///substrate adhesion-dependent cell spreading	cell junction///cell projection///extracellular vesicular exosome///membrane///podosome	GO:0005178///GO:0005178///GO:0005515	GO:0007155///GO:0033622///GO:0033622///GO:0007229///GO:0007159///GO:0007159///GO:0070527///GO:0070527///GO:0033632///GO:0033632///GO:0034446	GO:0030054///GO:0042995///GO:0070062///GO:0016020///GO:0002102
1416112_at	0.977709985580499	0.778218039255486	-0.295571668874971	-5.97871291594088	-0.0689467753504331	Cox8a	cytochrome c oxidase subunit VIIIa	12868	19	cytochrome-c oxidase activity		integral component of membrane///membrane///mitochondrial inner membrane///mitochondrion	GO:0004129		GO:0016021///GO:0016020///GO:0005743///GO:0005739
1438270_at	0.979336252228386	0.78738028866902	-0.282964079879104	-5.98270327929963	-0.0761875176312117	AI846148	expressed sequence AI846148	68229	19	molecular_function	biological_process	cellular_component	GO:0003674	GO:0008150	GO:0005575
1455499_at	0.979336252228386	0.787708107061653	0.282513970347955	-5.9828426237178	0.240822008157031	Nrxn2	neurexin II	18190	19	calcium channel regulator activity///protein binding	adult behavior///neurotransmitter secretion///social behavior///synapse assembly///synaptic transmission///vocal learning///vocalization behavior	cell///integral component of membrane///membrane///presynaptic membrane	GO:0005246///GO:0005515	GO:0030534///GO:0007269///GO:0035176///GO:0007416///GO:0007268///GO:0042297///GO:0071625	GO:0005623///GO:0016021///GO:0016020///GO:0042734
1421497_at	0.979741808833425	0.793118835660621	-0.275094311375627	-5.98510855437055	-0.107725547028207	Gpha2	glycoprotein hormone alpha 2	170458	19	hormone activity///molecular_function	biological_process	extracellular region	GO:0005179///GO:0003674	GO:0008150	GO:0005576
1426811_at	0.981202464543154	0.822313520697534	-0.235349708442977	-5.9962450956735	-0.0511103704339941	Ppp2r5b	protein phosphatase 2, regulatory subunit B', beta	225849	19		cellular response to growth factor stimulus///negative regulation of G0 to G1 transition///positive regulation of cell cycle arrest///positive regulation of neuron projection development///positive regulation of neurotrophin TRK receptor signaling pathway///positive regulation of protein complex assembly///positive regulation of sequence-specific DNA binding transcription factor activity///positive regulation of transcription from RNA polymerase II promoter///regulation of peptidyl-tyrosine phosphorylation///regulation of protein autophosphorylation///regulation of protein phosphorylation///regulation of receptor activity			GO:0071363///GO:0070317///GO:0071158///GO:0010976///GO:0051388///GO:0031334///GO:0051091///GO:0045944///GO:0050730///GO:0031952///GO:0001932///GO:0010469	
1452120_at	0.981253934080386	0.826098037489717	-0.230230735261018	-5.99755615390625	-0.0680171475823439	Naa40	N(alpha)-acetyltransferase 40, NatD catalytic subunit, homolog (S. cerevisiae)	70999	19	2,4,4-trimethyl-3-oxopentanoyl-CoA 2-C-propanoyl transferase activity///2,6-dimethyl-5-methylene-3-oxo-heptanoyl-CoA C-acetyltransferase activity///2-methylhexanoyl-CoA C-acetyltransferase activity///3-hydroxybutyryl-CoA thiolase activity///3-ketopimelyl-CoA thiolase activity///C-acyltransferase activity///C-palmitoyltransferase activity///L-2-aminoadipate N-acetyltransferase activity///N-acetyltransferase activity///N-acyltransferase activity///N-palmitoyltransferase activity///N-succinyltransferase activity///O-acetyltransferase activity///O-acyltransferase activity///O-octanoyltransferase activity///O-palmitoyltransferase activity///O-sinapoyltransferase activity///O-succinyltransferase activity///Ras palmitoyltransferase activity///S-acetyltransferase activity///S-acyltransferase activity///S-malonyltransferase activity///S-succinyltransferase activity///UDP-3-O-[3-hydroxymyristoyl] glucosamine N-acyltransferase activity///acetyl-CoA:L-lysine N6-acetyltransferase///acetyltransferase activity///acyl-CoA N-acyltransferase activity///acylglycerol O-acyltransferase activity///azetidine-2-carboxylic acid acetyltransferase activity///benzoyl acetate-CoA thiolase activity///butyryl-CoA 2-C-propionyltransferase activity///carnitine O-acyltransferase activity///dihydrolipoamide S-acyltransferase activity///dihydrolipoamide branched chain acyltransferase activity///ergosterol O-acyltransferase activity///glucosaminyl-phosphotidylinositol O-acyltransferase activity///keto acid formate lyase activity///lanosterol O-acyltransferase activity///malonyltransferase activity///molecular_function///myristoyltransferase activity///naphthyl-2-oxomethyl-succinyl-CoA succinyl transferase activity///octanoyltransferase activity///palmitoleoyl [acyl-carrier-protein]-dependent acyltransferase activity///palmitoyltransferase activity///peptidyl-lysine N-acetyltransferase activity, acting on acetyl phosphate as donor///peptidyl-lysine N6-myristoyltransferase activity///peptidyl-lysine N6-palmitoyltransferase activity///protein-cysteine S-acyltransferase activity///protein-cysteine S-myristoyltransferase activity///serine O-acyltransferase activity///sinapoyltransferase activity///sterol O-acyltransferase activity///succinyltransferase activity///transferase activity///transferase activity, transferring acyl groups	lipid metabolic process	cellular_component	GO:0034851///GO:0034945///GO:0034915///GO:0018712///GO:0018713///GO:0016408///GO:0016454///GO:0043741///GO:0008080///GO:0016410///GO:0019105///GO:0016749///GO:0016413///GO:0008374///GO:0016414///GO:0016416///GO:0016753///GO:0016750///GO:0043849///GO:0016418///GO:0016417///GO:0016419///GO:0016751///GO:0043764///GO:0090595///GO:0016407///GO:0019186///GO:0016411///GO:0046941///GO:0018711///GO:0034919///GO:0016406///GO:0030523///GO:0004147///GO:0034737///GO:0032216///GO:0043806///GO:0034738///GO:0016420///GO:0003674///GO:0019107///GO:0034848///GO:0016415///GO:0008951///GO:0016409///GO:0052858///GO:0018030///GO:0018031///GO:0019707///GO:0019705///GO:0016412///GO:0016752///GO:0004772///GO:0016748///GO:0016740///GO:0016746	GO:0006629	GO:0005575
1415953_s_at	0.981956414772262	0.830011449831175	0.224944813100893	-5.99888030895754	0.0793471107328694	Mark2	MAP/microtubule affinity-regulating kinase 2	13728	19 5.32 cM	ATP binding///kinase activity///lipid binding///magnesium ion binding///metal ion binding///nucleotide binding///poly(A) RNA binding///protein kinase activity///protein serine/threonine kinase activity///tau-protein kinase activity///transferase activity///transferase activity, transferring phosphorus-containing groups	Wnt signaling pathway///cell differentiation///establishment of cell polarity///establishment or maintenance of epithelial cell apical/basal polarity///intracellular signal transduction///multicellular organismal development///neuron migration///phosphorylation///positive regulation of neuron projection development///protein autophosphorylation///protein phosphorylation///regulation of axonogenesis///regulation of cytoskeleton organization	actin filament///basal cortex///cytoplasm///cytoskeleton///lateral plasma membrane///membrane///microtubule bundle///nucleus///plasma membrane	GO:0005524///GO:0016301///GO:0008289///GO:0000287///GO:0046872///GO:0000166///GO:0044822///GO:0004672///GO:0004674///GO:0050321///GO:0016740///GO:0016772	GO:0016055///GO:0030154///GO:0030010///GO:0045197///GO:0035556///GO:0007275///GO:0001764///GO:0016310///GO:0010976///GO:0046777///GO:0006468///GO:0050770///GO:0051493	GO:0005884///GO:0045180///GO:0005737///GO:0005856///GO:0016328///GO:0016020///GO:0097427///GO:0005634///GO:0005886
1417302_at	0.984059242569287	0.849549492808168	0.198660346083283	-6.005015820073	0.0600072260387479	Rcor2	REST corepressor 2	104383	19	DNA binding///chromatin binding///protein binding///sequence-specific DNA binding transcription factor activity///transcription corepressor activity	negative regulation of transcription, DNA-templated///negative regulation of transcription, DNA-templated///regulation of transcription, DNA-templated///transcription, DNA-templated	chromatin///nucleus///transcription factor complex	GO:0003677///GO:0003682///GO:0005515///GO:0003700///GO:0003714	GO:0045892///GO:0045892///GO:0006355///GO:0006351	GO:0000785///GO:0005634///GO:0005667
1450914_at	0.986131526705862	0.878370251484482	-0.160172916370686	-6.01264396288034	-0.0353709810485325	Ppp1r14b	protein phosphatase 1, regulatory (inhibitor) subunit 14B	18938	19	phosphatase inhibitor activity///protein phosphatase inhibitor activity///protein phosphatase type 1 regulator activity	negative regulation of catalytic activity///regulation of catalytic activity///regulation of phosphorylation	cytoplasm	GO:0019212///GO:0004864///GO:0008599	GO:0043086///GO:0050790///GO:0042325	GO:0005737
1434833_at	0.986960637071235	0.881461049477429	0.156063086583076	-6.01336284733922	0.0476749283219426	Map4k2	mitogen-activated protein kinase kinase kinase kinase 2	26412	19	ATP binding///kinase activity///mitogen-activated protein kinase kinase kinase binding///nucleotide binding///protein kinase activity///protein serine/threonine kinase activity///receptor signaling protein serine/threonine kinase activity///small GTPase regulator activity///transferase activity///transferase activity, transferring phosphorus-containing groups	activation of JUN kinase activity///immune system process///innate immune response///intracellular signal transduction///intracellular signal transduction///phosphorylation///positive regulation of JNK cascade///protein phosphorylation///protein phosphorylation///response to stress///signal transduction by phosphorylation///vesicle targeting	Golgi apparatus///cytoplasm///intracellular///membrane///plasma membrane	GO:0005524///GO:0016301///GO:0031435///GO:0000166///GO:0004672///GO:0004674///GO:0004702///GO:0005083///GO:0016740///GO:0016772	GO:0007257///GO:0002376///GO:0045087///GO:0035556///GO:0035556///GO:0016310///GO:0046330///GO:0006468///GO:0006468///GO:0006950///GO:0023014///GO:0006903	GO:0005794///GO:0005737///GO:0005622///GO:0016020///GO:0005886
1416011_x_at	0.9884603430678	0.890529804411104	-0.144021901629954	-6.01536242479848	-0.0395463499338877	Ehd1	EH-domain containing 1	13660	19 4.4 cM	ATP binding///GTP binding///GTPase activity///Rab GTPase binding///calcium ion binding///metal ion binding///nucleotide binding///protein binding	cellular response to nerve growth factor stimulus///cholesterol homeostasis///endocytic recycling///endocytosis///endocytosis///endosomal transport///intracellular protein transport///low-density lipoprotein particle clearance///neuron projection development///positive regulation of cholesterol storage///positive regulation of endocytic recycling///positive regulation of myoblast fusion///protein homooligomerization	early endosome///early endosome membrane///endocytic vesicle///endosome///endosome membrane///extracellular vesicular exosome///lipid particle///membrane///perinuclear region of cytoplasm///plasma membrane///platelet dense tubular network membrane///recycling endosome membrane	GO:0005524///GO:0005525///GO:0003924///GO:0017137///GO:0005509///GO:0046872///GO:0000166///GO:0005515	GO:1990090///GO:0042632///GO:0032456///GO:0006897///GO:0006897///GO:0016197///GO:0006886///GO:0034383///GO:0031175///GO:0010886///GO:2001137///GO:1901741///GO:0051260	GO:0005769///GO:0031901///GO:0030139///GO:0005768///GO:0010008///GO:0070062///GO:0005811///GO:0016020///GO:0048471///GO:0005886///GO:0031095///GO:0055038
1416010_a_at	0.9884603430678	0.890672714680907	0.14383235169217	-6.01539262925059	0.0318899731487408	Ehd1	EH-domain containing 1	13660	19 4.4 cM	ATP binding///GTP binding///GTPase activity///Rab GTPase binding///calcium ion binding///metal ion binding///nucleotide binding///protein binding	cellular response to nerve growth factor stimulus///cholesterol homeostasis///endocytic recycling///endocytosis///endocytosis///endosomal transport///intracellular protein transport///low-density lipoprotein particle clearance///neuron projection development///positive regulation of cholesterol storage///positive regulation of endocytic recycling///positive regulation of myoblast fusion///protein homooligomerization	early endosome///early endosome membrane///endocytic vesicle///endosome///endosome membrane///extracellular vesicular exosome///lipid particle///membrane///perinuclear region of cytoplasm///plasma membrane///platelet dense tubular network membrane///recycling endosome membrane	GO:0005524///GO:0005525///GO:0003924///GO:0017137///GO:0005509///GO:0046872///GO:0000166///GO:0005515	GO:1990090///GO:0042632///GO:0032456///GO:0006897///GO:0006897///GO:0016197///GO:0006886///GO:0034383///GO:0031175///GO:0010886///GO:2001137///GO:1901741///GO:0051260	GO:0005769///GO:0031901///GO:0030139///GO:0005768///GO:0010008///GO:0070062///GO:0005811///GO:0016020///GO:0048471///GO:0005886///GO:0031095///GO:0055038
1423751_at	0.989547397788217	0.898291454141223	-0.133735764813364	-6.01694442896875	-0.0376261047537669	Sf1	splicing factor 1	22668	19 B	RNA binding///metal ion binding///nucleic acid binding///zinc ion binding	Leydig cell differentiation///RNA splicing///mRNA processing///male sex determination///negative regulation of smooth muscle cell proliferation///regulation of steroid biosynthetic process///regulation of transcription, DNA-templated///transcription, DNA-templated	cytoplasm///nucleus///spliceosomal complex	GO:0003723///GO:0046872///GO:0003676///GO:0008270	GO:0033327///GO:0008380///GO:0006397///GO:0030238///GO:0048662///GO:0050810///GO:0006355///GO:0006351	GO:0005737///GO:0005634///GO:0005681
1423750_a_at	0.990114964286259	0.909332873752928	-0.119131391914153	-6.01899055585931	-0.0320240717041385	Sf1	splicing factor 1	22668	19 B	RNA binding///metal ion binding///nucleic acid binding///zinc ion binding	Leydig cell differentiation///RNA splicing///mRNA processing///male sex determination///negative regulation of smooth muscle cell proliferation///regulation of steroid biosynthetic process///regulation of transcription, DNA-templated///transcription, DNA-templated	cytoplasm///nucleus///spliceosomal complex	GO:0003723///GO:0046872///GO:0003676///GO:0008270	GO:0033327///GO:0008380///GO:0006397///GO:0030238///GO:0048662///GO:0050810///GO:0006355///GO:0006351	GO:0005737///GO:0005634///GO:0005681
1438932_at	0.991602337065059	0.918090393930945	0.107569295652208	-6.02044368786662	0.0325234499202605	Rasgrp2	RAS, guanyl releasing protein 2	19395	19	calcium ion binding///guanyl-nucleotide exchange factor activity///metal ion binding	intracellular signal transduction///regulation of small GTPase mediated signal transduction///small GTPase mediated signal transduction	cell junction///cell projection///cytoplasm///cytosol///intracellular///membrane///neuron projection///plasma membrane///synapse	GO:0005509///GO:0005085///GO:0046872	GO:0035556///GO:0051056///GO:0007264	GO:0030054///GO:0042995///GO:0005737///GO:0005829///GO:0005622///GO:0016020///GO:0043005///GO:0005886///GO:0045202
1445597_s_at	0.99294924165894	0.929924498745543	0.0919718358496285	-6.02217006926942	0.020688585453458	Pla2g16	phospholipase A2, group XVI	225845	19	1-acyl-2-lysophosphatidylserine acylhydrolase activity///hydrolase activity///phosphatidylcholine 1-acylhydrolase activity///phosphatidylserine 1-acylhydrolase activity///phospholipase A2 activity///phospholipase A2 activity///NOT transferase activity, transferring acyl groups	lipid catabolic process///lipid metabolic process///negative regulation of cell cycle///phospholipid biosynthetic process///phospholipid metabolic process	cytoplasm///endoplasmic reticulum///integral component of membrane///membrane///perinuclear region of cytoplasm	GO:0052740///GO:0016787///GO:0008970///GO:0052739///GO:0004623///GO:0004623///NOT GO:0016746	GO:0016042///GO:0006629///GO:0045786///GO:0008654///GO:0006644	GO:0005737///GO:0005783///GO:0016021///GO:0016020///GO:0048471
1417934_at	0.99363394062891	0.936438133407626	0.0833983124385218	-6.02300443132893	0.020061406800445	Dnajc4	DnaJ (Hsp40) homolog, subfamily C, member 4	57431	19			integral component of membrane///membrane///mitochondrion			GO:0016021///GO:0016020///GO:0005739
1437291_at	0.994097637279626	0.942702854541587	-0.0751592316110217	-6.02372956883286	-0.0154333929295287	2700081O15Rik	RIKEN cDNA 2700081O15 gene	108899	19	molecular_function	biological_process	cellular_component	GO:0003674	GO:0008150	GO:0005575
1456014_s_at	0.994212437646495	0.946046337206679	0.0707645322474142	-6.02408560139524	0.0259583777917554	Fermt3	fermitin family homolog 3 (Drosophila)	108101	19	integrin binding///integrin binding///protein binding	cell adhesion///integrin activation///integrin activation///integrin-mediated signaling pathway///leukocyte cell-cell adhesion///leukocyte cell-cell adhesion///platelet aggregation///platelet aggregation///regulation of cell-cell adhesion mediated by integrin///regulation of cell-cell adhesion mediated by integrin///substrate adhesion-dependent cell spreading	cell junction///cell projection///extracellular vesicular exosome///membrane///podosome	GO:0005178///GO:0005178///GO:0005515	GO:0007155///GO:0033622///GO:0033622///GO:0007229///GO:0007159///GO:0007159///GO:0070527///GO:0070527///GO:0033632///GO:0033632///GO:0034446	GO:0030054///GO:0042995///GO:0070062///GO:0016020///GO:0002102
1416348_at	0.994386239308565	0.946892770285512	0.0696522332969305	-6.02417231908717	0.0408713210874039	Men1	multiple endocrine neoplasia 1	17283	19 A	DNA binding///R-SMAD binding///Y-form DNA binding///chromatin binding///double-stranded DNA binding///four-way junction DNA binding///contributes_to histone-lysine N-methyltransferase activity///protein N-terminus binding///protein binding///protein binding, bridging///sequence-specific DNA binding///transcription regulatory region DNA binding	MAPK cascade///cell cycle arrest///cellular response to DNA damage stimulus///chromatin modification///chromatin remodeling///chromatin remodeling///embryo development///embryonic skeletal system morphogenesis///hemopoiesis///histone lysine methylation///histone methylation///leukocyte homeostasis///maternal process involved in female pregnancy///negative regulation of JNK cascade///negative regulation of cell cycle///negative regulation of cell proliferation///negative regulation of cell proliferation///negative regulation of cell proliferation///negative regulation of cell proliferation///negative regulation of cyclin-dependent protein serine/threonine kinase activity///negative regulation of organ growth///negative regulation of osteoblast differentiation///negative regulation of osteoblast differentiation///negative regulation of osteoblast differentiation///negative regulation of protein phosphorylation///negative regulation of sequence-specific DNA binding transcription factor activity///negative regulation of telomerase activity///negative regulation of transcription from RNA polymerase II promoter///negative regulation of transcription from RNA polymerase II promoter///negative regulation of transcription, DNA-templated///ossification///osteoblast development///osteoblast development///osteoblast fate commitment///palate development///positive regulation of apoptotic process///positive regulation of apoptotic process///positive regulation of cell differentiation///positive regulation of cell division///positive regulation of cysteine-type endopeptidase activity involved in apoptotic process///positive regulation of histone methylation///positive regulation of osteoblast differentiation///positive regulation of protein binding///positive regulation of transcription from RNA polymerase II promoter///positive regulation of transcription from RNA polymerase II promoter///positive regulation of transcription from RNA polymerase II promoter///positive regulation of transcription, DNA-templated///positive regulation of transforming growth factor beta receptor signaling pathway///regulation of activin receptor signaling pathway///regulation of transcription, DNA-templated///response to UV///response to gamma radiation///transcription, DNA-templated	chromatin///cleavage furrow///cytoplasm///cytoplasm///cytosol///histone methyltransferase complex///nuclear matrix///nucleus///nucleus///protein complex	GO:0003677///GO:0070412///GO:0000403///GO:0003682///GO:0003690///GO:0000400///contributes_to GO:0018024///GO:0047485///GO:0005515///GO:0030674///GO:0043565///GO:0044212	GO:0000165///GO:0007050///GO:0006974///GO:0016568///GO:0006338///GO:0006338///GO:0009790///GO:0048704///GO:0030097///GO:0034968///GO:0016571///GO:0001776///GO:0060135///GO:0046329///GO:0045786///GO:0008285///GO:0008285///GO:0008285///GO:0008285///GO:0045736///GO:0046621///GO:0045668///GO:0045668///GO:0045668///GO:0001933///GO:0043433///GO:0051974///GO:0000122///GO:0000122///GO:0045892///GO:0001503///GO:0002076///GO:0002076///GO:0002051///GO:0060021///GO:0043065///GO:0043065///GO:0045597///GO:0051781///GO:0043280///GO:0031062///GO:0045669///GO:0032092///GO:0045944///GO:0045944///GO:0045944///GO:0045893///GO:0030511///GO:0032925///GO:0006355///GO:0009411///GO:0010332///GO:0006351	GO:0000785///GO:0032154///GO:0005737///GO:0005737///GO:0005829///GO:0035097///GO:0016363///GO:0005634///GO:0005634///GO:0043234
1450694_at	0.995403850710341	0.954093721414558	-0.0601933915075826	-6.02485432675657	-0.013404409120831	Fkbp2	FK506 binding protein 2	14227	19	FK506 binding///isomerase activity///peptidyl-prolyl cis-trans isomerase activity	chaperone-mediated protein folding///protein folding///protein peptidyl-prolyl isomerization	endoplasmic reticulum///endoplasmic reticulum membrane///extracellular vesicular exosome///membrane	GO:0005528///GO:0016853///GO:0003755	GO:0061077///GO:0006457///GO:0000413	GO:0005783///GO:0005789///GO:0070062///GO:0016020
1424499_s_at	0.995403850710341	0.954263332201954	-0.0599706788527817	-6.0248691893623	-0.0317144002266354	Atl3	atlastin GTPase 3	109168	19	GTP binding///GTPase activity///hydrolase activity///identical protein binding///nucleotide binding	Golgi organization///endoplasmic reticulum organization///protein homooligomerization	endoplasmic reticulum///integral component of membrane///membrane	GO:0005525///GO:0003924///GO:0016787///GO:0042802///GO:0000166	GO:0007030///GO:0007029///GO:0051260	GO:0005783///GO:0016021///GO:0016020
1460358_s_at	0.999281725960623	0.988125534293863	0.015559744788428	-6.02673267451478	0.00419157179900331	Nudt22	nudix (nucleoside diphosphate linked moiety X)-type motif 22	68323	19	hydrolase activity///molecular_function	biological_process	cellular_component	GO:0016787///GO:0003674	GO:0008150	GO:0005575
1416582_a_at	0.999874719040315	0.996568639643451	-0.00449609821934096	-6.02685598500361	-0.00115469767673915	Bad	BCL2-associated agonist of cell death	12015	19	cysteine-type endopeptidase activator activity involved in apoptotic process///cysteine-type endopeptidase activator activity involved in apoptotic process///lipid binding///phospholipid binding///protein binding///protein heterodimerization activity///protein kinase B binding///protein kinase binding///protein phosphatase 2B binding///protein phosphatase binding	ADP metabolic process///ATP metabolic process///activation of cysteine-type endopeptidase activity///activation of cysteine-type endopeptidase activity involved in apoptotic process///activation of cysteine-type endopeptidase activity involved in apoptotic process///apoptotic process///apoptotic signaling pathway///apoptotic signaling pathway///cell proliferation///cellular process regulating host cell cycle in response to virus///cellular response to nicotine///cellular response to organic substance///cytokine-mediated signaling pathway///extrinsic apoptotic signaling pathway///extrinsic apoptotic signaling pathway in absence of ligand///extrinsic apoptotic signaling pathway in absence of ligand///extrinsic apoptotic signaling pathway in absence of ligand///extrinsic apoptotic signaling pathway via death domain receptors///glucose catabolic process///glucose homeostasis///intrinsic apoptotic signaling pathway///intrinsic apoptotic signaling pathway in response to DNA damage///intrinsic apoptotic signaling pathway in response to DNA damage///pore complex assembly///positive regulation of B cell differentiation///positive regulation of T cell differentiation///positive regulation of apoptotic process///positive regulation of apoptotic process///positive regulation of apoptotic process by virus///positive regulation of cysteine-type endopeptidase activity involved in apoptotic process///positive regulation of epithelial cell proliferation///positive regulation of glucokinase activity///positive regulation of insulin secretion///positive regulation of insulin secretion involved in cellular response to glucose stimulus///positive regulation of mitochondrial membrane potential///positive regulation of neuron death///positive regulation of proteolysis///positive regulation of release of cytochrome c from mitochondria///positive regulation of type B pancreatic cell development///regulation of apoptotic process///regulation of cysteine-type endopeptidase activity involved in apoptotic process///regulation of mitochondrial membrane permeability///release of cytochrome c from mitochondria///suppression by virus of host apoptotic process///suppression by virus of host apoptotic process///type B pancreatic cell proliferation	cytoplasm///cytosol///cytosol///intracellular///membrane///mitochondrial outer membrane///mitochondrion///mitochondrion	GO:0008656///GO:0008656///GO:0008289///GO:0005543///GO:0005515///GO:0046982///GO:0043422///GO:0019901///GO:0030346///GO:0019903	GO:0046031///GO:0046034///GO:0097202///GO:0006919///GO:0006919///GO:0006915///GO:0097190///GO:0097190///GO:0008283///GO:0060154///GO:0071316///GO:0071310///GO:0019221///GO:0097191///GO:0097192///GO:0097192///GO:0097192///GO:0008625///GO:0006007///GO:0042593///GO:0097193///GO:0008630///GO:0008630///GO:0046931///GO:0045579///GO:0045582///GO:0043065///GO:0043065///GO:0060139///GO:0043280///GO:0050679///GO:0033133///GO:0032024///GO:0035774///GO:0010918///GO:1901216///GO:0045862///GO:0090200///GO:2000078///GO:0042981///GO:0043281///GO:0046902///GO:0001836///GO:0019050///GO:0019050///GO:0044342	GO:0005737///GO:0005829///GO:0005829///GO:0005622///GO:0016020///GO:0005741///GO:0005739///GO:0005739
