"ID (num probes:12488)"	"adj.P.Val"	"P.Value"	"t"	"B"	"logFC"	"Gene.symbol"	"Gene.title"	"Gene.ID"	"Chromosome.location"	"GO.Function"	"GO.Process"	"GO.Component"	"GO.Function.ID"	"GO.Process.ID"	"GO.Component.ID"
"92802_s_at"	0.352931139519062	0.00155339876901535	6.22960069624216	-0.640173218783177	1.73142260586639	"Plp1"	"proteolipid protein (myelin) 1"	"18823"	"X 59.1 cM"	"protein binding///structural constituent of myelin sheath///structural molecule activity"	"astrocyte development///axon development///axon ensheathment///cell maturation///central nervous system myelination///glial cell differentiation///inflammatory response///integrin-mediated signaling pathway///long-chain fatty acid biosynthetic process///myelination///myelination///myelination///myelination///positive regulation of gene expression"	"integral component of membrane///membrane///myelin sheath///plasma membrane"	"GO:0005515///GO:0019911///GO:0005198"	"GO:0014002///GO:0061564///GO:0008366///GO:0048469///GO:0022010///GO:0010001///GO:0006954///GO:0007229///GO:0042759///GO:0042552///GO:0042552///GO:0042552///GO:0042552///GO:0010628"	"GO:0016021///GO:0016020///GO:0043209///GO:0005886"
"92668_at"	0.352931139519062	0.00308468956986062	-5.33777570541597	-1.17928570756571	-1.88667316414173	"Btk"	"Bruton agammaglobulinemia tyrosine kinase"	"12229"	"X 56.18 cM"	"ATP binding///identical protein binding///kinase activity///lipid binding///metal ion binding///non-membrane spanning protein tyrosine kinase activity///nucleotide binding///phosphatidylinositol-3,4,5-trisphosphate binding///protein binding///protein kinase activity///protein tyrosine kinase activity///protein tyrosine kinase activity///transferase activity///transferase activity, transferring phosphorus-containing groups"	"I-kappaB kinase/NF-kappaB signaling///apoptotic process///cell maturation///cellular response to molecule of fungal origin///cellular response to reactive oxygen species///histamine secretion by mast cell///immune system process///innate immune response///intracellular signal transduction///peptidyl-tyrosine phosphorylation///peptidyl-tyrosine phosphorylation///phosphorylation///protein autophosphorylation///protein phosphorylation///regulation of transcription, DNA-templated///response to organic substance///transcription, DNA-templated"	"cytoplasm///cytoplasmic vesicle///cytosol///intracellular///intracellular membrane-bounded organelle///mast cell granule///membrane///membrane raft///nucleus///perinuclear region of cytoplasm///plasma membrane"	"GO:0005524///GO:0042802///GO:0016301///GO:0008289///GO:0046872///GO:0004715///GO:0000166///GO:0005547///GO:0005515///GO:0004672///GO:0004713///GO:0004713///GO:0016740///GO:0016772"	"GO:0007249///GO:0006915///GO:0048469///GO:0071226///GO:0034614///GO:0002553///GO:0002376///GO:0045087///GO:0035556///GO:0018108///GO:0018108///GO:0016310///GO:0046777///GO:0006468///GO:0006355///GO:0010033///GO:0006351"	"GO:0005737///GO:0031410///GO:0005829///GO:0005622///GO:0043231///GO:0042629///GO:0016020///GO:0045121///GO:0005634///GO:0048471///GO:0005886"
"92306_at"	0.441848697129975	0.00792553716825066	4.2691867417638	-1.98653021747951	1.85986552837493	"Gm15085///Gm15080///Luzp4///Gm15107///Gm15128///Gm10439///Ott"	"predicted gene 15085///predicted gene 15080///leucine zipper protein 4///predicted gene 15107///predicted gene 15128///predicted gene 10439///ovary testis transcribed"	"100039934///666184///434865///434864///434863///382243///18422"	"X///X///X///X///X///X///X 68.46 cM"	"molecular_function///molecular_function///molecular_function///molecular_function///molecular_function///molecular_function///molecular_function"	"biological_process///biological_process///biological_process///biological_process///biological_process///biological_process///biological_process"	"cellular_component///cellular_component///cellular_component///cellular_component///cellular_component///cellular_component///cellular_component"	"GO:0003674///GO:0003674///GO:0003674///GO:0003674///GO:0003674///GO:0003674///GO:0003674"	"GO:0008150///GO:0008150///GO:0008150///GO:0008150///GO:0008150///GO:0008150///GO:0008150"	"GO:0005575///GO:0005575///GO:0005575///GO:0005575///GO:0005575///GO:0005575///GO:0005575"
"92768_s_at"	0.525547216019876	0.0134223322832819	3.73872836495295	-2.46339985326424	1.94986792337441	"Alas2"	"aminolevulinic acid synthase 2, erythroid"	"11656"	"X 68.46 cM"	"5-aminolevulinate synthase activity///5-aminolevulinate synthase activity///catalytic activity///coenzyme binding///glycine binding///pyridoxal phosphate binding///transferase activity///transferase activity, transferring acyl groups"	"biosynthetic process///cellular iron ion homeostasis///erythrocyte differentiation///heme biosynthetic process///hemoglobin biosynthetic process///metabolic process///porphyrin-containing compound metabolic process///response to hypoxia///tetrapyrrole biosynthetic process"	"cell///mitochondrial inner membrane///mitochondrial matrix///mitochondrion///mitochondrion"	"GO:0003870///GO:0003870///GO:0003824///GO:0050662///GO:0016594///GO:0030170///GO:0016740///GO:0016746"	"GO:0009058///GO:0006879///GO:0030218///GO:0006783///GO:0042541///GO:0008152///GO:0006778///GO:0001666///GO:0033014"	"GO:0005623///GO:0005743///GO:0005759///GO:0005739///GO:0005739"
"97580_at"	0.567464784934656	0.0204238387673734	3.34421639032424	-2.85318896406313	1.47595908526923	"Trpc5"	"transient receptor potential cation channel, subfamily C, member 5"	"22067"	"X 65.49 cM"	"calcium channel activity///inositol 1,4,5 trisphosphate binding///ion channel activity///protein binding"	"calcium ion transmembrane transport///calcium ion transport///ion transport///transmembrane transport///transport"	"calcium channel complex///integral component of membrane///membrane///plasma membrane"	"GO:0005262///GO:0070679///GO:0005216///GO:0005515"	"GO:0070588///GO:0006816///GO:0006811///GO:0055085///GO:0006810"	"GO:0034704///GO:0016021///GO:0016020///GO:0005886"
"93511_at"	0.624078252647123	0.0300632907405028	2.99984339857632	-3.21757384696512	1.41119623024742	"Itm2a"	"integral membrane protein 2A"	"16431"	"X A2-A3"	""	""	"integral component of membrane///membrane"	""	""	"GO:0016021///GO:0016020"
"102764_at"	0.653883545793611	0.0359719727706767	2.84541421547719	-3.38784267292197	1.60916628665805	"Trap1a"	"tumor rejection antigen P1A"	"22037"	"X 61.35 cM"	""	""	"nucleus"	""	""	"GO:0005634"
"96978_at"	0.731466029524837	0.0544392637367949	2.49996779476947	-3.7821124432562	2.14248896711261	"Sytl4"	"synaptotagmin-like 4"	"27359"	"X"	"Rab GTPase binding///metal ion binding///neurexin family protein binding///phospholipid binding///protein binding///zinc ion binding"	"exocytosis///intracellular protein transport///multivesicular body sorting pathway///negative regulation of insulin secretion///positive regulation of exocytosis///positive regulation of protein secretion"	"apical plasma membrane///centrosome///cytoplasm///cytoplasmic vesicle///endosome///extrinsic component of membrane///membrane///nucleus///secretory granule///secretory granule membrane"	"GO:0017137///GO:0046872///GO:0042043///GO:0005543///GO:0005515///GO:0008270"	"GO:0006887///GO:0006886///GO:0071985///GO:0046676///GO:0045921///GO:0050714"	"GO:0016324///GO:0005813///GO:0005737///GO:0031410///GO:0005768///GO:0019898///GO:0016020///GO:0005634///GO:0030141///GO:0030667"
"103968_at"	0.731466029524837	0.0584205558805892	2.44248126974003	-3.84924869240833	1.82433660303625	"Mid2"	"midline 2"	"23947"	"X 61.35 cM"	"UDP-N-acetylmuramoylalanyl-D-glutamyl-2,6-diaminopimelate-D-alanyl-D-alanine ligase activity///coenzyme F420-0 gamma-glutamyl ligase activity///coenzyme F420-2 alpha-glutamyl ligase activity///ligase activity///metal ion binding///microtubule binding///phosphoprotein binding///protein heterodimerization activity///protein homodimerization activity///protein-glutamic acid ligase activity///protein-glycine ligase activity///protein-glycine ligase activity, elongating///protein-glycine ligase activity, initiating///ribosomal S6-glutamic acid ligase activity///tubulin-glutamic acid ligase activity///tubulin-glycine ligase activity///zinc ion binding"	"innate immune response///negative regulation of viral entry into host cell///negative regulation of viral release from host cell///negative regulation of viral transcription///positive regulation of I-kappaB kinase/NF-kappaB signaling///positive regulation of NF-kappaB transcription factor activity///positive regulation of sequence-specific DNA binding transcription factor activity///protein localization to microtubule"	"cytoplasm///cytoskeleton///extracellular vesicular exosome///intracellular///microtubule///colocalizes_with microtubule"	"GO:0008766///GO:0043773///GO:0043774///GO:0016874///GO:0046872///GO:0008017///GO:0051219///GO:0046982///GO:0042803///GO:0070739///GO:0070735///GO:0070737///GO:0070736///GO:0018169///GO:0070740///GO:0070738///GO:0008270"	"GO:0045087///GO:0046597///GO:1902187///GO:0032897///GO:0043123///GO:0051092///GO:0051091///GO:0035372"	"GO:0005737///GO:0005856///GO:0070062///GO:0005622///GO:0005874///colocalizes_with GO:0005874"
"98781_at"	0.740877937893058	0.0610476776178697	2.40683154857844	-3.89106190633739	2.17181158299334	"Grpr"	"gastrin releasing peptide receptor"	"14829"	"X 75.63 cM"	"G-protein coupled receptor activity///bombesin receptor activity///neuropeptide binding///protein binding///signal transducer activity"	"G-protein coupled receptor signaling pathway///bombesin receptor signaling pathway///learning or memory///neuropeptide signaling pathway///regulation of cell proliferation///signal transduction///social behavior///synaptic transmission"	"integral component of membrane///membrane///plasma membrane"	"GO:0004930///GO:0004946///GO:0042923///GO:0005515///GO:0004871"	"GO:0007186///GO:0031989///GO:0007611///GO:0007218///GO:0042127///GO:0007165///GO:0035176///GO:0007268"	"GO:0016021///GO:0016020///GO:0005886"
"102307_at"	0.780058026099956	0.0794086108495156	-2.19625426574261	-4.14029916090385	-0.918640264579679	"Dcx"	"doublecortin"	"13193"	"X"	"microtubule binding///protein binding///protein kinase binding"	"axon extension///brain development///cell differentiation///central nervous system projection neuron axonogenesis///dendrite morphogenesis///intracellular signal transduction///multicellular organismal development///nervous system development///neuron migration///neuron migration"	"cell projection///cytoplasm///dendrite///intracellular///microtubule///neuron projection///neuron projection"	"GO:0008017///GO:0005515///GO:0019901"	"GO:0048675///GO:0007420///GO:0030154///GO:0021952///GO:0048813///GO:0035556///GO:0007275///GO:0007399///GO:0001764///GO:0001764"	"GO:0042995///GO:0005737///GO:0030425///GO:0005622///GO:0005874///GO:0043005///GO:0043005"
"93934_at"	0.781572396729528	0.0822211276371302	2.16867123537428	-4.17316102060326	0.874433841611249	"Cldn2"	"claudin 2"	"12738"	"X"	"identical protein binding///protein binding///structural molecule activity"	"calcium-independent cell-cell adhesion via plasma membrane cell-adhesion molecules"	"cell junction///extracellular vesicular exosome///integral component of membrane///membrane///plasma membrane///tight junction"	"GO:0042802///GO:0005515///GO:0005198"	"GO:0016338"	"GO:0030054///GO:0070062///GO:0016021///GO:0016020///GO:0005886///GO:0005923"
"97211_at"	0.782813161153978	0.091919962185391	-2.0806901200204	-4.2781645060162	-0.582431446804581	"Armcx2"	"armadillo repeat containing, X-linked 2"	"67416"	"X"	"molecular_function"	"biological_process"	"cellular_component///integral component of membrane///membrane"	"GO:0003674"	"GO:0008150"	"GO:0005575///GO:0016021///GO:0016020"
"161835_at"	0.810237983930412	0.10638746003988	1.96612610889826	-4.4150392426638	1.489682577098	"S100g"	"S100 calcium binding protein G"	"12309"	"X"	"calcium ion binding///metal ion binding///vitamin D binding"	""	"apical plasma membrane///basolateral plasma membrane"	"GO:0005509///GO:0046872///GO:0005499"	""	"GO:0016324///GO:0016323"
"93674_at"	0.817375232935268	0.116477643092011	1.89545503240492	-4.49935137715467	1.58217198458951	"Fgd1"	"FYVE, RhoGEF and PH domain containing 1"	"14163"	"X 68.46 cM"	"Rho guanyl-nucleotide exchange factor activity///guanyl-nucleotide exchange factor activity///metal ion binding///protein binding///small GTPase binding"	"actin cytoskeleton organization///cytoskeleton organization///filopodium assembly///positive regulation of GTPase activity///regulation of Cdc42 GTPase activity///regulation of Rho protein signal transduction///regulation of cell shape"	"Golgi apparatus///cell projection///cytoplasm///cytoskeleton///lamellipodium///ruffle"	"GO:0005089///GO:0005085///GO:0046872///GO:0005515///GO:0031267"	"GO:0030036///GO:0007010///GO:0046847///GO:0043547///GO:0043088///GO:0035023///GO:0008360"	"GO:0005794///GO:0042995///GO:0005737///GO:0005856///GO:0030027///GO:0001726"
"101702_at"	0.81981042130782	0.119785576963161	1.87365657482238	-4.52531266195725	0.845347220117989	"Rs1"	"retinoschisis (X-linked, juvenile) 1 (human)"	"20147"	"X 73.95 cM"	"NOT phosphatidylcholine binding///NOT phosphatidylethanolamine binding///phosphatidylinositol-3,4,5-trisphosphate binding///phosphatidylinositol-3,4-bisphosphate binding///phosphatidylinositol-3,5-bisphosphate binding///phosphatidylinositol-3-phosphate binding///phosphatidylinositol-4,5-bisphosphate binding///phosphatidylinositol-4-phosphate binding///phosphatidylinositol-5-phosphate binding///phosphatidylserine binding"	"adaptation of rhodopsin mediated signaling///cell adhesion///retina layer formation"	"extracellular region///extrinsic component of plasma membrane"	"NOT GO:0031210///NOT GO:0008429///GO:0005547///GO:0043325///GO:0080025///GO:0032266///GO:0005546///GO:0070273///GO:0010314///GO:0001786"	"GO:0016062///GO:0007155///GO:0010842"	"GO:0005576///GO:0019897"
"99906_at"	0.824451212025932	0.134402208271326	1.78419593697712	-4.63151345377876	1.40107488146317	"Esx1"	"extraembryonic, spermatogenesis, homeobox 1"	"13984"	"X 59.1 cM"	"DNA binding"	"blood vessel development///labyrinthine layer blood vessel development///labyrinthine layer morphogenesis///regulation of transcription from RNA polymerase II promoter"	"nucleus"	"GO:0003677"	"GO:0001568///GO:0060716///GO:0060713///GO:0006357"	"GO:0005634"
"92270_at"	0.839393128107376	0.162519294817543	-1.63687486259702	-4.80452374004659	-0.912720623642145	"Tro"	"trophinin"	"56191"	"X"	"molecular_function"	"negative regulation of cell growth"	"cytoplasm///nucleus"	"GO:0003674"	"GO:0030308"	"GO:0005737///GO:0005634"
"161021_at"	0.839393128107376	0.164326219544367	-1.62829960112351	-4.81449611404129	-0.823349258426563	"Pak3"	"p21 protein (Cdc42/Rac)-activated kinase 3"	"18481"	"X"	"ATP binding///GTPase binding///MAP kinase kinase activity///Rho GTPase binding///SH3 domain binding///catalytic activity///kinase activity///metal ion binding///nucleotide binding///protein binding///protein kinase activity///protein serine/threonine kinase activity///receptor signaling protein serine/threonine kinase activity///transferase activity///transferase activity, transferring phosphorus-containing groups"	"MAPK cascade///actin cytoskeleton organization///activation of MAPK activity///axonogenesis///dendrite development///intracellular signal transduction///metabolic process///multicellular organismal development///phosphorylation///positive regulation of DNA biosynthetic process///positive regulation of dendritic spine morphogenesis///positive regulation of neuron apoptotic process///protein phosphorylation///protein phosphorylation///regulation of actin filament polymerization///regulation of neuron projection development///response to stress///signal transduction by phosphorylation"	"cytoplasm///endosome"	"GO:0005524///GO:0051020///GO:0004708///GO:0017048///GO:0017124///GO:0003824///GO:0016301///GO:0046872///GO:0000166///GO:0005515///GO:0004672///GO:0004674///GO:0004702///GO:0016740///GO:0016772"	"GO:0000165///GO:0030036///GO:0000187///GO:0007409///GO:0016358///GO:0035556///GO:0008152///GO:0007275///GO:0016310///GO:2000573///GO:0061003///GO:0043525///GO:0006468///GO:0006468///GO:0030833///GO:0010975///GO:0006950///GO:0023014"	"GO:0005737///GO:0005768"
"96849_at"	0.84676886166065	0.174171846464032	1.58315249126506	-4.86677864946385	0.457861061110338	"Timm8a1"	"translocase of inner mitochondrial membrane 8A1"	"30058"	"X 56.18 cM"	"zinc ion binding"	"protein targeting to mitochondrion"	"mitochondrial intermembrane space///mitochondrion///mitochondrion"	"GO:0008270"	"GO:0006626"	"GO:0005758///GO:0005739///GO:0005739"
"97943_at"	0.851409450222288	0.17873760046437	1.5630621719537	-4.8899165036755	0.537960385451921	"Capn6"	"calpain 6"	"12338"	"X"	"calcium-dependent cysteine-type endopeptidase activity///microtubule binding///protein binding"	"microtubule bundle formation///proteolysis///regulation of cytoskeleton organization"	"cytoplasm///cytoskeleton///intracellular///microtubule///perinuclear region of cytoplasm///spindle microtubule"	"GO:0004198///GO:0008017///GO:0005515"	"GO:0001578///GO:0006508///GO:0051493"	"GO:0005737///GO:0005856///GO:0005622///GO:0005874///GO:0048471///GO:0005876"
"93020_at"	0.854197174292584	0.184863903167514	1.53687985331298	-4.9199421458646	1.12185146379093	"Bex1"	"brain expressed gene 1"	"19716"	"X 57.4 cM"	"protein binding"	"cell differentiation///multicellular organismal development///negative regulation of neuron differentiation///nervous system development///neurotrophin TRK receptor signaling pathway///positive regulation of neuroblast proliferation"	"cytoplasm///cytoplasm///nucleus///nucleus"	"GO:0005515"	"GO:0030154///GO:0007275///GO:0045665///GO:0007399///GO:0048011///GO:0002052"	"GO:0005737///GO:0005737///GO:0005634///GO:0005634"
"160652_at"	0.854197174292584	0.189451981242605	-1.51781929527875	-4.94170393044499	-0.816698415944295	"Ctps2"	"cytidine 5'-triphosphate synthase 2"	"55936"	"X F5"	"ATP binding///CTP synthase activity///ligase activity///nucleotide binding"	"glutamine metabolic process///pyrimidine nucleotide biosynthetic process"	"mitochondrion"	"GO:0005524///GO:0003883///GO:0016874///GO:0000166"	"GO:0006541///GO:0006221"	"GO:0005739"
"93358_at"	0.862347254644915	0.224494788985475	-1.38538065356353	-5.09030868591204	-0.366965619274208	"Eif1ax"	"eukaryotic translation initiation factor 1A, X-linked"	"66235"	"X"	"RNA binding///translation initiation factor activity"	"translation///translational initiation"	"cellular_component"	"GO:0003723///GO:0003743"	"GO:0006412///GO:0006413"	"GO:0005575"
"96657_at"	0.865510916098769	0.228573739968766	1.37126367348307	-5.10584518875806	0.556347470433094	"Sat1"	"spermidine/spermine N1-acetyl transferase 1"	"20229"	"X 72.38 cM"	"N-acetyltransferase activity///diamine N-acetyltransferase activity///spermidine binding///transferase activity///transferase activity, transferring acyl groups"	"polyamine catabolic process///polyamine metabolic process///regulation of cell proliferation///spermidine acetylation///spermine catabolic process"	"cytoplasm///cytosol///intracellular"	"GO:0008080///GO:0004145///GO:0019809///GO:0016740///GO:0016746"	"GO:0006598///GO:0006595///GO:0042127///GO:0032918///GO:0046208"	"GO:0005737///GO:0005829///GO:0005622"
"93806_at"	0.86559157480918	0.232537552231589	-1.35776981906553	-5.12063487354793	-0.401348328722866	"Sh3bgrl"	"SH3-binding domain glutamic acid-rich protein like"	"56726"	"X"	"SH3 domain binding///molecular_function"	"biological_process"	"extracellular space///extracellular vesicular exosome"	"GO:0017124///GO:0003674"	"GO:0008150"	"GO:0005615///GO:0070062"
"97942_g_at"	0.869459634037405	0.245492846702105	1.31511557006549	-5.16697435443649	2.27847406227578	"Capn6"	"calpain 6"	"12338"	"X"	"calcium-dependent cysteine-type endopeptidase activity///microtubule binding///protein binding"	"microtubule bundle formation///proteolysis///regulation of cytoskeleton organization"	"cytoplasm///cytoskeleton///intracellular///microtubule///perinuclear region of cytoplasm///spindle microtubule"	"GO:0004198///GO:0008017///GO:0005515"	"GO:0001578///GO:0006508///GO:0051493"	"GO:0005737///GO:0005856///GO:0005622///GO:0005874///GO:0048471///GO:0005876"
"102341_at"	0.871865338001611	0.251812375479174	1.29506050958814	-5.18853561935965	1.78907705564984	"Gla"	"galactosidase, alpha"	"11605"	"X 56.2 cM"	"alpha-galactosidase activity///alpha-galactosidase activity///alpha-galactosidase activity///catalytic activity///galactoside binding///hydrolase activity///hydrolase activity, acting on glycosyl bonds///hydrolase activity, hydrolyzing O-glycosyl compounds///protein homodimerization activity///raffinose alpha-galactosidase activity///receptor binding"	"NOT bone mineralization///carbohydrate metabolic process///glycoside catabolic process///glycosylceramide catabolic process///glycosylceramide catabolic process///metabolic process///negative regulation of nitric oxide biosynthetic process///negative regulation of nitric-oxide synthase activity///oligosaccharide metabolic process///oligosaccharide metabolic process"	"Golgi apparatus///cytoplasm///extracellular region///extracellular vesicular exosome///lysosome///lysosome"	"GO:0004557///GO:0004557///GO:0004557///GO:0003824///GO:0016936///GO:0016787///GO:0016798///GO:0004553///GO:0042803///GO:0052692///GO:0005102"	"NOT GO:0030282///GO:0005975///GO:0016139///GO:0046477///GO:0046477///GO:0008152///GO:0045019///GO:0051001///GO:0009311///GO:0009311"	"GO:0005794///GO:0005737///GO:0005576///GO:0070062///GO:0005764///GO:0005764"
"160986_r_at"	0.872475065743378	0.256052309943746	-1.2818629632389	-5.20264152318505	-1.26178097802851	"Ace2"	"angiotensin I converting enzyme (peptidyl-dipeptidase A) 2"	"70008"	"X 76.12 cM"	"carboxypeptidase activity///carboxypeptidase activity///endopeptidase activity///glycoprotein binding///hydrolase activity///metal ion binding///metallopeptidase activity///peptidase activity///peptide binding///peptide hormone binding///peptidyl-dipeptidase activity///virus receptor activity"	"angiotensin-mediated drinking behavior///proteolysis///proteolysis///receptor biosynthetic process///receptor-mediated virion attachment to host cell///regulation of systemic arterial blood pressure by renin-angiotensin///response to virus"	"cell surface///extracellular region///extracellular space///extracellular vesicular exosome///integral component of membrane///membrane///plasma membrane"	"GO:0004180///GO:0004180///GO:0004175///GO:0001948///GO:0016787///GO:0046872///GO:0008237///GO:0008233///GO:0042277///GO:0017046///GO:0008241///GO:0001618"	"GO:0003051///GO:0006508///GO:0006508///GO:0032800///GO:0046813///GO:0003081///GO:0009615"	"GO:0009986///GO:0005576///GO:0005615///GO:0070062///GO:0016021///GO:0016020///GO:0005886"
"96995_at"	0.873497620752796	0.259327949267359	-1.27180333103629	-5.2133482164878	-0.720286295692991	"Sms"	"spermine synthase"	"20603"	"X 72.48 cM"	"spermine synthase activity///spermine synthase activity"	"spermine biosynthetic process///spermine metabolic process"	"extracellular vesicular exosome"	"GO:0016768///GO:0016768"	"GO:0006597///GO:0008215"	"GO:0070062"
"160917_r_at"	0.881079713817713	0.277612919178313	1.21768561330264	-5.27024277124677	2.01487367169703	"Mageh1"	"melanoma antigen, family H, 1"	"75625"	"X F2"	"molecular_function"	"biological_process"	"cytoplasm"	"GO:0003674"	"GO:0008150"	"GO:0005737"
"94759_at"	0.881079713817713	0.278035647072372	1.2164729817144	-5.27150350359982	0.309884958972459	"Slc25a53"	"solute carrier family 25, member 53"	"67062"	"X"	"molecular_function"	"biological_process///transport"	"cellular_component///integral component of membrane///membrane"	"GO:0003674"	"GO:0008150///GO:0006810"	"GO:0005575///GO:0016021///GO:0016020"
"161971_r_at"	0.889870837651604	0.301403663964633	1.15186990179169	-5.33771315934527	0.85694597963344	"Btk"	"Bruton agammaglobulinemia tyrosine kinase"	"12229"	"X 56.18 cM"	"ATP binding///identical protein binding///kinase activity///lipid binding///metal ion binding///non-membrane spanning protein tyrosine kinase activity///nucleotide binding///phosphatidylinositol-3,4,5-trisphosphate binding///protein binding///protein kinase activity///protein tyrosine kinase activity///protein tyrosine kinase activity///transferase activity///transferase activity, transferring phosphorus-containing groups"	"I-kappaB kinase/NF-kappaB signaling///apoptotic process///cell maturation///cellular response to molecule of fungal origin///cellular response to reactive oxygen species///histamine secretion by mast cell///immune system process///innate immune response///intracellular signal transduction///peptidyl-tyrosine phosphorylation///peptidyl-tyrosine phosphorylation///phosphorylation///protein autophosphorylation///protein phosphorylation///regulation of transcription, DNA-templated///response to organic substance///transcription, DNA-templated"	"cytoplasm///cytoplasmic vesicle///cytosol///intracellular///intracellular membrane-bounded organelle///mast cell granule///membrane///membrane raft///nucleus///perinuclear region of cytoplasm///plasma membrane"	"GO:0005524///GO:0042802///GO:0016301///GO:0008289///GO:0046872///GO:0004715///GO:0000166///GO:0005547///GO:0005515///GO:0004672///GO:0004713///GO:0004713///GO:0016740///GO:0016772"	"GO:0007249///GO:0006915///GO:0048469///GO:0071226///GO:0034614///GO:0002553///GO:0002376///GO:0045087///GO:0035556///GO:0018108///GO:0018108///GO:0016310///GO:0046777///GO:0006468///GO:0006355///GO:0010033///GO:0006351"	"GO:0005737///GO:0031410///GO:0005829///GO:0005622///GO:0043231///GO:0042629///GO:0016020///GO:0045121///GO:0005634///GO:0048471///GO:0005886"
"93399_at"	0.891951934687584	0.314314795380741	1.118047873725	-5.37158731418663	1.01247317856512	"Rai2"	"retinoic acid induced 2"	"24004"	"X"	"molecular_function"	"biological_process"	"cellular_component"	"GO:0003674"	"GO:0008150"	"GO:0005575"
"161520_at"	0.892877879659178	0.318707351046952	-1.10681653668726	-5.38270918181741	-1.52944684452678	"Pbdc1"	"polysaccharide biosynthesis domain containing 1"	"67683"	"X C3"	"molecular_function"	"biological_process"	"cellular_component"	"GO:0003674"	"GO:0008150"	"GO:0005575"
"102002_at"	0.894257011039771	0.326834341174333	1.0863843293203	-5.40277485137265	0.271603555386649	"Ubqln2"	"ubiquilin 2"	"54609"	"X"	"protein binding"	""	"cytoplasm///membrane///nucleus///plasma membrane"	"GO:0005515"	""	"GO:0005737///GO:0016020///GO:0005634///GO:0005886"
"96632_at"	0.901677965466473	0.337190590865505	1.06096913050217	-5.42742426216312	0.369701339036661	"Morf4l2"	"mortality factor 4 like 2"	"56397"	"X"	""	"DNA repair///cellular response to DNA damage stimulus///chromatin modification///regulation of growth///regulation of transcription, DNA-templated///transcription, DNA-templated"	"nucleus"	""	"GO:0006281///GO:0006974///GO:0016568///GO:0040008///GO:0006355///GO:0006351"	"GO:0005634"
"97941_at"	0.903812542771827	0.342255610374737	1.04877996402514	-5.43912089774641	0.643939238405636	"Capn6"	"calpain 6"	"12338"	"X"	"calcium-dependent cysteine-type endopeptidase activity///microtubule binding///protein binding"	"microtubule bundle formation///proteolysis///regulation of cytoskeleton organization"	"cytoplasm///cytoskeleton///intracellular///microtubule///perinuclear region of cytoplasm///spindle microtubule"	"GO:0004198///GO:0008017///GO:0005515"	"GO:0001578///GO:0006508///GO:0051493"	"GO:0005737///GO:0005856///GO:0005622///GO:0005874///GO:0048471///GO:0005876"
"99344_at"	0.910120798711587	0.366391774577827	0.99269451396288	-5.49184793084568	1.70159057079453	"Ap1s2"	"adaptor-related protein complex 1, sigma 2 subunit"	"108012"	"X"	"molecular_function///protein transporter activity"	"intracellular protein transport///protein transport///transport///vesicle-mediated transport"	"Golgi apparatus///coated pit///cytoplasmic vesicle///membrane///membrane coat"	"GO:0003674///GO:0008565"	"GO:0006886///GO:0015031///GO:0006810///GO:0016192"	"GO:0005794///GO:0005905///GO:0031410///GO:0016020///GO:0030117"
"103502_at"	0.913713060805247	0.377983309627853	0.966839448212853	-5.51552494645755	0.837589496245613	"Nrk"	"Nik related kinase"	"27206"	"X 61.15 cM"	"ATP binding///kinase activity///nucleotide binding///protein kinase activity///protein kinase activity///protein serine/threonine kinase activity///receptor signaling protein serine/threonine kinase activity///small GTPase regulator activity///transferase activity///transferase activity, transferring phosphorus-containing groups"	"activation of JNKK activity///intracellular signal transduction///negative regulation of cell proliferation///parturition///phosphorylation///protein phosphorylation///regulation of spongiotrophoblast cell proliferation///signal transduction by phosphorylation"	"cytoplasm"	"GO:0005524///GO:0016301///GO:0000166///GO:0004672///GO:0004672///GO:0004674///GO:0004702///GO:0005083///GO:0016740///GO:0016772"	"GO:0007256///GO:0035556///GO:0008285///GO:0007567///GO:0016310///GO:0006468///GO:0060721///GO:0023014"	"GO:0005737"
"95938_at"	0.923763189011413	0.420544059404969	-0.877068727540603	-5.59441745096393	-0.400137902259092	"Huwe1"	"HECT, UBA and WWE domain containing 1"	"59026"	"X"	"DNA binding///UDP-N-acetylmuramoylalanyl-D-glutamyl-2,6-diaminopimelate-D-alanyl-D-alanine ligase activity///coenzyme F420-0 gamma-glutamyl ligase activity///coenzyme F420-2 alpha-glutamyl ligase activity///ligase activity///poly(A) RNA binding///protein-glutamic acid ligase activity///protein-glycine ligase activity///protein-glycine ligase activity, elongating///protein-glycine ligase activity, initiating///ribosomal S6-glutamic acid ligase activity///tubulin-glutamic acid ligase activity///tubulin-glycine ligase activity///ubiquitin-protein transferase activity///ubiquitin-protein transferase activity"	"DNA repair///base-excision repair///cell differentiation///cellular response to DNA damage stimulus///histone ubiquitination///protein monoubiquitination///protein polyubiquitination///protein ubiquitination involved in ubiquitin-dependent protein catabolic process"	"cytoplasm///cytoplasm///extracellular vesicular exosome///membrane///nucleus///nucleus"	"GO:0003677///GO:0008766///GO:0043773///GO:0043774///GO:0016874///GO:0044822///GO:0070739///GO:0070735///GO:0070737///GO:0070736///GO:0018169///GO:0070740///GO:0070738///GO:0004842///GO:0004842"	"GO:0006281///GO:0006284///GO:0030154///GO:0006974///GO:0016574///GO:0006513///GO:0000209///GO:0042787"	"GO:0005737///GO:0005737///GO:0070062///GO:0016020///GO:0005634///GO:0005634"
"160111_at"	0.926754886976706	0.424713182108239	-0.868665929436989	-5.60152525367867	-0.248306938041992	"Eif1ax"	"eukaryotic translation initiation factor 1A, X-linked"	"66235"	"X"	"RNA binding///translation initiation factor activity"	"translation///translational initiation"	"cellular_component"	"GO:0003723///GO:0003743"	"GO:0006412///GO:0006413"	"GO:0005575"
"102381_at"	0.929174122258529	0.441176119466504	0.836092064650902	-5.62860864590924	0.305565156964662	"Acsl4"	"acyl-CoA synthetase long-chain family member 4"	"50790"	"X"	"ATP binding///arachidonate-CoA ligase activity///catalytic activity///ligase activity///long-chain fatty acid-CoA ligase activity///long-chain fatty acid-CoA ligase activity///long-chain fatty acid-CoA ligase activity///nucleotide binding///very long-chain fatty acid-CoA ligase activity"	"dendritic spine development///embryonic process involved in female pregnancy///fatty acid metabolic process///fatty acid transport///lipid biosynthetic process///lipid metabolic process///long-chain fatty acid metabolic process///long-chain fatty acid metabolic process///metabolic process///negative regulation of prostaglandin secretion///neuron differentiation///positive regulation of cell growth///regulation of fatty acid metabolic process///triglyceride metabolic process"	"ER-mitochondrion membrane contact site///cytoplasm///colocalizes_with endoplasmic reticulum///extracellular vesicular exosome///integral component of membrane///intracellular membrane-bounded organelle///lipid particle///membrane///mitochondrial membrane///mitochondrial outer membrane///mitochondrion///neuronal cell body///peroxisome"	"GO:0005524///GO:0047676///GO:0003824///GO:0016874///GO:0004467///GO:0004467///GO:0004467///GO:0000166///GO:0031957"	"GO:0060996///GO:0060136///GO:0006631///GO:0015908///GO:0008610///GO:0006629///GO:0001676///GO:0001676///GO:0008152///GO:0032307///GO:0030182///GO:0030307///GO:0019217///GO:0006641"	"GO:0044233///GO:0005737///colocalizes_with GO:0005783///GO:0070062///GO:0016021///GO:0043231///GO:0005811///GO:0016020///GO:0031966///GO:0005741///GO:0005739///GO:0043025///GO:0005777"
"99386_at"	0.935472420104873	0.459418707996249	0.801054417597884	-5.65688259397553	0.657520854651061	"Pou3f4"	"POU domain, class 3, transcription factor 4"	"18994"	"X 48.2 cM"	"AT DNA binding///DNA binding///double-stranded DNA binding///sequence-specific DNA binding///sequence-specific DNA binding transcription factor activity"	"cochlea morphogenesis///forebrain neuron differentiation///inner ear development///negative regulation of mesenchymal cell apoptotic process///regulation of transcription, DNA-templated///sensory perception of sound///transcription from RNA polymerase II promoter///transcription, DNA-templated"	"intracellular///nucleus"	"GO:0003680///GO:0003677///GO:0003690///GO:0043565///GO:0003700"	"GO:0090103///GO:0021879///GO:0048839///GO:2001054///GO:0006355///GO:0007605///GO:0006366///GO:0006351"	"GO:0005622///GO:0005634"
"103291_at"	0.939469835857545	0.483658271447293	0.75605486357446	-5.69183920699858	0.563957160329079	"Magea5///Magea3///Magea2"	"melanoma antigen, family A, 5///melanoma antigen, family A, 3///melanoma antigen, family A, 2"	"17141///17139///17138"	"X 72.38 cM///X 72.38 cM///X 72.38 cM"	"molecular_function///molecular_function///molecular_function"	"biological_process///biological_process///biological_process"	"cellular_component///cellular_component///cellular_component"	"GO:0003674///GO:0003674///GO:0003674"	"GO:0008150///GO:0008150///GO:0008150"	"GO:0005575///GO:0005575///GO:0005575"
"92801_at"	0.939469835857545	0.488714525377311	-0.746874929183768	-5.69877747479254	-0.48966533153234	"Plp1"	"proteolipid protein (myelin) 1"	"18823"	"X 59.1 cM"	"protein binding///structural constituent of myelin sheath///structural molecule activity"	"astrocyte development///axon development///axon ensheathment///cell maturation///central nervous system myelination///glial cell differentiation///inflammatory response///integrin-mediated signaling pathway///long-chain fatty acid biosynthetic process///myelination///myelination///myelination///myelination///positive regulation of gene expression"	"integral component of membrane///membrane///myelin sheath///plasma membrane"	"GO:0005515///GO:0019911///GO:0005198"	"GO:0014002///GO:0061564///GO:0008366///GO:0048469///GO:0022010///GO:0010001///GO:0006954///GO:0007229///GO:0042759///GO:0042552///GO:0042552///GO:0042552///GO:0042552///GO:0010628"	"GO:0016021///GO:0016020///GO:0043209///GO:0005886"
"98136_at"	0.939469835857545	0.490285068621609	-0.744037318454165	-5.70090869335697	-0.201847261837712	"Sms"	"spermine synthase"	"20603"	"X 72.48 cM"	"spermine synthase activity///spermine synthase activity"	"spermine biosynthetic process///spermine metabolic process"	"extracellular vesicular exosome"	"GO:0016768///GO:0016768"	"GO:0006597///GO:0008215"	"GO:0070062"
"103654_at"	0.941310669298659	0.498636907731906	0.729054765500787	-5.7120551397803	0.228165734487257	"Hmgn5"	"high-mobility group nucleosome binding domain 5"	"50887"	"X"	"DNA binding///chromatin binding///nucleosomal DNA binding"	"chromatin modification///regulation of transcription from RNA polymerase II promoter///regulation of transcription from RNA polymerase II promoter///regulation of transcription, DNA-templated///transcription, DNA-templated"	"chromatin///nucleoplasm///nucleus"	"GO:0003677///GO:0003682///GO:0031492"	"GO:0016568///GO:0006357///GO:0006357///GO:0006355///GO:0006351"	"GO:0000785///GO:0005654///GO:0005634"
"93081_at"	0.941399909330847	0.505701872859275	-0.716518011558634	-5.7212432627817	-0.209804353526582	"Rbbp7"	"retinoblastoma binding protein 7"	"245688"	"X"	"RNA binding///protein binding"	"DNA replication///cellular heat acclimation///cellular heat acclimation///chromatin modification///chromatin remodeling///negative regulation of cell growth///negative regulation of transcription from RNA polymerase II promoter///negative regulation of transcription, DNA-templated///regulation of transcription, DNA-templated///transcription, DNA-templated"	"ESC/E(Z) complex///NuRD complex///NuRD complex///nucleus///nucleus"	"GO:0003723///GO:0005515"	"GO:0006260///GO:0070370///GO:0070370///GO:0016568///GO:0006338///GO:0030308///GO:0000122///GO:0045892///GO:0006355///GO:0006351"	"GO:0035098///GO:0016581///GO:0016581///GO:0005634///GO:0005634"
"92555_at"	0.941399909330847	0.50892104223177	-0.710846100069618	-5.72535822076724	-0.729715809318648	"Tspan6"	"tetraspanin 6"	"56496"	"X"	"signal transducer activity"	"negative regulation of NIK/NF-kappaB signaling///negative regulation of viral-induced cytoplasmic pattern recognition receptor signaling pathway///positive regulation of I-kappaB kinase/NF-kappaB signaling///signal transduction"	"extracellular vesicular exosome///integral component of membrane///membrane"	"GO:0004871"	"GO:1901223///GO:0039532///GO:0043123///GO:0007165"	"GO:0070062///GO:0016021///GO:0016020"
"100357_g_at"	0.942132997552641	0.515045626767079	-0.700123283280339	-5.73306555439168	-0.221130930681592	"Gprasp1"	"G protein-coupled receptor associated sorting protein 1"	"67298"	"X"	"protein binding"	"G-protein coupled receptor catabolic process///endosome to lysosome transport"	"cytoplasm///nucleus"	"GO:0005515"	"GO:1990172///GO:0008333"	"GO:0005737///GO:0005634"
"93495_at"	0.942880436789372	0.516059546685061	-0.698356615323227	-5.73432630643214	-0.279327985004303	"Prdx4"	"peroxiredoxin 4"	"53381"	"X 72.38 cM"	"antioxidant activity///oxidoreductase activity///peroxidase activity///peroxiredoxin activity///protein homodimerization activity"	"4-hydroxyproline metabolic process///cell redox homeostasis///extracellular matrix organization///male gonad development///negative regulation of male germ cell proliferation///oxidation-reduction process///protein maturation by protein folding///reactive oxygen species metabolic process///spermatogenesis"	"cell///cytoplasm///cytosol///endoplasmic reticulum///extracellular region///extracellular space///extracellular vesicular exosome///mitochondrion///nucleus///smooth endoplasmic reticulum"	"GO:0016209///GO:0016491///GO:0004601///GO:0051920///GO:0042803"	"GO:0019471///GO:0045454///GO:0030198///GO:0008584///GO:2000255///GO:0055114///GO:0022417///GO:0072593///GO:0007283"	"GO:0005623///GO:0005737///GO:0005829///GO:0005783///GO:0005576///GO:0005615///GO:0070062///GO:0005739///GO:0005634///GO:0005790"
"93346_at"	0.946736376498268	0.535449296212192	-0.66501669231239	-5.75762997650635	-0.278652261775688	"Pgk1"	"phosphoglycerate kinase 1"	"18655"	"X 47.36 cM"	"ADP binding///ATP binding///phosphoglycerate kinase activity///phosphoglycerate kinase activity"	"carbohydrate metabolic process///gluconeogenesis///glycolytic process///glycolytic process///phosphorylation"	"cytosol///extracellular vesicular exosome///membrane"	"GO:0043531///GO:0005524///GO:0004618///GO:0004618"	"GO:0005975///GO:0006094///GO:0006096///GO:0006096///GO:0016310"	"GO:0005829///GO:0070062///GO:0016020"
"162126_r_at"	0.95353837270843	0.554054990808854	0.633773799787532	-5.77860916762357	0.849245723175785	"Rps6ka3"	"ribosomal protein S6 kinase polypeptide 3"	"110651"	"X 73.27 cM"	"ATP binding///cysteine-type endopeptidase inhibitor activity involved in apoptotic process///kinase activity///magnesium ion binding///nucleotide binding///protein kinase activity///protein kinase binding///protein serine/threonine kinase activity///transferase activity///transferase activity, transferring phosphorus-containing groups"	"cell cycle///intracellular signal transduction///negative regulation of cysteine-type endopeptidase activity involved in apoptotic process///phosphorylation///positive regulation of transcription from RNA polymerase II promoter///protein phosphorylation///response to lipopolysaccharide///response to stress///toll-like receptor signaling pathway"	"cytoplasm///nucleus"	"GO:0005524///GO:0043027///GO:0016301///GO:0000287///GO:0000166///GO:0004672///GO:0019901///GO:0004674///GO:0016740///GO:0016772"	"GO:0007049///GO:0035556///GO:0043154///GO:0016310///GO:0045944///GO:0006468///GO:0032496///GO:0006950///GO:0002224"	"GO:0005737///GO:0005634"
"94832_at"	0.95353837270843	0.560384451257321	0.623301427540105	-5.78545142222449	0.2579249470941	"Hnrnph2"	"heterogeneous nuclear ribonucleoprotein H2"	"56258"	"X 56.2 cM"	"RNA binding///nucleic acid binding///nucleotide binding///poly(A) RNA binding"	"biological_process"	"membrane///nucleus///ribonucleoprotein complex"	"GO:0003723///GO:0003676///GO:0000166///GO:0044822"	"GO:0008150"	"GO:0016020///GO:0005634///GO:0030529"
"99343_at"	0.95353837270843	0.566574851916601	0.613132239069035	-5.79200311610699	0.253868494447665	"Txlng"	"taxilin gamma"	"353170"	"X"	"protein binding///protein heterodimerization activity///protein heterodimerization activity///syntaxin binding"	"cell cycle///regulation of bone mineralization///regulation of cell cycle///regulation of cell cycle process///regulation of transcription, DNA-templated///transcription, DNA-templated"	"cytoplasm///cytosol///membrane///nuclear membrane///nuclear membrane///nucleus"	"GO:0005515///GO:0046982///GO:0046982///GO:0019905"	"GO:0007049///GO:0030500///GO:0051726///GO:0010564///GO:0006355///GO:0006351"	"GO:0005737///GO:0005829///GO:0016020///GO:0031965///GO:0031965///GO:0005634"
"161026_s_at"	0.954333989821177	0.57286165661157	0.602876594829798	-5.79851748591326	0.624469787974003	"Sytl4"	"synaptotagmin-like 4"	"27359"	"X"	"Rab GTPase binding///metal ion binding///neurexin family protein binding///phospholipid binding///protein binding///zinc ion binding"	"exocytosis///intracellular protein transport///multivesicular body sorting pathway///negative regulation of insulin secretion///positive regulation of exocytosis///positive regulation of protein secretion"	"apical plasma membrane///centrosome///cytoplasm///cytoplasmic vesicle///endosome///extrinsic component of membrane///membrane///nucleus///secretory granule///secretory granule membrane"	"GO:0017137///GO:0046872///GO:0042043///GO:0005543///GO:0005515///GO:0008270"	"GO:0006887///GO:0006886///GO:0071985///GO:0046676///GO:0045921///GO:0050714"	"GO:0016324///GO:0005813///GO:0005737///GO:0031410///GO:0005768///GO:0019898///GO:0016020///GO:0005634///GO:0030141///GO:0030667"
"100907_at"	0.955787352343039	0.582532433079275	0.587237515399426	-5.80826989333285	0.298703020176361	"Kcne1l"	"potassium voltage-gated channel, Isk-related family, member 1-like, pseudogene"	"66240"	"X F1"	"ion channel binding///potassium channel regulator activity///contributes_to voltage-gated potassium channel activity///contributes_to voltage-gated potassium channel activity involved in cardiac muscle cell action potential repolarization"	"atrial cardiac muscle cell action potential///cardiac muscle contraction///ion transport///membrane repolarization during cardiac muscle cell action potential///negative regulation of potassium ion transmembrane transport///positive regulation of potassium ion transmembrane transport///potassium ion export///potassium ion transmembrane transport///regulation of atrial cardiac muscle cell membrane repolarization///regulation of cation channel activity///regulation of heart contraction///regulation of heart rate by cardiac conduction///regulation of membrane repolarization///regulation of potassium ion transmembrane transport///regulation of ventricular cardiac muscle cell membrane repolarization///ventricular cardiac muscle cell action potential"	"integral component of membrane///membrane///voltage-gated potassium channel complex"	"GO:0044325///GO:0015459///contributes_to GO:0005249///contributes_to GO:0086008"	"GO:0086014///GO:0060048///GO:0006811///GO:0086013///GO:1901380///GO:1901381///GO:0071435///GO:0071805///GO:0060372///GO:2001257///GO:0008016///GO:0086091///GO:0060306///GO:1901379///GO:0060307///GO:0086005"	"GO:0016021///GO:0016020///GO:0008076"
"95507_at"	0.958764256706848	0.602547907625862	0.555368750962165	-5.8274545798971	0.143980030964081	"Prps1"	"phosphoribosyl pyrophosphate synthetase 1"	"19139"	"X 61.35 cM"	"ADP binding///AMP binding///ATP binding///GDP binding///carbohydrate binding///kinase activity///magnesium ion binding///metal ion binding///nucleotide binding///protein homodimerization activity///ribose phosphate diphosphokinase activity///transferase activity"	"5-phosphoribose 1-diphosphate biosynthetic process///AMP biosynthetic process///cellular biosynthetic process///hypoxanthine biosynthetic process///nervous system development///nucleotide biosynthetic process///phosphorylation///purine nucleobase metabolic process///purine nucleotide biosynthetic process///ribonucleoside monophosphate biosynthetic process///ribose phosphate metabolic process///urate biosynthetic process"	"protein complex///ribose phosphate diphosphokinase complex"	"GO:0043531///GO:0016208///GO:0005524///GO:0019003///GO:0030246///GO:0016301///GO:0000287///GO:0046872///GO:0000166///GO:0042803///GO:0004749///GO:0016740"	"GO:0006015///GO:0006167///GO:0044249///GO:0046101///GO:0007399///GO:0009165///GO:0016310///GO:0006144///GO:0006164///GO:0009156///GO:0019693///GO:0034418"	"GO:0043234///GO:0002189"
"94850_at"	0.962341702985784	0.619057924133108	-0.529554264352761	-5.84230555867341	-0.159330479928911	"Acot9"	"acyl-CoA thioesterase 9"	"56360"	"X"	"2,4,4-trimethyl-3-oxopentanoyl-CoA thioesterase activity///2-oxoglutaryl-CoA thioesterase activity///3-isopropylbut-3-enoyl-CoA thioesterase activity///CoA hydrolase activity///acetyl-CoA hydrolase activity///acyl-CoA hydrolase activity///carboxylic ester hydrolase activity///glutaryl-CoA hydrolase activity///hydrolase activity///palmitoyl-CoA hydrolase activity///protein binding"	"acyl-CoA metabolic process"	"mitochondrion"	"GO:0034869///GO:0034843///GO:0034946///GO:0016289///GO:0003986///GO:0047617///GO:0052689///GO:0044466///GO:0016787///GO:0016290///GO:0005515"	"GO:0006637"	"GO:0005739"
"93398_at"	0.967644842609107	0.652761087383495	-0.478052503276457	-5.87004542495567	-0.579925477633867	"Zrsr2"	"zinc finger (CCCH type), RNA binding motif and serine/arginine rich 2"	"22184"	"X 75.99 cM"	"RNA binding///metal ion binding///nucleic acid binding///nucleotide binding///pre-mRNA 3'-splice site binding"	"RNA splicing///mRNA processing///mRNA splicing, via spliceosome///spliceosomal complex assembly"	"U12-type spliceosomal complex///nucleolus///nucleus///ribonucleoprotein complex///spliceosomal complex"	"GO:0003723///GO:0046872///GO:0003676///GO:0000166///GO:0030628"	"GO:0008380///GO:0006397///GO:0000398///GO:0000245"	"GO:0005689///GO:0005730///GO:0005634///GO:0030529///GO:0005681"
"103967_at"	0.967710007384061	0.661308064490037	0.465225365000574	-5.87655533634657	0.348126278349139	"Mid2"	"midline 2"	"23947"	"X 61.35 cM"	"UDP-N-acetylmuramoylalanyl-D-glutamyl-2,6-diaminopimelate-D-alanyl-D-alanine ligase activity///coenzyme F420-0 gamma-glutamyl ligase activity///coenzyme F420-2 alpha-glutamyl ligase activity///ligase activity///metal ion binding///microtubule binding///phosphoprotein binding///protein heterodimerization activity///protein homodimerization activity///protein-glutamic acid ligase activity///protein-glycine ligase activity///protein-glycine ligase activity, elongating///protein-glycine ligase activity, initiating///ribosomal S6-glutamic acid ligase activity///tubulin-glutamic acid ligase activity///tubulin-glycine ligase activity///zinc ion binding"	"innate immune response///negative regulation of viral entry into host cell///negative regulation of viral release from host cell///negative regulation of viral transcription///positive regulation of I-kappaB kinase/NF-kappaB signaling///positive regulation of NF-kappaB transcription factor activity///positive regulation of sequence-specific DNA binding transcription factor activity///protein localization to microtubule"	"cytoplasm///cytoskeleton///extracellular vesicular exosome///intracellular///microtubule///colocalizes_with microtubule"	"GO:0008766///GO:0043773///GO:0043774///GO:0016874///GO:0046872///GO:0008017///GO:0051219///GO:0046982///GO:0042803///GO:0070739///GO:0070735///GO:0070737///GO:0070736///GO:0018169///GO:0070740///GO:0070738///GO:0008270"	"GO:0045087///GO:0046597///GO:1902187///GO:0032897///GO:0043123///GO:0051092///GO:0051091///GO:0035372"	"GO:0005737///GO:0005856///GO:0070062///GO:0005622///GO:0005874///colocalizes_with GO:0005874"
"92290_at"	0.970700511083021	0.684313972825888	0.431123645534548	-5.89307298150492	0.114571466178974	"Siah1b"	"seven in absentia 1B"	"20438"	"X 76.11 cM"	"UDP-N-acetylmuramoylalanyl-D-glutamyl-2,6-diaminopimelate-D-alanyl-D-alanine ligase activity///coenzyme F420-0 gamma-glutamyl ligase activity///coenzyme F420-2 alpha-glutamyl ligase activity///ligase activity///metal ion binding///protein-glutamic acid ligase activity///protein-glycine ligase activity///protein-glycine ligase activity, elongating///protein-glycine ligase activity, initiating///ribosomal S6-glutamic acid ligase activity///tubulin-glutamic acid ligase activity///tubulin-glycine ligase activity///ubiquitin-protein transferase activity///zinc ion binding"	"multicellular organismal development///protein ubiquitination///ubiquitin-dependent protein catabolic process"	"cytoplasm///nucleus"	"GO:0008766///GO:0043773///GO:0043774///GO:0016874///GO:0046872///GO:0070739///GO:0070735///GO:0070737///GO:0070736///GO:0018169///GO:0070740///GO:0070738///GO:0004842///GO:0008270"	"GO:0007275///GO:0016567///GO:0006511"	"GO:0005737///GO:0005634"
"98102_at"	0.970700511083021	0.685133309134113	-0.429920020282622	-5.89363482190805	-0.113373147642147	"Pdha1"	"pyruvate dehydrogenase E1 alpha 1"	"18597"	"X 73.95 cM"	"oxidoreductase activity///oxidoreductase activity, acting on the aldehyde or oxo group of donors, disulfide as acceptor///pyruvate dehydrogenase (acetyl-transferring) activity///pyruvate dehydrogenase activity///pyruvate dehydrogenase activity"	"acetyl-CoA biosynthetic process from pyruvate///carbohydrate metabolic process///glucose metabolic process///glycolytic process///metabolic process///oxidation-reduction process///tricarboxylic acid cycle"	"intracellular membrane-bounded organelle///mitochondrion///mitochondrion///nucleus///pyruvate dehydrogenase complex"	"GO:0016491///GO:0016624///GO:0004739///GO:0004738///GO:0004738"	"GO:0006086///GO:0005975///GO:0006006///GO:0006096///GO:0008152///GO:0055114///GO:0006099"	"GO:0043231///GO:0005739///GO:0005739///GO:0005634///GO:0045254"
"161009_at"	0.970700511083021	0.689105304195604	-0.424095220819764	-5.89633324756446	-0.565978575621646	"Morc4"	"microrchidia 4"	"75746"	"X"	"metal ion binding///molecular_function///zinc ion binding"	"biological_process"	"cellular_component///nucleus"	"GO:0046872///GO:0003674///GO:0008270"	"GO:0008150"	"GO:0005575///GO:0005634"
"95531_at"	0.970700511083021	0.695921255048679	0.414138408107131	-5.90086683794824	0.162217475248968	"Amot"	"angiomotin"	"27494"	"X"	"angiostatin binding///protein binding///receptor activity"	"actin cytoskeleton organization///blood vessel endothelial cell migration///blood vessel morphogenesis///cell migration involved in gastrulation///cellular protein localization///cellular protein localization///chemotaxis///establishment of cell polarity involved in ameboidal cell migration///gastrulation with mouth forming second///hippo signaling///in utero embryonic development///negative regulation of GTPase activity///negative regulation of angiogenesis///negative regulation of vascular permeability///positive regulation of blood vessel endothelial cell migration///positive regulation of embryonic development///regulation of cell migration///regulation of small GTPase mediated signal transduction///vasculogenesis"	"colocalizes_with COP9 signalosome///actin filament///cell junction///cell surface///cytoplasm///cytoplasmic vesicle///endocytic vesicle///external side of plasma membrane///integral component of membrane///lamellipodium///lamellipodium///ruffle///stress fiber///tight junction///tight junction"	"GO:0043532///GO:0005515///GO:0004872"	"GO:0030036///GO:0043534///GO:0048514///GO:0042074///GO:0034613///GO:0034613///GO:0006935///GO:0003365///GO:0001702///GO:0035329///GO:0001701///GO:0034260///GO:0016525///GO:0043116///GO:0043536///GO:0040019///GO:0030334///GO:0051056///GO:0001570"	"colocalizes_with GO:0008180///GO:0005884///GO:0030054///GO:0009986///GO:0005737///GO:0031410///GO:0030139///GO:0009897///GO:0016021///GO:0030027///GO:0030027///GO:0001726///GO:0001725///GO:0005923///GO:0005923"
"94212_at"	0.972497588493294	0.708047928054026	-0.396539865059779	-5.90863450346594	-0.165259522960533	"Tsc22d3"	"TSC22 domain family, member 3"	"14605"	"X"	"MRF binding///sequence-specific DNA binding transcription factor activity"	"negative regulation of activation-induced cell death of T cells///negative regulation of skeletal muscle tissue development///negative regulation of transcription from RNA polymerase II promoter///regulation of transcription, DNA-templated///response to osmotic stress"	"cytoplasm///nucleus"	"GO:0043426///GO:0003700"	"GO:0070236///GO:0048642///GO:0000122///GO:0006355///GO:0006970"	"GO:0005737///GO:0005634"
"104003_at"	0.972497588493294	0.708871049801733	-0.395350557507388	-5.90914807802299	-0.102577155877047	"Phka2"	"phosphorylase kinase alpha 2"	"110094"	"X 73.95 cM"	"calmodulin binding///catalytic activity///hydrolase activity, hydrolyzing O-glycosyl compounds///contributes_to phosphorylase kinase activity"	"carbohydrate metabolic process///glycogen metabolic process///polysaccharide metabolic process///protein phosphorylation"	"membrane///phosphorylase kinase complex///plasma membrane"	"GO:0005516///GO:0003824///GO:0004553///contributes_to GO:0004689"	"GO:0005975///GO:0005977///GO:0005976///GO:0006468"	"GO:0016020///GO:0005964///GO:0005886"
"95344_at"	0.972497588493294	0.721705954988811	0.376888265948873	-5.91693492328032	0.548430769626294	"Il13ra2"	"interleukin 13 receptor, alpha 2"	"16165"	"X 68.46 cM"	"cytokine receptor activity"	""	"extracellular region///integral component of membrane///membrane"	"GO:0004896"	""	"GO:0005576///GO:0016021///GO:0016020"
"100522_s_at"	0.972497588493294	0.726914898215621	0.369438428391049	-5.91997782265248	0.125779543250667	"Wbp5"	"WW domain binding protein 5"	"22381"	"X"	"WW domain binding"	"biological_process"	"cellular_component"	"GO:0050699"	"GO:0008150"	"GO:0005575"
"101580_at"	0.973152370482958	0.749103183402083	-0.337964841120835	-5.93219792899413	-0.10391552352426	"Cox7b"	"cytochrome c oxidase subunit VIIb"	"66142"	"X C3"	"cytochrome-c oxidase activity///molecular_function"	"central nervous system development"	"integral component of membrane///membrane///mitochondrial inner membrane///mitochondrial respiratory chain///mitochondrion"	"GO:0004129///GO:0003674"	"GO:0007417"	"GO:0016021///GO:0016020///GO:0005743///GO:0005746///GO:0005739"
"96664_at"	0.973152370482958	0.750953059860018	0.335358957601618	-5.93316335909688	0.138995315110021	"Huwe1"	"HECT, UBA and WWE domain containing 1"	"59026"	"X"	"DNA binding///UDP-N-acetylmuramoylalanyl-D-glutamyl-2,6-diaminopimelate-D-alanyl-D-alanine ligase activity///coenzyme F420-0 gamma-glutamyl ligase activity///coenzyme F420-2 alpha-glutamyl ligase activity///ligase activity///poly(A) RNA binding///protein-glutamic acid ligase activity///protein-glycine ligase activity///protein-glycine ligase activity, elongating///protein-glycine ligase activity, initiating///ribosomal S6-glutamic acid ligase activity///tubulin-glutamic acid ligase activity///tubulin-glycine ligase activity///ubiquitin-protein transferase activity///ubiquitin-protein transferase activity"	"DNA repair///base-excision repair///cell differentiation///cellular response to DNA damage stimulus///histone ubiquitination///protein monoubiquitination///protein polyubiquitination///protein ubiquitination involved in ubiquitin-dependent protein catabolic process"	"cytoplasm///cytoplasm///extracellular vesicular exosome///membrane///nucleus///nucleus"	"GO:0003677///GO:0008766///GO:0043773///GO:0043774///GO:0016874///GO:0044822///GO:0070739///GO:0070735///GO:0070737///GO:0070736///GO:0018169///GO:0070740///GO:0070738///GO:0004842///GO:0004842"	"GO:0006281///GO:0006284///GO:0030154///GO:0006974///GO:0016574///GO:0006513///GO:0000209///GO:0042787"	"GO:0005737///GO:0005737///GO:0070062///GO:0016020///GO:0005634///GO:0005634"
"95523_at"	0.973179712279543	0.761281554392831	-0.320857772794845	-5.9384054049289	-0.317725188996143	"Arxes2"	"adipocyte-related X-chromosome expressed sequence 2"	"76976"	"X"	"molecular_function"	"fat cell differentiation"	"endoplasmic reticulum"	"GO:0003674"	"GO:0045444"	"GO:0005783"
"103981_at"	0.973179712279543	0.764333308219583	0.316588407068651	-5.93990650275697	0.192472587160044	"Zrsr2"	"zinc finger (CCCH type), RNA binding motif and serine/arginine rich 2"	"22184"	"X 75.99 cM"	"RNA binding///metal ion binding///nucleic acid binding///nucleotide binding///pre-mRNA 3'-splice site binding"	"RNA splicing///mRNA processing///mRNA splicing, via spliceosome///spliceosomal complex assembly"	"U12-type spliceosomal complex///nucleolus///nucleus///ribonucleoprotein complex///spliceosomal complex"	"GO:0003723///GO:0046872///GO:0003676///GO:0000166///GO:0030628"	"GO:0008380///GO:0006397///GO:0000398///GO:0000245"	"GO:0005689///GO:0005730///GO:0005634///GO:0030529///GO:0005681"
"95985_at"	0.975342420501629	0.776535614383339	-0.299584171127698	-5.94569356374477	-0.109353687264296	"Brwd3"	"bromodomain and WD repeat domain containing 3"	"382236"	"X"	"molecular_function"	"cytoskeleton organization///regulation of cell shape"	"cellular_component"	"GO:0003674"	"GO:0007010///GO:0008360"	"GO:0005575"
"100356_at"	0.976622024096363	0.786772327447398	-0.285397606495365	-5.95028625895765	-0.233339241362723	"Gprasp1"	"G protein-coupled receptor associated sorting protein 1"	"67298"	"X"	"protein binding"	"G-protein coupled receptor catabolic process///endosome to lysosome transport"	"cytoplasm///nucleus"	"GO:0005515"	"GO:1990172///GO:0008333"	"GO:0005737///GO:0005634"
"100523_r_at"	0.977914619102368	0.79421987018169	0.275119050736034	-5.95347930906598	0.17678592364684	"Wbp5"	"WW domain binding protein 5"	"22381"	"X"	"WW domain binding"	"biological_process"	"cellular_component"	"GO:0050699"	"GO:0008150"	"GO:0005575"
"104017_at"	0.978605212618314	0.7998294541524	0.267399798579182	-5.95580272245824	0.0915753948717981	"Acsl4"	"acyl-CoA synthetase long-chain family member 4"	"50790"	"X"	"ATP binding///arachidonate-CoA ligase activity///catalytic activity///ligase activity///long-chain fatty acid-CoA ligase activity///long-chain fatty acid-CoA ligase activity///long-chain fatty acid-CoA ligase activity///nucleotide binding///very long-chain fatty acid-CoA ligase activity"	"dendritic spine development///embryonic process involved in female pregnancy///fatty acid metabolic process///fatty acid transport///lipid biosynthetic process///lipid metabolic process///long-chain fatty acid metabolic process///long-chain fatty acid metabolic process///metabolic process///negative regulation of prostaglandin secretion///neuron differentiation///positive regulation of cell growth///regulation of fatty acid metabolic process///triglyceride metabolic process"	"ER-mitochondrion membrane contact site///cytoplasm///colocalizes_with endoplasmic reticulum///extracellular vesicular exosome///integral component of membrane///intracellular membrane-bounded organelle///lipid particle///membrane///mitochondrial membrane///mitochondrial outer membrane///mitochondrion///neuronal cell body///peroxisome"	"GO:0005524///GO:0047676///GO:0003824///GO:0016874///GO:0004467///GO:0004467///GO:0004467///GO:0000166///GO:0031957"	"GO:0060996///GO:0060136///GO:0006631///GO:0015908///GO:0008610///GO:0006629///GO:0001676///GO:0001676///GO:0008152///GO:0032307///GO:0030182///GO:0030307///GO:0019217///GO:0006641"	"GO:0044233///GO:0005737///colocalizes_with GO:0005783///GO:0070062///GO:0016021///GO:0043231///GO:0005811///GO:0016020///GO:0031966///GO:0005741///GO:0005739///GO:0043025///GO:0005777"
"102030_at"	0.978605212618314	0.799983782662004	-0.267187698350537	-5.95586565736432	-0.10124643194937	"Atrx"	"alpha thalassemia/mental retardation syndrome X-linked homolog (human)"	"22589"	"X 47.26 cM"	"ATP binding///DNA binding///DNA translocase activity///chromatin binding///chromo shadow domain binding///helicase activity///histone binding///histone binding///hydrolase activity///metal ion binding///methylated histone binding///nucleotide binding///protein binding///zinc ion binding"	"ATP catabolic process///DNA damage response, signal transduction by p53 class mediator///DNA repair///DNA replication-independent nucleosome assembly///Sertoli cell development///cellular response to DNA damage stimulus///cellular response to hydroxyurea///chromatin modification///chromatin remodeling///forebrain development///negative regulation of telomeric RNA transcription from RNA pol II promoter///nucleosome assembly///positive regulation of nuclear cell cycle DNA replication///positive regulation of telomere maintenance///positive regulation of transcription from RNA polymerase II promoter///positive regulation of transcription from RNA polymerase II promoter///regulation of transcription, DNA-templated///replication fork processing///seminiferous tubule development///spermatogenesis///transcription, DNA-templated"	"SWI/SNF superfamily-type complex///chromosome///chromosome, telomeric region///cytoplasm///heterochromatin///intracellular///mitochondrion///nuclear chromosome///nucleolus///nucleus///nucleus///telomeric heterochromatin"	"GO:0005524///GO:0003677///GO:0015616///GO:0003682///GO:0070087///GO:0004386///GO:0042393///GO:0042393///GO:0016787///GO:0046872///GO:0035064///GO:0000166///GO:0005515///GO:0008270"	"GO:0006200///GO:0030330///GO:0006281///GO:0006336///GO:0060009///GO:0006974///GO:0072711///GO:0016568///GO:0006338///GO:0030900///GO:1901581///GO:0006334///GO:0010571///GO:0032206///GO:0045944///GO:0045944///GO:0006355///GO:0031297///GO:0072520///GO:0007283///GO:0006351"	"GO:0070603///GO:0005694///GO:0000781///GO:0005737///GO:0000792///GO:0005622///GO:0005739///GO:0000228///GO:0005730///GO:0005634///GO:0005634///GO:0031933"
"103297_at"	0.980945630710532	0.810417822958029	-0.252880069201875	-5.95999901006089	-0.0971746920773229	"Pfkfb1"	"6-phosphofructo-2-kinase/fructose-2,6-biphosphatase 1"	"18639"	"X F2"	"6-phosphofructo-2-kinase activity///ATP binding///catalytic activity///fructose-2,6-bisphosphate 2-phosphatase activity///fructose-6-phosphate binding///hydrolase activity///identical protein binding///kinase activity///kinase binding///nucleotide binding///transferase activity"	"carbohydrate phosphorylation///dephosphorylation///fructose 2,6-bisphosphate metabolic process///fructose metabolic process///metabolic process///phosphorylation///positive regulation of glucokinase activity"	"6-phosphofructo-2-kinase/fructose-2,6-biphosphatase complex"	"GO:0003873///GO:0005524///GO:0003824///GO:0004331///GO:0070095///GO:0016787///GO:0042802///GO:0016301///GO:0019900///GO:0000166///GO:0016740"	"GO:0046835///GO:0016311///GO:0006003///GO:0006000///GO:0008152///GO:0016310///GO:0033133"	"GO:0043540"
"93220_at"	0.980945630710532	0.811537641966441	0.25134821980693	-5.96042843905902	0.171380799152264	"Col4a5"	"collagen, type IV, alpha 5"	"12830"	"X 62.16 cM"	""	"neuromuscular junction development"	"basal lamina///basement membrane///collagen trimer///collagen type IV trimer///neuromuscular junction"	""	"GO:0007528"	"GO:0005605///GO:0005604///GO:0005581///GO:0005587///GO:0031594"
"98871_at"	0.981924894642027	0.816387098833647	0.244722436711197	-5.96225659597768	0.22929976728821	"Gpr143"	"G protein-coupled receptor 143"	"18241"	"X 68.46 cM"	"G-protein coupled receptor activity///L-DOPA binding///L-DOPA receptor activity///dopamine binding///signal transducer activity///tyrosine binding"	"G-protein coupled receptor signaling pathway///calcium-mediated signaling using intracellular calcium source///melanosome localization///melanosome localization///melanosome organization///melanosome organization///melanosome transport///melanosome transport///neuropeptide signaling pathway///phosphatidylinositol-mediated signaling///regulation of calcium-mediated signaling///signal transduction///synaptic transmission"	"Golgi apparatus///apical plasma membrane///cell///integral component of membrane///lysosomal membrane///lysosome///melanosome///melanosome membrane///membrane///plasma membrane"	"GO:0004930///GO:0072544///GO:0035643///GO:0035240///GO:0004871///GO:0072545"	"GO:0007186///GO:0035584///GO:0032400///GO:0032400///GO:0032438///GO:0032438///GO:0032402///GO:0032402///GO:0007218///GO:0048015///GO:0050848///GO:0007165///GO:0007268"	"GO:0005794///GO:0016324///GO:0005623///GO:0016021///GO:0005765///GO:0005764///GO:0042470///GO:0033162///GO:0016020///GO:0005886"
"94289_r_at"	0.982892443378222	0.833632060270279	0.221261109593628	-5.96834639944105	0.212119719396846	"Maged2"	"melanoma antigen, family D, 2"	"80884"	"X F2"	"molecular_function"	"biological_process"	"membrane"	"GO:0003674"	"GO:0008150"	"GO:0016020"
"103319_at"	0.982892443378222	0.83547658582631	-0.21876048857267	-5.96896009106845	-0.0663389557397531	"Psmd10"	"proteasome (prosome, macropain) 26S subunit, non-ATPase, 10"	"53380"	"X"	"transcription factor binding"	"apoptotic process///cytoplasmic sequestering of NF-kappaB///negative regulation of DNA damage response, signal transduction by p53 class mediator///negative regulation of MAPK cascade///negative regulation of NF-kappaB transcription factor activity///negative regulation of apoptotic process///negative regulation of release of cytochrome c from mitochondria///negative regulation of transcription from RNA polymerase II promoter///positive regulation of cell growth///positive regulation of cyclin-dependent protein serine/threonine kinase activity///positive regulation of proteasomal ubiquitin-dependent protein catabolic process///positive regulation of protein ubiquitination///proteasome regulatory particle assembly"	"cytoplasm///intermediate filament cytoskeleton///nucleus///proteasome complex///colocalizes_with proteasome regulatory particle, base subcomplex"	"GO:0008134"	"GO:0006915///GO:0007253///GO:0043518///GO:0043409///GO:0032088///GO:0043066///GO:0090201///GO:0000122///GO:0030307///GO:0045737///GO:0032436///GO:0031398///GO:0070682"	"GO:0005737///GO:0045111///GO:0005634///GO:0000502///colocalizes_with GO:0008540"
"102348_at"	0.986719716496332	0.861535279873254	-0.183596968563446	-5.97686376199902	-0.122114340395577	"Gm4354"	"predicted gene 4354"	"100043316"	"X"	""	""	""	""	""	""
"160171_f_at"	0.988582314817528	0.877367238191523	-0.162367980023823	-5.98097590379944	-0.0490253866760071	"Acot9"	"acyl-CoA thioesterase 9"	"56360"	"X"	"2,4,4-trimethyl-3-oxopentanoyl-CoA thioesterase activity///2-oxoglutaryl-CoA thioesterase activity///3-isopropylbut-3-enoyl-CoA thioesterase activity///CoA hydrolase activity///acetyl-CoA hydrolase activity///acyl-CoA hydrolase activity///carboxylic ester hydrolase activity///glutaryl-CoA hydrolase activity///hydrolase activity///palmitoyl-CoA hydrolase activity///protein binding"	"acyl-CoA metabolic process"	"mitochondrion"	"GO:0034869///GO:0034843///GO:0034946///GO:0016289///GO:0003986///GO:0047617///GO:0052689///GO:0044466///GO:0016787///GO:0016290///GO:0005515"	"GO:0006637"	"GO:0005739"
"160609_at"	0.990055334988015	0.883025987459804	-0.15480191371864	-5.98232088053645	-0.0472322806008352	"Atp7a"	"ATPase, Cu++ transporting, alpha polypeptide"	"11977"	"X 47.36 cM"	"ATP binding///cation-transporting ATPase activity///copper ion binding///copper ion transmembrane transporter activity///copper ion transmembrane transporter activity///copper-dependent protein binding///copper-exporting ATPase activity///hydrolase activity///metal ion binding///nucleotide binding///protein binding///superoxide dismutase copper chaperone activity"	"ATP catabolic process///ATP metabolic process///T-helper cell differentiation///blood vessel development///blood vessel remodeling///cartilage development///catecholamine metabolic process///cation transport///cellular copper ion homeostasis///cellular copper ion homeostasis///cellular copper ion homeostasis///central nervous system neuron development///cerebellar Purkinje cell differentiation///collagen fibril organization///copper ion export///copper ion export///copper ion import///copper ion transport///copper ion transport///copper ion transport///dendrite morphogenesis///detoxification of copper ion///dopamine metabolic process///elastic fiber assembly///elastin biosynthetic process///epinephrine metabolic process///extracellular matrix organization///hair follicle morphogenesis///hindlimb morphogenesis///ion transport///locomotory behavior///lung alveolus development///metal ion transport///mitochondrion organization///negative regulation of metalloenzyme activity///negative regulation of neuron apoptotic process///neuron projection morphogenesis///norepinephrine biosynthetic process///norepinephrine metabolic process///peptidyl-lysine modification///pigmentation///plasma membrane copper ion transport///positive regulation of catalytic activity///positive regulation of catalytic activity///positive regulation of metalloenzyme activity///positive regulation of oxidoreductase activity///pyramidal neuron development///regulation of gene expression///regulation of oxidative phosphorylation///release of cytochrome c from mitochondria///removal of superoxide radicals///response to copper ion///serotonin metabolic process///skin development///transport///tryptophan metabolic process///tyrosine metabolic process"	"Golgi apparatus///Golgi apparatus///basolateral plasma membrane///brush border membrane///cell///cytoplasmic vesicle///endoplasmic reticulum///integral component of membrane///late endosome///membrane///membrane///neuron projection///neuronal cell body///perinuclear region of cytoplasm///plasma membrane///plasma membrane///secretory granule///trans-Golgi network///trans-Golgi network///trans-Golgi network transport vesicle"	"GO:0005524///GO:0019829///GO:0005507///GO:0005375///GO:0005375///GO:0032767///GO:0004008///GO:0016787///GO:0046872///GO:0000166///GO:0005515///GO:0016532"	"GO:0006200///GO:0046034///GO:0042093///GO:0001568///GO:0001974///GO:0051216///GO:0006584///GO:0006812///GO:0006878///GO:0006878///GO:0006878///GO:0021954///GO:0021702///GO:0030199///GO:0060003///GO:0060003///GO:0015677///GO:0006825///GO:0006825///GO:0006825///GO:0048813///GO:0010273///GO:0042417///GO:0048251///GO:0051542///GO:0042414///GO:0030198///GO:0031069///GO:0035137///GO:0006811///GO:0007626///GO:0048286///GO:0030001///GO:0007005///GO:0048553///GO:0043524///GO:0048812///GO:0042421///GO:0042415///GO:0018205///GO:0043473///GO:0015679///GO:0043085///GO:0043085///GO:0048554///GO:0051353///GO:0021860///GO:0010468///GO:0002082///GO:0001836///GO:0019430///GO:0046688///GO:0042428///GO:0043588///GO:0006810///GO:0006568///GO:0006570"	"GO:0005794///GO:0005794///GO:0016323///GO:0031526///GO:0005623///GO:0031410///GO:0005783///GO:0016021///GO:0005770///GO:0016020///GO:0016020///GO:0043005///GO:0043025///GO:0048471///GO:0005886///GO:0005886///GO:0030141///GO:0005802///GO:0005802///GO:0030140"
"160918_at"	0.990055334988015	0.884136538740098	-0.153318301518896	-5.98257716608093	-0.0902861228209103	"S100g"	"S100 calcium binding protein G"	"12309"	"X"	"calcium ion binding///metal ion binding///vitamin D binding"	""	"apical plasma membrane///basolateral plasma membrane"	"GO:0005509///GO:0046872///GO:0005499"	""	"GO:0016324///GO:0016323"
"102854_s_at"	0.994378343467664	0.906774968402229	0.123157190509937	-5.98725657199809	0.0658060020919757	"Atp7a"	"ATPase, Cu++ transporting, alpha polypeptide"	"11977"	"X 47.36 cM"	"ATP binding///cation-transporting ATPase activity///copper ion binding///copper ion transmembrane transporter activity///copper ion transmembrane transporter activity///copper-dependent protein binding///copper-exporting ATPase activity///hydrolase activity///metal ion binding///nucleotide binding///protein binding///superoxide dismutase copper chaperone activity"	"ATP catabolic process///ATP metabolic process///T-helper cell differentiation///blood vessel development///blood vessel remodeling///cartilage development///catecholamine metabolic process///cation transport///cellular copper ion homeostasis///cellular copper ion homeostasis///cellular copper ion homeostasis///central nervous system neuron development///cerebellar Purkinje cell differentiation///collagen fibril organization///copper ion export///copper ion export///copper ion import///copper ion transport///copper ion transport///copper ion transport///dendrite morphogenesis///detoxification of copper ion///dopamine metabolic process///elastic fiber assembly///elastin biosynthetic process///epinephrine metabolic process///extracellular matrix organization///hair follicle morphogenesis///hindlimb morphogenesis///ion transport///locomotory behavior///lung alveolus development///metal ion transport///mitochondrion organization///negative regulation of metalloenzyme activity///negative regulation of neuron apoptotic process///neuron projection morphogenesis///norepinephrine biosynthetic process///norepinephrine metabolic process///peptidyl-lysine modification///pigmentation///plasma membrane copper ion transport///positive regulation of catalytic activity///positive regulation of catalytic activity///positive regulation of metalloenzyme activity///positive regulation of oxidoreductase activity///pyramidal neuron development///regulation of gene expression///regulation of oxidative phosphorylation///release of cytochrome c from mitochondria///removal of superoxide radicals///response to copper ion///serotonin metabolic process///skin development///transport///tryptophan metabolic process///tyrosine metabolic process"	"Golgi apparatus///Golgi apparatus///basolateral plasma membrane///brush border membrane///cell///cytoplasmic vesicle///endoplasmic reticulum///integral component of membrane///late endosome///membrane///membrane///neuron projection///neuronal cell body///perinuclear region of cytoplasm///plasma membrane///plasma membrane///secretory granule///trans-Golgi network///trans-Golgi network///trans-Golgi network transport vesicle"	"GO:0005524///GO:0019829///GO:0005507///GO:0005375///GO:0005375///GO:0032767///GO:0004008///GO:0016787///GO:0046872///GO:0000166///GO:0005515///GO:0016532"	"GO:0006200///GO:0046034///GO:0042093///GO:0001568///GO:0001974///GO:0051216///GO:0006584///GO:0006812///GO:0006878///GO:0006878///GO:0006878///GO:0021954///GO:0021702///GO:0030199///GO:0060003///GO:0060003///GO:0015677///GO:0006825///GO:0006825///GO:0006825///GO:0048813///GO:0010273///GO:0042417///GO:0048251///GO:0051542///GO:0042414///GO:0030198///GO:0031069///GO:0035137///GO:0006811///GO:0007626///GO:0048286///GO:0030001///GO:0007005///GO:0048553///GO:0043524///GO:0048812///GO:0042421///GO:0042415///GO:0018205///GO:0043473///GO:0015679///GO:0043085///GO:0043085///GO:0048554///GO:0051353///GO:0021860///GO:0010468///GO:0002082///GO:0001836///GO:0019430///GO:0046688///GO:0042428///GO:0043588///GO:0006810///GO:0006568///GO:0006570"	"GO:0005794///GO:0005794///GO:0016323///GO:0031526///GO:0005623///GO:0031410///GO:0005783///GO:0016021///GO:0005770///GO:0016020///GO:0016020///GO:0043005///GO:0043025///GO:0048471///GO:0005886///GO:0005886///GO:0030141///GO:0005802///GO:0005802///GO:0030140"
"102101_f_at"	0.994378343467664	0.907531280926798	0.122152047885447	-5.9873950631484	0.0426446878007054	"Plp1"	"proteolipid protein (myelin) 1"	"18823"	"X 59.1 cM"	"protein binding///structural constituent of myelin sheath///structural molecule activity"	"astrocyte development///axon development///axon ensheathment///cell maturation///central nervous system myelination///glial cell differentiation///inflammatory response///integrin-mediated signaling pathway///long-chain fatty acid biosynthetic process///myelination///myelination///myelination///myelination///positive regulation of gene expression"	"integral component of membrane///membrane///myelin sheath///plasma membrane"	"GO:0005515///GO:0019911///GO:0005198"	"GO:0014002///GO:0061564///GO:0008366///GO:0048469///GO:0022010///GO:0010001///GO:0006954///GO:0007229///GO:0042759///GO:0042552///GO:0042552///GO:0042552///GO:0042552///GO:0010628"	"GO:0016021///GO:0016020///GO:0043209///GO:0005886"
"104399_at"	0.994378343467664	0.916597413600168	0.110114252374722	-5.98896598012775	0.0323509732078859	"Cstf2"	"cleavage stimulation factor, 3' pre-RNA subunit 2"	"108062"	"X"	"RNA binding///nucleic acid binding///nucleotide binding///poly(A) RNA binding"	"mRNA processing"	"cleavage body///mRNA cleavage and polyadenylation specificity factor complex///nucleus"	"GO:0003723///GO:0003676///GO:0000166///GO:0044822"	"GO:0006397"	"GO:0071920///GO:0005847///GO:0005634"
"94127_at"	0.994378343467664	0.920471112415083	-0.104976785439071	-5.98958709295734	-0.0403635544106136	"Diap2"	"diaphanous homolog 2 (Drosophila)"	"54004"	"X"	"Rho GTPase binding///actin binding"	"actin cytoskeleton organization///actin filament organization///actin filament polymerization///cell differentiation///cellular component organization///female gamete generation///multicellular organismal development///oogenesis"	""	"GO:0017048///GO:0003779"	"GO:0030036///GO:0007015///GO:0030041///GO:0030154///GO:0016043///GO:0007292///GO:0007275///GO:0048477"	""
"93021_at"	0.994378343467664	0.923766398579712	0.100609050201231	-5.99009191768025	0.0413457667751134	"Bex4"	"brain expressed gene 4"	"406217"	"X"	"molecular_function"	"biological_process"	"cytoplasm///nucleus"	"GO:0003674"	"GO:0008150"	"GO:0005737///GO:0005634"
"101045_at"	0.994378343467664	0.924388373834557	-0.0997849142097608	-5.99018477656493	-0.0278712759634967	"Hsd17b10"	"hydroxysteroid (17-beta) dehydrogenase 10"	"15108"	"X"	"3-hydroxy-2-methylbutyryl-CoA dehydrogenase activity///3-hydroxyacyl-CoA dehydrogenase activity///NAD binding///acetoacetyl-CoA reductase activity///beta-amyloid binding///estradiol 17-beta-dehydrogenase activity///estrogen receptor binding///identical protein binding///oxidoreductase activity///poly(A) RNA binding///steroid binding///testosterone dehydrogenase [NAD(P)] activity"	"metabolic process///oxidation-reduction process///protein homotetramerization///tRNA processing"	"endoplasmic reticulum///mitochondrial inner membrane///mitochondrion///mitochondrion"	"GO:0047015///GO:0003857///GO:0051287///GO:0018454///GO:0001540///GO:0004303///GO:0030331///GO:0042802///GO:0016491///GO:0044822///GO:0005496///GO:0030283"	"GO:0008152///GO:0055114///GO:0051289///GO:0008033"	"GO:0005783///GO:0005743///GO:0005739///GO:0005739"
"93919_at"	0.994378343467664	0.951658518275747	0.0637213825945971	-5.99350235520966	0.0351946639456989	"Nrk"	"Nik related kinase"	"27206"	"X 61.15 cM"	"ATP binding///kinase activity///nucleotide binding///protein kinase activity///protein kinase activity///protein serine/threonine kinase activity///receptor signaling protein serine/threonine kinase activity///small GTPase regulator activity///transferase activity///transferase activity, transferring phosphorus-containing groups"	"activation of JNKK activity///intracellular signal transduction///negative regulation of cell proliferation///parturition///phosphorylation///protein phosphorylation///regulation of spongiotrophoblast cell proliferation///signal transduction by phosphorylation"	"cytoplasm"	"GO:0005524///GO:0016301///GO:0000166///GO:0004672///GO:0004672///GO:0004674///GO:0004702///GO:0005083///GO:0016740///GO:0016772"	"GO:0007256///GO:0035556///GO:0008285///GO:0007567///GO:0016310///GO:0006468///GO:0060721///GO:0023014"	"GO:0005737"
"96502_at"	0.995142054354712	0.969341905550697	-0.0403923971424532	-5.9948701006144	-0.0280640061892545	"Phex"	"phosphate regulating endopeptidase homolog, X-linked"	"18675"	"X 72.38 cM"	"hydrolase activity///metal ion binding///metalloendopeptidase activity///metallopeptidase activity///peptidase activity"	"biomineral tissue development///bone mineralization///organophosphate metabolic process///proteolysis"	"Golgi apparatus///endoplasmic reticulum///integral component of membrane///membrane///perinuclear region of cytoplasm"	"GO:0016787///GO:0046872///GO:0004222///GO:0008237///GO:0008233"	"GO:0031214///GO:0030282///GO:0019637///GO:0006508"	"GO:0005794///GO:0005783///GO:0016021///GO:0016020///GO:0048471"
"96633_s_at"	0.995967710291839	0.971961762117764	-0.0369387335943882	-5.99502053931856	-0.00974842276121368	"Morf4l2"	"mortality factor 4 like 2"	"56397"	"X"	""	"DNA repair///cellular response to DNA damage stimulus///chromatin modification///regulation of growth///regulation of transcription, DNA-templated///transcription, DNA-templated"	"nucleus"	""	"GO:0006281///GO:0006974///GO:0016568///GO:0040008///GO:0006355///GO:0006351"	"GO:0005634"
"160630_at"	0.996118788869518	0.973976055070013	0.0342837248827764	-5.99512705881226	0.011909515695689	"Sms"	"spermine synthase"	"20603"	"X 72.48 cM"	"spermine synthase activity///spermine synthase activity"	"spermine biosynthetic process///spermine metabolic process"	"extracellular vesicular exosome"	"GO:0016768///GO:0016768"	"GO:0006597///GO:0008215"	"GO:0070062"
"97692_at"	0.999134253000473	0.990733460514483	-0.0122051558918425	-5.99570531743697	-0.0111839065142271	"Htr2c"	"5-hydroxytryptamine (serotonin) receptor 2C"	"15560"	"X 68.46 cM"	"1-(4-iodo-2,5-dimethoxyphenyl)propan-2-amine binding///G-protein coupled receptor activity///Gq/11-coupled serotonin receptor activity///drug binding///serotonin binding///serotonin receptor activity///serotonin receptor activity///signal transducer activity"	"G-protein coupled receptor signaling pathway///behavior///behavioral fear response///behavioral response to nicotine///cGMP biosynthetic process///cellular calcium ion homeostasis///feeding behavior///feeding behavior///inositol phosphate-mediated signaling///locomotory behavior///negative regulation of dopamine metabolic process///negative regulation of locomotion///phospholipase C-activating G-protein coupled receptor signaling pathway///phospholipase C-activating serotonin receptor signaling pathway///phospholipase C-activating serotonin receptor signaling pathway///phospholipase D-activating G-protein coupled receptor signaling pathway///positive regulation of ERK1 and ERK2 cascade///positive regulation of acetylcholine secretion, neurotransmission///positive regulation of cytosolic calcium ion concentration involved in phospholipase C-activating G-protein coupled signaling pathway///positive regulation of fat cell differentiation///positive regulation of gamma-aminobutyric acid secretion///positive regulation of phosphatidylinositol biosynthetic process///positive regulation of vasoconstriction///regulation of appetite///regulation of corticotropin-releasing hormone secretion///regulation of neurological system process///regulation of sensory perception of pain///release of sequestered calcium ion into cytosol///response to drug///serotonin receptor signaling pathway///signal transduction"	"cell///cell surface///cytosol///external side of plasma membrane///integral component of membrane///integral component of plasma membrane///intracellular///membrane///plasma membrane"	"GO:0071886///GO:0004930///GO:0001587///GO:0008144///GO:0051378///GO:0004993///GO:0004993///GO:0004871"	"GO:0007186///GO:0007610///GO:0001662///GO:0035095///GO:0006182///GO:0006874///GO:0007631///GO:0007631///GO:0048016///GO:0007626///GO:0045963///GO:0040013///GO:0007200///GO:0007208///GO:0007208///GO:0031583///GO:0070374///GO:0014057///GO:0051482///GO:0045600///GO:0014054///GO:0010513///GO:0045907///GO:0032098///GO:0043397///GO:0031644///GO:0051930///GO:0051209///GO:0042493///GO:0007210///GO:0007165"	"GO:0005623///GO:0009986///GO:0005829///GO:0009897///GO:0016021///GO:0005887///GO:0005622///GO:0016020///GO:0005886"
"160081_at"	0.999270777443391	0.994564074637926	-0.00715963282409066	-5.9957603693973	-0.00258508637713639	"Rpl36a"	"ribosomal protein L36A"	"19982"	"X"	"molecular_function"	"biological_process"	"cellular_component"	"GO:0003674"	"GO:0008150"	"GO:0005575"
