"ID (num probes:22626)"	"adj.P.Val"	"P.Value"	"t"	"B"	"logFC"	"Gene.symbol"	"Gene.title"	"Gene.ID"	"Chromosome.location"	"GO.Function"	"GO.Process"	"GO.Component"	"GO.Function.ID"	"GO.Process.ID"	"GO.Component.ID"
"1452823_at"	3.83460744398146e-06	1.98289167747649e-08	8.28561599028809	9.51406057509421	0.814247104407462	"Gstk1"	"glutathione S-transferase kappa 1"	"76263"	"6"	"glutathione peroxidase activity///glutathione peroxidase activity///glutathione transferase activity///glutathione transferase activity///protein disulfide oxidoreductase activity///receptor binding///transferase activity"	"glutathione metabolic process///oxidation-reduction process///oxidation-reduction process"	"extracellular vesicular exosome///intracellular///membrane///mitochondrial inner membrane///mitochondrial matrix///mitochondrion///peroxisome"	"GO:0004602///GO:0004602///GO:0004364///GO:0004364///GO:0015035///GO:0005102///GO:0016740"	"GO:0006749///GO:0055114///GO:0055114"	"GO:0070062///GO:0005622///GO:0016020///GO:0005743///GO:0005759///GO:0005739///GO:0005777"
"1427591_at"	0.00423040700897396	0.000238575061586262	-4.32815344767257	0.278818543554086	-1.42133459986369	"Clcn1"	"chloride channel 1"	"12723"	"6 20.57 cM"	"chloride channel activity///ion channel activity///voltage-gated chloride channel activity///voltage-gated ion channel activity"	"chloride transmembrane transport///chloride transport///chloride transport///ion transport///neuronal action potential propagation///regulation of anion transport///regulation of ion transmembrane transport///transmembrane transport///transport"	"chloride channel complex///integral component of membrane///membrane///sarcolemma"	"GO:0005254///GO:0005216///GO:0005247///GO:0005244"	"GO:1902476///GO:0006821///GO:0006821///GO:0006811///GO:0019227///GO:0044070///GO:0034765///GO:0055085///GO:0006810"	"GO:0034707///GO:0016021///GO:0016020///GO:0042383"
"1448483_a_at"	0.0083099395771184	0.000579190962305123	-3.97510610044004	-0.583208786384766	-0.363914561899369	"Ndufb2"	"NADH dehydrogenase (ubiquinone) 1 beta subcomplex, 2"	"68198"	"6"	"molecular_function"	"biological_process///oxidation-reduction process///transport"	"membrane///mitochondrial inner membrane///mitochondrial respiratory chain complex I///mitochondrion///respiratory chain"	"GO:0003674"	"GO:0008150///GO:0055114///GO:0006810"	"GO:0016020///GO:0005743///GO:0005747///GO:0005739///GO:0070469"
"1422798_at"	0.0301164860350822	0.00331699298150026	-3.26798235131984	-2.26003426197471	-3.20092903418123	"Cntnap2"	"contactin associated protein-like 2"	"66797"	"6 B2"	"enzyme binding///protease binding///protein binding"	"adult behavior///cell adhesion///cellular protein localization///clustering of voltage-gated potassium channels///learning///neuron projection development///neuron recognition///protein localization to juxtaparanode region of axon///social behavior///vocalization behavior"	"Golgi apparatus///axolemma///cell surface///early endosome///integral component of membrane///juxtaparanode region of axon///membrane///colocalizes_with voltage-gated potassium channel complex///voltage-gated potassium channel complex"	"GO:0019899///GO:0002020///GO:0005515"	"GO:0030534///GO:0007155///GO:0034613///GO:0045163///GO:0007612///GO:0031175///GO:0008038///GO:0071205///GO:0035176///GO:0071625"	"GO:0005794///GO:0030673///GO:0009986///GO:0005769///GO:0016021///GO:0044224///GO:0016020///colocalizes_with GO:0008076///GO:0008076"
"1452304_a_at"	0.0434203276771351	0.00551585150097961	-3.05584460147774	-2.74169983430807	-0.814531691558074	"Arhgef5"	"Rho guanine nucleotide exchange factor (GEF) 5"	"54324"	"6"	"guanyl-nucleotide exchange factor activity///protein binding"	"actin cytoskeleton organization///myeloid dendritic cell chemotaxis///positive regulation of Rho GTPase activity///positive regulation of podosome assembly///regulation of Rho GTPase activity"	""	"GO:0005085///GO:0005515"	"GO:0030036///GO:0002408///GO:0032321///GO:0071803///GO:0032319"	""
"1435243_at"	0.0466228606049165	0.0061220064906394	3.01184953328383	-2.83993272914987	0.467598143075458	"Zfp746"	"zinc finger protein 746"	"69228"	"6"	"DNA binding///metal ion binding///nucleic acid binding///protein binding///sequence-specific DNA binding transcription factor activity///transcription regulatory region DNA binding///ubiquitin protein ligase binding///ubiquitin protein ligase binding"	"negative regulation of transcription from RNA polymerase II promoter///negative regulation of transcription, DNA-templated///positive regulation of neuron death///positive regulation of transcription from RNA polymerase II promoter///regulation of transcription, DNA-templated///transcription, DNA-templated"	"cytoplasm///intracellular///nucleus"	"GO:0003677///GO:0046872///GO:0003676///GO:0005515///GO:0003700///GO:0044212///GO:0031625///GO:0031625"	"GO:0000122///GO:0045892///GO:1901216///GO:0045944///GO:0006355///GO:0006351"	"GO:0005737///GO:0005622///GO:0005634"
"1436165_at"	0.0519657773474354	0.00713363848851473	-2.94696649361906	-2.9836671793118	-0.937608120416558	"Luc7l2"	"LUC7-like 2 (S. cerevisiae)"	"192196"	"6"	"enzyme binding///mRNA binding///poly(A) RNA binding"	"mRNA splice site selection"	"U1 snRNP///nucleus"	"GO:0019899///GO:0003729///GO:0044822"	"GO:0006376"	"GO:0005685///GO:0005634"
"1417682_a_at"	0.0772520992609336	0.0123871040448452	2.70884863706651	-3.49842735668533	0.681870117582445	"Prss2"	"protease, serine 2"	"22072"	"6"	"calcium ion binding///catalytic activity///hydrolase activity///metal ion binding///peptidase activity///serine-type endopeptidase activity///serine-type peptidase activity"	"collagen catabolic process///digestion///proteolysis///response to caffeine///response to nicotine"	"extracellular region///extracellular space"	"GO:0005509///GO:0003824///GO:0016787///GO:0046872///GO:0008233///GO:0004252///GO:0008236"	"GO:0030574///GO:0007586///GO:0006508///GO:0031000///GO:0035094"	"GO:0005576///GO:0005615"
"1452616_s_at"	0.111743458155771	0.0210338773801965	-2.47313085152135	-3.9854706310547	-0.26348479252391	"Ssbp1"	"single-stranded DNA binding protein 1"	"381760"	"6 B2"	"DNA binding///chromatin binding///poly(A) RNA binding///single-stranded DNA binding"	"DNA replication///mitochondrion morphogenesis///positive regulation of helicase activity"	"extracellular vesicular exosome///mitochondrial nucleoid///mitochondrion///mitochondrion///nucleus"	"GO:0003677///GO:0003682///GO:0044822///GO:0003697"	"GO:0006260///GO:0070584///GO:0051096"	"GO:0070062///GO:0042645///GO:0005739///GO:0005739///GO:0005634"
"1424582_at"	0.115037174345496	0.0219082110958519	-2.45464614046406	-4.02260450123018	-0.347629840372074	"Agk"	"acylglycerol kinase"	"69923"	"6"	"ATP binding///NAD+ kinase activity///acylglycerol kinase activity///ceramide kinase activity///diacylglycerol kinase activity///kinase activity///lipid kinase activity///nucleotide binding///transferase activity"	"ceramide biosynthetic process///lipid phosphorylation///metabolic process///phosphorylation///protein kinase C-activating G-protein coupled receptor signaling pathway"	"intracellular membrane-bounded organelle///membrane///mitochondrion///mitochondrion"	"GO:0005524///GO:0003951///GO:0047620///GO:0001729///GO:0004143///GO:0016301///GO:0001727///GO:0000166///GO:0016740"	"GO:0046513///GO:0046834///GO:0008152///GO:0016310///GO:0007205"	"GO:0043231///GO:0016020///GO:0005739///GO:0005739"
"1418051_at"	0.11947918508388	0.0230815662512878	2.43088477957866	-4.07009842602702	0.318667336762847	"Ephb6"	"Eph receptor B6"	"13848"	"6"	"ATP binding///ephrin receptor activity///nucleotide binding///protein kinase activity///transferase activity, transferring phosphorus-containing groups"	"calcium ion homeostasis///ephrin receptor signaling pathway///parathyroid hormone secretion///protein phosphorylation///transmembrane receptor protein tyrosine kinase signaling pathway"	"cell///extracellular region///integral component of membrane///integral component of plasma membrane///membrane///plasma membrane"	"GO:0005524///GO:0005003///GO:0000166///GO:0004672///GO:0016772"	"GO:0055074///GO:0048013///GO:0035898///GO:0006468///GO:0007169"	"GO:0005623///GO:0005576///GO:0016021///GO:0005887///GO:0016020///GO:0005886"
"1421366_at"	0.144707664342561	0.0307885925990051	2.29789904126769	-4.33073651187278	0.356306949749239	"Clec5a"	"C-type lectin domain family 5, member a"	"23845"	"6 B2"	"carbohydrate binding///protein binding///virus receptor activity///virus receptor activity"	"immune system process///innate immune response///innate immune response///negative regulation of apoptotic process///negative regulation of myeloid cell apoptotic process///osteoblast development///positive regulation of cytokine secretion///response to virus///response to virus"	"cell surface///integral component of membrane///membrane///plasma membrane"	"GO:0030246///GO:0005515///GO:0001618///GO:0001618"	"GO:0002376///GO:0045087///GO:0045087///GO:0043066///GO:0033033///GO:0002076///GO:0050715///GO:0009615///GO:0009615"	"GO:0009986///GO:0016021///GO:0016020///GO:0005886"
"1436766_at"	0.147334040468351	0.0316404182195579	2.28513625756899	-4.35527263506569	0.966220660903438	"Luc7l2"	"LUC7-like 2 (S. cerevisiae)"	"192196"	"6"	"enzyme binding///mRNA binding///poly(A) RNA binding"	"mRNA splice site selection"	"U1 snRNP///nucleus"	"GO:0019899///GO:0003729///GO:0044822"	"GO:0006376"	"GO:0005685///GO:0005634"
"1450689_at"	0.147966726670703	0.0319005432997299	2.28130133999536	-4.36262833602701	0.334091616227353	"Prss3"	"protease, serine 3"	"22073"	"6"	"hydrolase activity///peptidase activity///serine-type peptidase activity"	"proteolysis"	""	"GO:0016787///GO:0008233///GO:0008236"	"GO:0006508"	""
"1433573_x_at"	0.163587398405011	0.0371842124103672	2.20899558540908	-4.49983613719158	0.509905370432005	"Prss2"	"protease, serine 2"	"22072"	"6"	"calcium ion binding///catalytic activity///hydrolase activity///metal ion binding///peptidase activity///serine-type endopeptidase activity///serine-type peptidase activity"	"collagen catabolic process///digestion///proteolysis///response to caffeine///response to nicotine"	"extracellular region///extracellular space"	"GO:0005509///GO:0003824///GO:0016787///GO:0046872///GO:0008233///GO:0004252///GO:0008236"	"GO:0030574///GO:0007586///GO:0006508///GO:0031000///GO:0035094"	"GO:0005576///GO:0005615"
"1438552_x_at"	0.166044292473806	0.0380802542935818	2.19766976755258	-4.52106901966773	0.285637283798794	"Zyx"	"zyxin"	"22793"	"6"	"metal ion binding///poly(A) RNA binding///protein binding///zinc ion binding"	"cell adhesion///integrin-mediated signaling pathway///stress fiber assembly///transforming growth factor beta receptor signaling pathway"	"cell junction///cell-cell adherens junction///cytoplasm///cytoskeleton///focal adhesion///nucleus///stress fiber"	"GO:0046872///GO:0044822///GO:0005515///GO:0008270"	"GO:0007155///GO:0007229///GO:0043149///GO:0007179"	"GO:0030054///GO:0005913///GO:0005737///GO:0005856///GO:0005925///GO:0005634///GO:0001725"
"1448174_at"	0.187683586909692	0.0459933954591322	-2.10693126024829	-4.68856293673333	-0.329572547140067	"Cul1"	"cullin 1"	"26965"	"6 B3"	"protein binding///ubiquitin protein ligase binding///ubiquitin-protein transferase activity"	"SCF-dependent proteasomal ubiquitin-dependent protein catabolic process///SCF-dependent proteasomal ubiquitin-dependent protein catabolic process///apoptotic process///cell proliferation///organ morphogenesis///protein monoubiquitination///protein ubiquitination///protein ubiquitination///ubiquitin-dependent protein catabolic process///viral process"	"Parkin-FBXW7-Cul1 ubiquitin ligase complex///SCF ubiquitin ligase complex///SCF ubiquitin ligase complex///cullin-RING ubiquitin ligase complex"	"GO:0005515///GO:0031625///GO:0004842"	"GO:0031146///GO:0031146///GO:0006915///GO:0008283///GO:0009887///GO:0006513///GO:0016567///GO:0016567///GO:0006511///GO:0016032"	"GO:1990452///GO:0019005///GO:0019005///GO:0031461"
"1417240_at"	0.19063945735258	0.0470409449075009	2.09599186581894	-4.70843514135445	0.353418915647534	"Zyx"	"zyxin"	"22793"	"6"	"metal ion binding///poly(A) RNA binding///protein binding///zinc ion binding"	"cell adhesion///integrin-mediated signaling pathway///stress fiber assembly///transforming growth factor beta receptor signaling pathway"	"cell junction///cell-cell adherens junction///cytoplasm///cytoskeleton///focal adhesion///nucleus///stress fiber"	"GO:0046872///GO:0044822///GO:0005515///GO:0008270"	"GO:0007155///GO:0007229///GO:0043149///GO:0007179"	"GO:0030054///GO:0005913///GO:0005737///GO:0005856///GO:0005925///GO:0005634///GO:0001725"
"1437396_at"	0.196155079330993	0.0492078241970616	-2.07403866489362	-4.7481018221749	-0.415349295361243	"Creb3l2"	"cAMP responsive element binding protein 3-like 2"	"208647"	"6"	"DNA binding///RNA polymerase II core promoter proximal region sequence-specific DNA binding///RNA polymerase II core promoter proximal region sequence-specific DNA binding transcription factor activity involved in positive regulation of transcription///cAMP response element binding///cAMP response element binding///sequence-specific DNA binding///sequence-specific DNA binding transcription factor activity///transcription regulatory region DNA binding///transcription regulatory region DNA binding"	"ER to Golgi vesicle-mediated transport///cartilage development///chondrocyte differentiation///positive regulation of transcription from RNA polymerase II promoter///positive regulation of transcription, DNA-templated///positive regulation of transcription, DNA-templated///regulation of transcription, DNA-templated///response to unfolded protein///transcription from RNA polymerase II promoter///transcription, DNA-templated"	"cell///endoplasmic reticulum///integral component of membrane///intracellular///membrane///nucleus"	"GO:0003677///GO:0000978///GO:0001077///GO:0035497///GO:0035497///GO:0043565///GO:0003700///GO:0044212///GO:0044212"	"GO:0006888///GO:0051216///GO:0002062///GO:0045944///GO:0045893///GO:0045893///GO:0006355///GO:0006986///GO:0006366///GO:0006351"	"GO:0005623///GO:0005783///GO:0016021///GO:0005622///GO:0016020///GO:0005634"
"1437782_at"	0.209222528573479	0.0543563772817318	-2.02515042671613	-4.83540084010753	-0.541753032504074	"Cntnap2"	"contactin associated protein-like 2"	"66797"	"6 B2"	"enzyme binding///protease binding///protein binding"	"adult behavior///cell adhesion///cellular protein localization///clustering of voltage-gated potassium channels///learning///neuron projection development///neuron recognition///protein localization to juxtaparanode region of axon///social behavior///vocalization behavior"	"Golgi apparatus///axolemma///cell surface///early endosome///integral component of membrane///juxtaparanode region of axon///membrane///colocalizes_with voltage-gated potassium channel complex///voltage-gated potassium channel complex"	"GO:0019899///GO:0002020///GO:0005515"	"GO:0030534///GO:0007155///GO:0034613///GO:0045163///GO:0007612///GO:0031175///GO:0008038///GO:0071205///GO:0035176///GO:0071625"	"GO:0005794///GO:0030673///GO:0009986///GO:0005769///GO:0016021///GO:0044224///GO:0016020///colocalizes_with GO:0008076///GO:0008076"
"1449510_at"	0.247820800708966	0.0705587199755662	-1.89429246208554	-5.06178903459899	-1.24661979344148	"Zfp467"	"zinc finger protein 467"	"68910"	"6"	"DNA binding///metal ion binding///nucleic acid binding///protein binding"	"regulation of transcription, DNA-templated///transcription, DNA-templated"	"nucleus"	"GO:0003677///GO:0046872///GO:0003676///GO:0005515"	"GO:0006355///GO:0006351"	"GO:0005634"
"1448631_a_at"	0.262175805423827	0.0767547306252732	1.85116613488543	-5.13398834840154	0.736508081108397	"Hipk2"	"homeodomain interacting protein kinase 2"	"15258"	"6 B"	"ATP binding///NOT DNA binding///RNA polymerase II activating transcription factor binding///contributes_to RNA polymerase II transcription coactivator activity///SMAD binding///kinase activity///nucleotide binding///protein binding///protein kinase activity///protein kinase activity///protein serine/threonine kinase activity///protein serine/threonine kinase activity///transcription corepressor activity///transcription corepressor activity///transferase activity///transferase activity, transferring phosphorus-containing groups///virion binding"	"DNA damage response, signal transduction by p53 class mediator resulting in transcription of p21 class mediator///SMAD protein signal transduction///adult locomotory behavior///adult walking behavior///anterior/posterior pattern specification///apoptotic process///cellular response to DNA damage stimulus///embryonic camera-type eye morphogenesis///embryonic retina morphogenesis in camera-type eye///intrinsic apoptotic signaling pathway in response to DNA damage by p53 class mediator///iris morphogenesis///lens induction in camera-type eye///negative regulation of BMP signaling pathway///negative regulation of neuron apoptotic process///negative regulation of transcription from RNA polymerase II promoter///neuron differentiation///peptidyl-serine phosphorylation///peptidyl-threonine phosphorylation///phosphorylation///positive regulation of DNA binding///positive regulation of JNK cascade///positive regulation of angiogenesis///positive regulation of cell proliferation///positive regulation of protein binding///positive regulation of protein phosphorylation///positive regulation of sequence-specific DNA binding transcription factor activity///positive regulation of transcription from RNA polymerase II promoter///positive regulation of transcription from RNA polymerase II promoter///positive regulation of transcription, DNA-templated///positive regulation of transforming growth factor beta receptor signaling pathway///protein phosphorylation///protein phosphorylation///protein phosphorylation///regulation of transcription, DNA-templated///retina layer formation///smoothened signaling pathway///transcription, DNA-templated///transforming growth factor beta receptor signaling pathway///voluntary musculoskeletal movement"	"colocalizes_with PML body///PML body///cytoplasm///intracellular///nuclear body///nucleus///nucleus"	"GO:0005524///NOT GO:0003677///GO:0001102///contributes_to GO:0001105///GO:0046332///GO:0016301///GO:0000166///GO:0005515///GO:0004672///GO:0004672///GO:0004674///GO:0004674///GO:0003714///GO:0003714///GO:0016740///GO:0016772///GO:0046790"	"GO:0006978///GO:0060395///GO:0008344///GO:0007628///GO:0009952///GO:0006915///GO:0006974///GO:0048596///GO:0060059///GO:0042771///GO:0061072///GO:0060235///GO:0030514///GO:0043524///GO:0000122///GO:0030182///GO:0018105///GO:0018107///GO:0016310///GO:0043388///GO:0046330///GO:0045766///GO:0008284///GO:0032092///GO:0001934///GO:0051091///GO:0045944///GO:0045944///GO:0045893///GO:0030511///GO:0006468///GO:0006468///GO:0006468///GO:0006355///GO:0010842///GO:0007224///GO:0006351///GO:0007179///GO:0050882"	"colocalizes_with GO:0016605///GO:0016605///GO:0005737///GO:0005622///GO:0016604///GO:0005634///GO:0005634"
"1453915_a_at"	0.291147444839846	0.0900912136822987	-1.76772392904083	-5.27014759395387	-0.355191385173145	"Slc37a3"	"solute carrier family 37 (glycerol-3-phosphate transporter), member 3"	"72144"	"6"	"molecular_function///transporter activity"	"biological_process///carbohydrate transport///transmembrane transport///transport"	"cellular_component///integral component of membrane///membrane"	"GO:0003674///GO:0005215"	"GO:0008150///GO:0008643///GO:0055085///GO:0006810"	"GO:0005575///GO:0016021///GO:0016020"
"1423251_at"	0.291280015662884	0.090181172147167	1.76719824969576	-5.27099032438393	0.251598466358979	"Luc7l2"	"LUC7-like 2 (S. cerevisiae)"	"192196"	"6"	"enzyme binding///mRNA binding///poly(A) RNA binding"	"mRNA splice site selection"	"U1 snRNP///nucleus"	"GO:0019899///GO:0003729///GO:0044822"	"GO:0006376"	"GO:0005685///GO:0005634"
"1425771_at"	0.327578736415084	0.10897574246426	1.66606999133	-5.42950582742988	0.111484845869301	"Akr1d1"	"aldo-keto reductase family 1, member D1"	"208665"	"6"	"3-oxo-5-beta-steroid 4-dehydrogenase activity///delta4-3-oxosteroid 5beta-reductase activity///oxidoreductase activity"	"C21-steroid hormone metabolic process///androgen metabolic process///bile acid biosynthetic process///bile acid catabolic process///cholesterol catabolic process///digestion///lipid catabolic process///lipid metabolic process///oxidation-reduction process///steroid metabolic process"	"cytoplasm///cytosol///extracellular vesicular exosome"	"GO:0047568///GO:0047787///GO:0016491"	"GO:0008207///GO:0008209///GO:0006699///GO:0030573///GO:0006707///GO:0007586///GO:0016042///GO:0006629///GO:0055114///GO:0008202"	"GO:0005737///GO:0005829///GO:0070062"
"1416367_at"	0.328421438049035	0.109403882257765	1.66394418347475	-5.4327598095872	0.239939184963911	"1110001J03Rik"	"RIKEN cDNA 1110001J03 gene"	"66117"	"6"	"molecular_function"	"biological_process"	"mitochondrion"	"GO:0003674"	"GO:0008150"	"GO:0005739"
"1422436_at"	0.328660272886114	0.109669630526393	1.66262820442725	-5.4347725467943	0.376620549870045	"2210010C04Rik"	"RIKEN cDNA 2210010C04 gene"	"67373"	"6"	"hydrolase activity///peptidase activity///serine-type peptidase activity"	"proteolysis"	""	"GO:0016787///GO:0008233///GO:0008236"	"GO:0006508"	""
"1452381_at"	0.33701845869173	0.11440991696328	-1.63959323410133	-5.46980013696172	-0.341179072887723	"Creb3l2"	"cAMP responsive element binding protein 3-like 2"	"208647"	"6"	"DNA binding///RNA polymerase II core promoter proximal region sequence-specific DNA binding///RNA polymerase II core promoter proximal region sequence-specific DNA binding transcription factor activity involved in positive regulation of transcription///cAMP response element binding///cAMP response element binding///sequence-specific DNA binding///sequence-specific DNA binding transcription factor activity///transcription regulatory region DNA binding///transcription regulatory region DNA binding"	"ER to Golgi vesicle-mediated transport///cartilage development///chondrocyte differentiation///positive regulation of transcription from RNA polymerase II promoter///positive regulation of transcription, DNA-templated///positive regulation of transcription, DNA-templated///regulation of transcription, DNA-templated///response to unfolded protein///transcription from RNA polymerase II promoter///transcription, DNA-templated"	"cell///endoplasmic reticulum///integral component of membrane///intracellular///membrane///nucleus"	"GO:0003677///GO:0000978///GO:0001077///GO:0035497///GO:0035497///GO:0043565///GO:0003700///GO:0044212///GO:0044212"	"GO:0006888///GO:0051216///GO:0002062///GO:0045944///GO:0045893///GO:0045893///GO:0006355///GO:0006986///GO:0006366///GO:0006351"	"GO:0005623///GO:0005783///GO:0016021///GO:0005622///GO:0016020///GO:0005634"
"1419615_at"	0.341270505479566	0.116924288803924	1.6276979726148	-5.48773690313402	0.41123451367697	"Trpv6"	"transient receptor potential cation channel, subfamily V, member 6"	"64177"	"6"	"calcium channel activity///calcium channel activity///calmodulin binding///ion channel activity"	"calcium ion import///calcium ion transmembrane transport///calcium ion transport///ion transport///transmembrane transport///transport"	"extracellular vesicular exosome///integral component of membrane///membrane///plasma membrane"	"GO:0005262///GO:0005262///GO:0005516///GO:0005216"	"GO:0070509///GO:0070588///GO:0006816///GO:0006811///GO:0055085///GO:0006810"	"GO:0070062///GO:0016021///GO:0016020///GO:0005886"
"1426772_x_at"	0.3568815764333	0.126184593452948	1.58565163208386	-5.55030253450734	0.12464586469647	"LOC665506///Trbv1///LOC381765///Tcrb-J"	"T-cell receptor beta-2 chain C region-like///T cell receptor beta, variable 1///uncharacterized LOC381765///T cell receptor beta, joining region"	"665506///621968///381765///21580"	"6///6 18.93 cM///6///"	"peptide antigen binding"	""	""	"GO:0042605"	""	""
"1452205_x_at"	0.375944088681728	0.136895754735647	1.5400960979505	-5.61659954464472	0.262790265224166	"LOC665506///Trbv1///LOC381765///Tcrb-J"	"T-cell receptor beta-2 chain C region-like///T cell receptor beta, variable 1///uncharacterized LOC381765///T cell receptor beta, joining region"	"665506///621968///381765///21580"	"6///6 18.93 cM///6///"	"peptide antigen binding"	""	""	"GO:0042605"	""	""
"1420359_at"	0.391632844796439	0.146252656705325	1.5026385801206	-5.66993092047519	0.322882561468206	"Sva"	"seminal vesicle antigen"	"20939"	"6"	""	"cellular response to steroid hormone stimulus"	"extracellular space///extracellular space"	""	"GO:0071383"	"GO:0005615///GO:0005615"
"1416834_x_at"	0.414674938148345	0.160107852013787	-1.450605884535	-5.74221531907986	-0.164851268224718	"Ndufb2"	"NADH dehydrogenase (ubiquinone) 1 beta subcomplex, 2"	"68198"	"6"	"molecular_function"	"biological_process///oxidation-reduction process///transport"	"membrane///mitochondrial inner membrane///mitochondrial respiratory chain complex I///mitochondrion///respiratory chain"	"GO:0003674"	"GO:0008150///GO:0055114///GO:0006810"	"GO:0016020///GO:0005743///GO:0005747///GO:0005739///GO:0070469"
"1455421_x_at"	0.444691383276586	0.17949997363498	1.38354851898095	-5.83222639524211	0.459111407493602	"Fam131b"	"family with sequence similarity 131, member B"	"76156"	"6"	"molecular_function"	"biological_process"	"cellular_component"	"GO:0003674"	"GO:0008150"	"GO:0005575"
"1424863_a_at"	0.482653311729379	0.205809133345385	-1.30118493421901	-5.93781709911382	-0.396962451897631	"Hipk2"	"homeodomain interacting protein kinase 2"	"15258"	"6 B"	"ATP binding///NOT DNA binding///RNA polymerase II activating transcription factor binding///contributes_to RNA polymerase II transcription coactivator activity///SMAD binding///kinase activity///nucleotide binding///protein binding///protein kinase activity///protein kinase activity///protein serine/threonine kinase activity///protein serine/threonine kinase activity///transcription corepressor activity///transcription corepressor activity///transferase activity///transferase activity, transferring phosphorus-containing groups///virion binding"	"DNA damage response, signal transduction by p53 class mediator resulting in transcription of p21 class mediator///SMAD protein signal transduction///adult locomotory behavior///adult walking behavior///anterior/posterior pattern specification///apoptotic process///cellular response to DNA damage stimulus///embryonic camera-type eye morphogenesis///embryonic retina morphogenesis in camera-type eye///intrinsic apoptotic signaling pathway in response to DNA damage by p53 class mediator///iris morphogenesis///lens induction in camera-type eye///negative regulation of BMP signaling pathway///negative regulation of neuron apoptotic process///negative regulation of transcription from RNA polymerase II promoter///neuron differentiation///peptidyl-serine phosphorylation///peptidyl-threonine phosphorylation///phosphorylation///positive regulation of DNA binding///positive regulation of JNK cascade///positive regulation of angiogenesis///positive regulation of cell proliferation///positive regulation of protein binding///positive regulation of protein phosphorylation///positive regulation of sequence-specific DNA binding transcription factor activity///positive regulation of transcription from RNA polymerase II promoter///positive regulation of transcription from RNA polymerase II promoter///positive regulation of transcription, DNA-templated///positive regulation of transforming growth factor beta receptor signaling pathway///protein phosphorylation///protein phosphorylation///protein phosphorylation///regulation of transcription, DNA-templated///retina layer formation///smoothened signaling pathway///transcription, DNA-templated///transforming growth factor beta receptor signaling pathway///voluntary musculoskeletal movement"	"colocalizes_with PML body///PML body///cytoplasm///intracellular///nuclear body///nucleus///nucleus"	"GO:0005524///NOT GO:0003677///GO:0001102///contributes_to GO:0001105///GO:0046332///GO:0016301///GO:0000166///GO:0005515///GO:0004672///GO:0004672///GO:0004674///GO:0004674///GO:0003714///GO:0003714///GO:0016740///GO:0016772///GO:0046790"	"GO:0006978///GO:0060395///GO:0008344///GO:0007628///GO:0009952///GO:0006915///GO:0006974///GO:0048596///GO:0060059///GO:0042771///GO:0061072///GO:0060235///GO:0030514///GO:0043524///GO:0000122///GO:0030182///GO:0018105///GO:0018107///GO:0016310///GO:0043388///GO:0046330///GO:0045766///GO:0008284///GO:0032092///GO:0001934///GO:0051091///GO:0045944///GO:0045944///GO:0045893///GO:0030511///GO:0006468///GO:0006468///GO:0006468///GO:0006355///GO:0010842///GO:0007224///GO:0006351///GO:0007179///GO:0050882"	"colocalizes_with GO:0016605///GO:0016605///GO:0005737///GO:0005622///GO:0016604///GO:0005634///GO:0005634"
"1449057_at"	0.527160192094293	0.237904743280952	1.21107820562636	-6.04689120209074	0.227380964757995	"Kel"	"Kell blood group"	"23925"	"6 19.86 cM"	"endopeptidase activity///hydrolase activity///metal ion binding///metalloendopeptidase activity///metallopeptidase activity///metallopeptidase activity///peptidase activity"	"cellular calcium ion homeostasis///cellular magnesium ion homeostasis///negative regulation of potassium ion transmembrane transport///proteolysis///regulation of axon diameter///regulation of cell size///skeletal muscle fiber development"	"integral component of membrane///membrane///membrane///plasma membrane"	"GO:0004175///GO:0016787///GO:0046872///GO:0004222///GO:0008237///GO:0008237///GO:0008233"	"GO:0006874///GO:0010961///GO:1901380///GO:0006508///GO:0031133///GO:0008361///GO:0048741"	"GO:0016021///GO:0016020///GO:0016020///GO:0005886"
"1427258_at"	0.535110680427659	0.244283488824242	-1.1942829957069	-6.06646203779907	-0.216820950648119	"Trim24"	"tripartite motif-containing 24"	"21848"	"6"	"DNA binding///UDP-N-acetylmuramoylalanyl-D-glutamyl-2,6-diaminopimelate-D-alanyl-D-alanine ligase activity///chromatin binding///chromatin binding///coenzyme F420-0 gamma-glutamyl ligase activity///coenzyme F420-2 alpha-glutamyl ligase activity///estrogen response element binding///ligand-dependent nuclear receptor binding///ligase activity///lysine-acetylated histone binding///metal ion binding///p53 binding///p53 binding///protein binding///protein kinase activity///protein-glutamic acid ligase activity///protein-glycine ligase activity///protein-glycine ligase activity, elongating///protein-glycine ligase activity, initiating///ribosomal S6-glutamic acid ligase activity///sequence-specific DNA binding///transcription coactivator activity///transcription coactivator activity///tubulin-glutamic acid ligase activity///tubulin-glycine ligase activity///ubiquitin-protein transferase activity///ubiquitin-protein transferase activity///zinc ion binding"	"calcium ion homeostasis///cellular response to estrogen stimulus///negative regulation of cell proliferation///negative regulation of cell proliferation///negative regulation of transcription, DNA-templated///positive regulation of gene expression///positive regulation of gene expression///positive regulation of transcription, DNA-templated///protein autophosphorylation///protein catabolic process///protein catabolic process///protein phosphorylation///protein ubiquitination///protein ubiquitination///regulation of RNA biosynthetic process///regulation of apoptotic process///regulation of protein stability///regulation of protein stability///regulation of signal transduction by p53 class mediator///regulation of transcription, DNA-templated///regulation of vitamin D receptor signaling pathway///transcription, DNA-templated"	"cytoplasm///intracellular///nuclear euchromatin///NOT nucleolus///nucleus///nucleus///perichromatin fibrils"	"GO:0003677///GO:0008766///GO:0003682///GO:0003682///GO:0043773///GO:0043774///GO:0034056///GO:0016922///GO:0016874///GO:0070577///GO:0046872///GO:0002039///GO:0002039///GO:0005515///GO:0004672///GO:0070739///GO:0070735///GO:0070737///GO:0070736///GO:0018169///GO:0043565///GO:0003713///GO:0003713///GO:0070740///GO:0070738///GO:0004842///GO:0004842///GO:0008270"	"GO:0055074///GO:0071391///GO:0008285///GO:0008285///GO:0045892///GO:0010628///GO:0010628///GO:0045893///GO:0046777///GO:0030163///GO:0030163///GO:0006468///GO:0016567///GO:0016567///GO:2001141///GO:0042981///GO:0031647///GO:0031647///GO:1901796///GO:0006355///GO:0070562///GO:0006351"	"GO:0005737///GO:0005622///GO:0005719///NOT GO:0005730///GO:0005634///GO:0005634///GO:0005726"
"1455504_a_at"	0.555215029825052	0.261264669961431	1.15111172856818	-6.11565537390569	0.28745320523376	"Mkrn1"	"makorin, ring finger protein, 1"	"54484"	"6"	"UDP-N-acetylmuramoylalanyl-D-glutamyl-2,6-diaminopimelate-D-alanyl-D-alanine ligase activity///chromatin binding///coenzyme F420-0 gamma-glutamyl ligase activity///coenzyme F420-2 alpha-glutamyl ligase activity///ligase activity///metal ion binding///poly(A) RNA binding///protein-glutamic acid ligase activity///protein-glycine ligase activity///protein-glycine ligase activity, elongating///protein-glycine ligase activity, initiating///ribosomal S6-glutamic acid ligase activity///tubulin-glutamic acid ligase activity///tubulin-glycine ligase activity///ubiquitin-protein transferase activity///zinc ion binding"	"protein polyubiquitination"	""	"GO:0008766///GO:0003682///GO:0043773///GO:0043774///GO:0016874///GO:0046872///GO:0044822///GO:0070739///GO:0070735///GO:0070737///GO:0070736///GO:0018169///GO:0070740///GO:0070738///GO:0004842///GO:0008270"	"GO:0000209"	""
"1425693_at"	0.564904713035333	0.268595637887126	1.13311315652328	-6.13568778329736	0.128573831776776	"Braf"	"Braf transforming gene"	"109880"	"6 18.43 cM"	"ATP binding///MAP kinase kinase kinase activity///calcium ion binding///identical protein binding///kinase activity///metal ion binding///mitogen-activated protein kinase kinase binding///nucleotide binding///protein binding///protein heterodimerization activity///protein kinase activity///protein kinase activity///protein serine/threonine kinase activity///receptor signaling protein activity///transferase activity///transferase activity, transferring phosphorus-containing groups"	"CD4-positive, alpha-beta T cell differentiation///MAPK cascade///activation of MAPKK activity///alpha-beta T cell differentiation///cell differentiation///cellular response to calcium ion///cellular response to drug///intracellular signal transduction///long-term synaptic potentiation///myeloid progenitor cell differentiation///negative regulation of apoptotic process///negative regulation of endothelial cell apoptotic process///negative regulation of fibroblast migration///negative regulation of neuron apoptotic process///negative regulation of neuron apoptotic process///negative regulation of synaptic vesicle exocytosis///phosphorylation///positive T cell selection///positive regulation of ERK1 and ERK2 cascade///positive regulation of ERK1 and ERK2 cascade///positive regulation of ERK1 and ERK2 cascade///positive regulation of gene expression///positive regulation of peptidyl-serine phosphorylation///positive regulation of stress fiber assembly///positive regulation of stress fiber assembly///positive regulation of substrate adhesion-dependent cell spreading///protein heterooligomerization///protein phosphorylation///protein phosphorylation///regulation of cell proliferation///response to cAMP///response to peptide hormone///signal transduction///somatic stem cell maintenance///visual learning"	"cell body///cytoplasm///membrane///mitochondrion///neuron projection///neuron projection///nucleus///plasma membrane"	"GO:0005524///GO:0004709///GO:0005509///GO:0042802///GO:0016301///GO:0046872///GO:0031434///GO:0000166///GO:0005515///GO:0046982///GO:0004672///GO:0004672///GO:0004674///GO:0005057///GO:0016740///GO:0016772"	"GO:0043367///GO:0000165///GO:0000186///GO:0046632///GO:0030154///GO:0071277///GO:0035690///GO:0035556///GO:0060291///GO:0002318///GO:0043066///GO:2000352///GO:0010764///GO:0043524///GO:0043524///GO:2000301///GO:0016310///GO:0043368///GO:0070374///GO:0070374///GO:0070374///GO:0010628///GO:0033138///GO:0051496///GO:0051496///GO:1900026///GO:0051291///GO:0006468///GO:0006468///GO:0042127///GO:0051591///GO:0043434///GO:0007165///GO:0035019///GO:0008542"	"GO:0044297///GO:0005737///GO:0016020///GO:0005739///GO:0043005///GO:0043005///GO:0005634///GO:0005886"
"1416497_at"	0.568606594757052	0.271587177120987	1.12587178003533	-6.14366774510634	0.258690927155664	"Pdia4"	"protein disulfide isomerase associated 4"	"12304"	"6 22.94 cM"	"isomerase activity///poly(A) RNA binding///protein disulfide isomerase activity///protein disulfide isomerase activity"	"cell redox homeostasis///chaperone-mediated protein folding///protein folding///response to endoplasmic reticulum stress"	"cell surface///cell surface///endoplasmic reticulum///endoplasmic reticulum lumen///smooth endoplasmic reticulum"	"GO:0016853///GO:0044822///GO:0003756///GO:0003756"	"GO:0045454///GO:0061077///GO:0006457///GO:0034976"	"GO:0009986///GO:0009986///GO:0005783///GO:0005788///GO:0005790"
"1435507_x_at"	0.57112754643179	0.273527408857663	1.12120626909118	-6.1487848248028	0.278684401687769	"Prss2"	"protease, serine 2"	"22072"	"6"	"calcium ion binding///catalytic activity///hydrolase activity///metal ion binding///peptidase activity///serine-type endopeptidase activity///serine-type peptidase activity"	"collagen catabolic process///digestion///proteolysis///response to caffeine///response to nicotine"	"extracellular region///extracellular space"	"GO:0005509///GO:0003824///GO:0016787///GO:0046872///GO:0008233///GO:0004252///GO:0008236"	"GO:0030574///GO:0007586///GO:0006508///GO:0031000///GO:0035094"	"GO:0005576///GO:0005615"
"1427359_at"	0.651567730068349	0.350146381592021	0.953290955110477	-6.32006832129973	0.401234633660422	"Kdm7a"	"lysine (K)-specific demethylase 7A"	"338523"	"6"	"2,4-dichlorophenoxyacetate alpha-ketoglutarate dioxygenase activity///C-19 gibberellin 2-beta-dioxygenase activity///C-20 gibberellin 2-beta-dioxygenase activity///DNA-N1-methyladenine dioxygenase activity///dioxygenase activity///histone demethylase activity (H3-K27 specific)///histone demethylase activity (H3-K27 specific)///histone demethylase activity (H3-K36 specific)///histone demethylase activity (H3-K9 specific)///histone demethylase activity (H3-K9 specific)///histone demethylase activity (H4-K20 specific)///hypophosphite dioxygenase activity///iron ion binding///metal ion binding///methylated histone binding///oxidoreductase activity///oxidoreductase activity, acting on paired donors, with incorporation or reduction of molecular oxygen, 2-oxoglutarate as one donor, and incorporation of one atom each of oxygen into both donors///procollagen-proline dioxygenase activity///sulfonate dioxygenase activity///zinc ion binding"	"chromatin modification///histone H3-K27 demethylation///histone H3-K27 demethylation///histone H3-K36 demethylation///histone H3-K9 demethylation///histone H3-K9 demethylation///histone H4-K20 demethylation///nervous system development///oxidation-reduction process///positive regulation of transcription, DNA-templated///regulation of transcription, DNA-templated///transcription, DNA-templated"	"nucleus"	"GO:0018602///GO:0052634///GO:0052635///GO:0043734///GO:0051213///GO:0071558///GO:0071558///GO:0051864///GO:0032454///GO:0032454///GO:0035575///GO:0034792///GO:0005506///GO:0046872///GO:0035064///GO:0016491///GO:0016706///GO:0019798///GO:0000907///GO:0008270"	"GO:0016568///GO:0071557///GO:0071557///GO:0070544///GO:0033169///GO:0033169///GO:0035574///GO:0007399///GO:0055114///GO:0045893///GO:0006355///GO:0006351"	"GO:0005634"
"1418434_at"	0.657231279174838	0.355924805453469	0.941704719721062	-6.33094715544198	0.119992448429649	"Mkrn1"	"makorin, ring finger protein, 1"	"54484"	"6"	"UDP-N-acetylmuramoylalanyl-D-glutamyl-2,6-diaminopimelate-D-alanyl-D-alanine ligase activity///chromatin binding///coenzyme F420-0 gamma-glutamyl ligase activity///coenzyme F420-2 alpha-glutamyl ligase activity///ligase activity///metal ion binding///poly(A) RNA binding///protein-glutamic acid ligase activity///protein-glycine ligase activity///protein-glycine ligase activity, elongating///protein-glycine ligase activity, initiating///ribosomal S6-glutamic acid ligase activity///tubulin-glutamic acid ligase activity///tubulin-glycine ligase activity///ubiquitin-protein transferase activity///zinc ion binding"	"protein polyubiquitination"	""	"GO:0008766///GO:0003682///GO:0043773///GO:0043774///GO:0016874///GO:0046872///GO:0044822///GO:0070739///GO:0070735///GO:0070737///GO:0070736///GO:0018169///GO:0070740///GO:0070738///GO:0004842///GO:0008270"	"GO:0000209"	""
"1424761_at"	0.660495677804225	0.359387018436327	0.934823137041557	-6.33735024631291	0.17588259831729	"Fam115c"	"family with sequence similarity 115, member C"	"232748"	"6"	"molecular_function"	"hematopoietic progenitor cell differentiation"	"cellular_component"	"GO:0003674"	"GO:0002244"	"GO:0005575"
"1451425_a_at"	0.671035411590383	0.370780726407804	-0.912484283505447	-6.35783523182206	-0.190000682076541	"Mkrn1"	"makorin, ring finger protein, 1"	"54484"	"6"	"UDP-N-acetylmuramoylalanyl-D-glutamyl-2,6-diaminopimelate-D-alanyl-D-alanine ligase activity///chromatin binding///coenzyme F420-0 gamma-glutamyl ligase activity///coenzyme F420-2 alpha-glutamyl ligase activity///ligase activity///metal ion binding///poly(A) RNA binding///protein-glutamic acid ligase activity///protein-glycine ligase activity///protein-glycine ligase activity, elongating///protein-glycine ligase activity, initiating///ribosomal S6-glutamic acid ligase activity///tubulin-glutamic acid ligase activity///tubulin-glycine ligase activity///ubiquitin-protein transferase activity///zinc ion binding"	"protein polyubiquitination"	""	"GO:0008766///GO:0003682///GO:0043773///GO:0043774///GO:0016874///GO:0046872///GO:0044822///GO:0070739///GO:0070735///GO:0070737///GO:0070736///GO:0018169///GO:0070740///GO:0070738///GO:0004842///GO:0008270"	"GO:0000209"	""
"1419564_at"	0.70731241066161	0.40881675697485	-0.841014044662004	-6.4202625356713	-0.565035985475328	"Zfp467"	"zinc finger protein 467"	"68910"	"6"	"DNA binding///metal ion binding///nucleic acid binding///protein binding"	"regulation of transcription, DNA-templated///transcription, DNA-templated"	"nucleus"	"GO:0003677///GO:0046872///GO:0003676///GO:0005515"	"GO:0006355///GO:0006351"	"GO:0005634"
"1424297_at"	0.717721980957139	0.422905924605347	-0.815623608419523	-6.44128873033105	-0.0984200447675911	"Zfp282"	"zinc finger protein 282"	"101095"	"6"	"metal ion binding///molecular_function"	"biological_process"	"cellular_component"	"GO:0046872///GO:0003674"	"GO:0008150"	"GO:0005575"
"1433459_x_at"	0.741865267088642	0.454407449777222	0.760690817200505	-6.48469071462876	0.19882340193123	"Prss2"	"protease, serine 2"	"22072"	"6"	"calcium ion binding///catalytic activity///hydrolase activity///metal ion binding///peptidase activity///serine-type endopeptidase activity///serine-type peptidase activity"	"collagen catabolic process///digestion///proteolysis///response to caffeine///response to nicotine"	"extracellular region///extracellular space"	"GO:0005509///GO:0003824///GO:0016787///GO:0046872///GO:0008233///GO:0004252///GO:0008236"	"GO:0030574///GO:0007586///GO:0006508///GO:0031000///GO:0035094"	"GO:0005576///GO:0005615"
"1427173_a_at"	0.744580006810985	0.458414007211931	0.753871836806838	-6.48987783132509	0.0678821745546294	"Mrps33"	"mitochondrial ribosomal protein S33"	"14548"	"6"	"molecular_function"	"biological_process"	"mitochondrion///ribonucleoprotein complex///ribosome"	"GO:0003674"	"GO:0008150"	"GO:0005739///GO:0030529///GO:0005840"
"1425983_x_at"	0.769866143245454	0.491140733948242	-0.699444016600674	-6.52968108640926	-0.195931664352326	"Hipk2"	"homeodomain interacting protein kinase 2"	"15258"	"6 B"	"ATP binding///NOT DNA binding///RNA polymerase II activating transcription factor binding///contributes_to RNA polymerase II transcription coactivator activity///SMAD binding///kinase activity///nucleotide binding///protein binding///protein kinase activity///protein kinase activity///protein serine/threonine kinase activity///protein serine/threonine kinase activity///transcription corepressor activity///transcription corepressor activity///transferase activity///transferase activity, transferring phosphorus-containing groups///virion binding"	"DNA damage response, signal transduction by p53 class mediator resulting in transcription of p21 class mediator///SMAD protein signal transduction///adult locomotory behavior///adult walking behavior///anterior/posterior pattern specification///apoptotic process///cellular response to DNA damage stimulus///embryonic camera-type eye morphogenesis///embryonic retina morphogenesis in camera-type eye///intrinsic apoptotic signaling pathway in response to DNA damage by p53 class mediator///iris morphogenesis///lens induction in camera-type eye///negative regulation of BMP signaling pathway///negative regulation of neuron apoptotic process///negative regulation of transcription from RNA polymerase II promoter///neuron differentiation///peptidyl-serine phosphorylation///peptidyl-threonine phosphorylation///phosphorylation///positive regulation of DNA binding///positive regulation of JNK cascade///positive regulation of angiogenesis///positive regulation of cell proliferation///positive regulation of protein binding///positive regulation of protein phosphorylation///positive regulation of sequence-specific DNA binding transcription factor activity///positive regulation of transcription from RNA polymerase II promoter///positive regulation of transcription from RNA polymerase II promoter///positive regulation of transcription, DNA-templated///positive regulation of transforming growth factor beta receptor signaling pathway///protein phosphorylation///protein phosphorylation///protein phosphorylation///regulation of transcription, DNA-templated///retina layer formation///smoothened signaling pathway///transcription, DNA-templated///transforming growth factor beta receptor signaling pathway///voluntary musculoskeletal movement"	"colocalizes_with PML body///PML body///cytoplasm///intracellular///nuclear body///nucleus///nucleus"	"GO:0005524///NOT GO:0003677///GO:0001102///contributes_to GO:0001105///GO:0046332///GO:0016301///GO:0000166///GO:0005515///GO:0004672///GO:0004672///GO:0004674///GO:0004674///GO:0003714///GO:0003714///GO:0016740///GO:0016772///GO:0046790"	"GO:0006978///GO:0060395///GO:0008344///GO:0007628///GO:0009952///GO:0006915///GO:0006974///GO:0048596///GO:0060059///GO:0042771///GO:0061072///GO:0060235///GO:0030514///GO:0043524///GO:0000122///GO:0030182///GO:0018105///GO:0018107///GO:0016310///GO:0043388///GO:0046330///GO:0045766///GO:0008284///GO:0032092///GO:0001934///GO:0051091///GO:0045944///GO:0045944///GO:0045893///GO:0030511///GO:0006468///GO:0006468///GO:0006468///GO:0006355///GO:0010842///GO:0007224///GO:0006351///GO:0007179///GO:0050882"	"colocalizes_with GO:0016605///GO:0016605///GO:0005737///GO:0005622///GO:0016604///GO:0005634///GO:0005634"
"1416544_at"	0.779855141238152	0.504326712611525	-0.678107351258295	-6.54450510466396	-0.211163177847743	"Ezh2"	"enhancer of zeste homolog 2 (Drosophila)"	"14056"	"6 22.92 cM"	"RNA binding///RNA binding///chromatin DNA binding///chromatin binding///chromatin binding///core promoter binding///core promoter binding///histone methyltransferase activity///histone methyltransferase activity///histone-lysine N-methyltransferase activity///methyltransferase activity///protein binding///regulatory region DNA binding///sequence-specific DNA binding///transferase activity"	"DNA methylation///G1 to G0 transition///cellular response to hydrogen peroxide///cerebellar cortex development///chromatin modification///histone H3-K27 methylation///histone H3-K27 methylation///histone methylation///methylation///negative regulation of G1/S transition of mitotic cell cycle///negative regulation of epidermal cell differentiation///negative regulation of gene expression///negative regulation of gene expression, epigenetic///negative regulation of retinoic acid receptor signaling pathway///negative regulation of striated muscle cell differentiation///negative regulation of transcription elongation from RNA polymerase II promoter///negative regulation of transcription from RNA polymerase II promoter///negative regulation of transcription from RNA polymerase II promoter///negative regulation of transcription, DNA-templated///positive regulation of MAP kinase activity///positive regulation of Ras GTPase activity///positive regulation of epithelial to mesenchymal transition///positive regulation of protein serine/threonine kinase activity///protein localization to chromatin///regulation of cell proliferation///regulation of circadian rhythm///regulation of circadian rhythm///regulation of gene expression///regulation of gliogenesis///regulation of neurogenesis///regulation of protein phosphorylation///regulation of transcription from RNA polymerase II promoter///regulation of transcription, DNA-templated///skeletal muscle satellite cell maintenance involved in skeletal muscle regeneration///transcription, DNA-templated"	"ESC/E(Z) complex///ESC/E(Z) complex///chromosome///cytoplasm///colocalizes_with nuclear chromatin///nuclear chromatin///nucleus///nucleus///pronucleus"	"GO:0003723///GO:0003723///GO:0031490///GO:0003682///GO:0003682///GO:0001047///GO:0001047///GO:0042054///GO:0042054///GO:0018024///GO:0008168///GO:0005515///GO:0000975///GO:0043565///GO:0016740"	"GO:0006306///GO:0070314///GO:0070301///GO:0021695///GO:0016568///GO:0070734///GO:0070734///GO:0016571///GO:0032259///GO:2000134///GO:0045605///GO:0010629///GO:0045814///GO:0048387///GO:0051154///GO:0034244///GO:0000122///GO:0000122///GO:0045892///GO:0043406///GO:0032320///GO:0010718///GO:0071902///GO:0071168///GO:0042127///GO:0042752///GO:0042752///GO:0010468///GO:0014013///GO:0050767///GO:0001932///GO:0006357///GO:0006355///GO:0014834///GO:0006351"	"GO:0035098///GO:0035098///GO:0005694///GO:0005737///colocalizes_with GO:0000790///GO:0000790///GO:0005634///GO:0005634///GO:0045120"
"1427965_at"	0.785339554811019	0.513250822328332	-0.663844597851346	-6.55416822526256	-0.106264789406364	"Ssbp1"	"single-stranded DNA binding protein 1"	"381760"	"6 B2"	"DNA binding///chromatin binding///poly(A) RNA binding///single-stranded DNA binding"	"DNA replication///mitochondrion morphogenesis///positive regulation of helicase activity"	"extracellular vesicular exosome///mitochondrial nucleoid///mitochondrion///mitochondrion///nucleus"	"GO:0003677///GO:0003682///GO:0044822///GO:0003697"	"GO:0006260///GO:0070584///GO:0051096"	"GO:0070062///GO:0042645///GO:0005739///GO:0005739///GO:0005634"
"1450809_at"	0.799794006227509	0.538605513513647	0.624051259458059	-6.5800810797643	0.104593687707129	"Sval2"	"seminal vesicle antigen-like 2"	"84543"	"6"	"molecular_function"	"biological_process"	"cellular_component"	"GO:0003674"	"GO:0008150"	"GO:0005575"
"1427614_at"	0.808600622684223	0.553952091375344	-0.600452525413421	-6.59471668225589	-0.186747765036306	"Pip"	"prolactin induced protein"	"18716"	"6 20.05 cM"	"IgG binding///aspartic-type endopeptidase activity///glycoprotein binding///protein binding///protein dimerization activity"	"detection of chemical stimulus involved in sensory perception of bitter taste///negative regulation of T cell apoptotic process///positive regulation of gene expression///proteolysis///regulation of immune system process"	"apical plasma membrane///extracellular region///extracellular space///extracellular vesicular exosome///nucleus"	"GO:0019864///GO:0004190///GO:0001948///GO:0005515///GO:0046983"	"GO:0001580///GO:0070233///GO:0010628///GO:0006508///GO:0002682"	"GO:0016324///GO:0005576///GO:0005615///GO:0070062///GO:0005634"
"1425226_x_at"	0.812333544080244	0.560847975951683	0.589960144299741	-6.60104830116564	0.03988036878386	"LOC665506"	"T-cell receptor beta-2 chain C region-like"	"665506"	"6"	""	""	""	""	""	""
"1455100_at"	0.822161071047696	0.585378956296053	0.553159371453638	-6.62239816891178	0.180221418667528	"Akr1d1"	"aldo-keto reductase family 1, member D1"	"208665"	"6"	"3-oxo-5-beta-steroid 4-dehydrogenase activity///delta4-3-oxosteroid 5beta-reductase activity///oxidoreductase activity"	"C21-steroid hormone metabolic process///androgen metabolic process///bile acid biosynthetic process///bile acid catabolic process///cholesterol catabolic process///digestion///lipid catabolic process///lipid metabolic process///oxidation-reduction process///steroid metabolic process"	"cytoplasm///cytosol///extracellular vesicular exosome"	"GO:0047568///GO:0047787///GO:0016491"	"GO:0008207///GO:0008209///GO:0006699///GO:0030573///GO:0006707///GO:0007586///GO:0016042///GO:0006629///GO:0055114///GO:0008202"	"GO:0005737///GO:0005829///GO:0070062"
"1425854_x_at"	0.829723891407277	0.598731635066146	0.533450530116001	-6.63328164619906	0.130678397079255	"LOC665506"	"T-cell receptor beta-2 chain C region-like"	"665506"	"6"	""	""	""	""	""	""
"1451292_at"	0.829757315076803	0.598865771908609	0.533253632917972	-6.63338843269961	0.0842763460990739	"Zfp212"	"Zinc finger protein 212"	"232784"	"6"	"identical protein binding///metal ion binding"	"biological_process"	"cellular_component"	"GO:0042802///GO:0046872"	"GO:0008150"	"GO:0005575"
"1422030_at"	0.841244682480412	0.623371870599624	0.497626685852364	-6.65207637441642	0.0296250624570147	"Atp6v0a4"	"ATPase, H+ transporting, lysosomal V0 subunit A4"	"140494"	"6"	"ATPase binding///hydrogen ion transmembrane transporter activity///hydrogen-exporting ATPase activity, phosphorylative mechanism"	"ATP catabolic process///ATP hydrolysis coupled proton transport///ATP hydrolysis coupled proton transport///excretion///ion transport///ossification///proton transport///regulation of pH///sensory perception of sound///transport"	"apical part of cell///apical part of cell///apical plasma membrane///apical plasma membrane///brush border///brush border membrane///endosome///extracellular vesicular exosome///integral component of membrane///lysosomal membrane///membrane///plasma membrane///proton-transporting V-type ATPase, V0 domain///vacuolar proton-transporting V-type ATPase complex///vacuolar proton-transporting V-type ATPase complex///colocalizes_with vacuolar proton-transporting V-type ATPase complex///vacuolar proton-transporting V-type ATPase, V0 domain"	"GO:0051117///GO:0015078///GO:0008553"	"GO:0006200///GO:0015991///GO:0015991///GO:0007588///GO:0006811///GO:0001503///GO:0015992///GO:0006885///GO:0007605///GO:0006810"	"GO:0045177///GO:0045177///GO:0016324///GO:0016324///GO:0005903///GO:0031526///GO:0005768///GO:0070062///GO:0016021///GO:0005765///GO:0016020///GO:0005886///GO:0033179///GO:0016471///GO:0016471///colocalizes_with GO:0016471///GO:0000220"
"1434853_x_at"	0.847387132133003	0.635272380159145	-0.480560776325884	-6.66058032492995	-0.0952597062034002	"Mkrn1"	"makorin, ring finger protein, 1"	"54484"	"6"	"UDP-N-acetylmuramoylalanyl-D-glutamyl-2,6-diaminopimelate-D-alanyl-D-alanine ligase activity///chromatin binding///coenzyme F420-0 gamma-glutamyl ligase activity///coenzyme F420-2 alpha-glutamyl ligase activity///ligase activity///metal ion binding///poly(A) RNA binding///protein-glutamic acid ligase activity///protein-glycine ligase activity///protein-glycine ligase activity, elongating///protein-glycine ligase activity, initiating///ribosomal S6-glutamic acid ligase activity///tubulin-glutamic acid ligase activity///tubulin-glycine ligase activity///ubiquitin-protein transferase activity///zinc ion binding"	"protein polyubiquitination"	""	"GO:0008766///GO:0003682///GO:0043773///GO:0043774///GO:0016874///GO:0046872///GO:0044822///GO:0070739///GO:0070735///GO:0070737///GO:0070736///GO:0018169///GO:0070740///GO:0070738///GO:0004842///GO:0008270"	"GO:0000209"	""
"1416211_a_at"	0.852765287168316	0.647797500212768	0.462753780064157	-6.66914334159535	0.0341115739027349	"Ptn"	"pleiotrophin"	"19242"	"6 15.48 cM"	"growth factor activity///heparin binding"	"bone mineralization///learning///ossification///positive regulation of cell division"	"endoplasmic reticulum///extracellular region///proteinaceous extracellular matrix"	"GO:0008083///GO:0008201"	"GO:0030282///GO:0007612///GO:0001503///GO:0051781"	"GO:0005783///GO:0005576///GO:0005578"
"1427259_at"	0.854195641766877	0.651058476223315	-0.458142637159275	-6.67130902055227	-0.0777583481711615	"Trim24"	"tripartite motif-containing 24"	"21848"	"6"	"DNA binding///UDP-N-acetylmuramoylalanyl-D-glutamyl-2,6-diaminopimelate-D-alanyl-D-alanine ligase activity///chromatin binding///chromatin binding///coenzyme F420-0 gamma-glutamyl ligase activity///coenzyme F420-2 alpha-glutamyl ligase activity///estrogen response element binding///ligand-dependent nuclear receptor binding///ligase activity///lysine-acetylated histone binding///metal ion binding///p53 binding///p53 binding///protein binding///protein kinase activity///protein-glutamic acid ligase activity///protein-glycine ligase activity///protein-glycine ligase activity, elongating///protein-glycine ligase activity, initiating///ribosomal S6-glutamic acid ligase activity///sequence-specific DNA binding///transcription coactivator activity///transcription coactivator activity///tubulin-glutamic acid ligase activity///tubulin-glycine ligase activity///ubiquitin-protein transferase activity///ubiquitin-protein transferase activity///zinc ion binding"	"calcium ion homeostasis///cellular response to estrogen stimulus///negative regulation of cell proliferation///negative regulation of cell proliferation///negative regulation of transcription, DNA-templated///positive regulation of gene expression///positive regulation of gene expression///positive regulation of transcription, DNA-templated///protein autophosphorylation///protein catabolic process///protein catabolic process///protein phosphorylation///protein ubiquitination///protein ubiquitination///regulation of RNA biosynthetic process///regulation of apoptotic process///regulation of protein stability///regulation of protein stability///regulation of signal transduction by p53 class mediator///regulation of transcription, DNA-templated///regulation of vitamin D receptor signaling pathway///transcription, DNA-templated"	"cytoplasm///intracellular///nuclear euchromatin///NOT nucleolus///nucleus///nucleus///perichromatin fibrils"	"GO:0003677///GO:0008766///GO:0003682///GO:0003682///GO:0043773///GO:0043774///GO:0034056///GO:0016922///GO:0016874///GO:0070577///GO:0046872///GO:0002039///GO:0002039///GO:0005515///GO:0004672///GO:0070739///GO:0070735///GO:0070737///GO:0070736///GO:0018169///GO:0043565///GO:0003713///GO:0003713///GO:0070740///GO:0070738///GO:0004842///GO:0004842///GO:0008270"	"GO:0055074///GO:0071391///GO:0008285///GO:0008285///GO:0045892///GO:0010628///GO:0010628///GO:0045893///GO:0046777///GO:0030163///GO:0030163///GO:0006468///GO:0016567///GO:0016567///GO:2001141///GO:0042981///GO:0031647///GO:0031647///GO:1901796///GO:0006355///GO:0070562///GO:0006351"	"GO:0005737///GO:0005622///GO:0005719///NOT GO:0005730///GO:0005634///GO:0005634///GO:0005726"
"1450758_at"	0.855308694133033	0.653921366814499	0.454102686528823	-6.673188925928	0.0955548114507341	"Cntnap2"	"contactin associated protein-like 2"	"66797"	"6 B2"	"enzyme binding///protease binding///protein binding"	"adult behavior///cell adhesion///cellular protein localization///clustering of voltage-gated potassium channels///learning///neuron projection development///neuron recognition///protein localization to juxtaparanode region of axon///social behavior///vocalization behavior"	"Golgi apparatus///axolemma///cell surface///early endosome///integral component of membrane///juxtaparanode region of axon///membrane///colocalizes_with voltage-gated potassium channel complex///voltage-gated potassium channel complex"	"GO:0019899///GO:0002020///GO:0005515"	"GO:0030534///GO:0007155///GO:0034613///GO:0045163///GO:0007612///GO:0031175///GO:0008038///GO:0071205///GO:0035176///GO:0071625"	"GO:0005794///GO:0030673///GO:0009986///GO:0005769///GO:0016021///GO:0044224///GO:0016020///colocalizes_with GO:0008076///GO:0008076"
"1424298_at"	0.855661396568141	0.654736398779468	0.452953961369033	-6.67372047416952	0.174318259850153	"Zfp282"	"zinc finger protein 282"	"101095"	"6"	"metal ion binding///molecular_function"	"biological_process"	"cellular_component"	"GO:0046872///GO:0003674"	"GO:0008150"	"GO:0005575"
"1425388_a_at"	0.877253499189313	0.701297531671784	0.38828911697893	-6.70150459956374	0.0521672766079657	"Tpk1"	"thiamine pyrophosphokinase"	"29807"	"6 B2"	"ATP binding///kinase activity///nucleotide binding///thiamine binding///thiamine diphosphokinase activity///transferase activity"	"phosphorylation///thiamine diphosphate biosynthetic process///thiamine metabolic process"	""	"GO:0005524///GO:0016301///GO:0000166///GO:0030975///GO:0004788///GO:0016740"	"GO:0016310///GO:0009229///GO:0006772"	""
"1420279_at"	0.877739513618558	0.702667437595359	0.386413133164347	-6.70224777231175	0.0783992801670146	"Prss58"	"protease, serine 58"	"232717"	"6"	"catalytic activity///hydrolase activity///peptidase activity///serine-type endopeptidase activity///serine-type peptidase activity"	"proteolysis"	"cellular_component///extracellular region"	"GO:0003824///GO:0016787///GO:0008233///GO:0004252///GO:0008236"	"GO:0006508"	"GO:0005575///GO:0005576"
"1432301_a_at"	0.885364204204494	0.720719629103638	0.361820200205203	-6.71166141999064	0.17575237399021	"1700074P13Rik"	"RIKEN cDNA 1700074P13 gene"	"73481"	"6"	"molecular_function"	"biological_process"	"Golgi apparatus"	"GO:0003674"	"GO:0008150"	"GO:0005794"
"1448254_at"	0.88695160341668	0.724504531704547	0.356693087775459	-6.71354690763968	0.0830709756233157	"Ptn"	"pleiotrophin"	"19242"	"6 15.48 cM"	"growth factor activity///heparin binding"	"bone mineralization///learning///ossification///positive regulation of cell division"	"endoplasmic reticulum///extracellular region///proteinaceous extracellular matrix"	"GO:0008083///GO:0008201"	"GO:0030282///GO:0007612///GO:0001503///GO:0051781"	"GO:0005783///GO:0005576///GO:0005578"
"1422682_s_at"	0.888456558500097	0.726911862943242	0.353437124004438	-6.71473046527163	0.0561216392310731	"Gm10334///Gm5771///Prss1///Prss3"	"predicted gene 10334///predicted gene 5771///protease, serine 1 (trypsin 1)///protease, serine 3"	"100040233///436523///114228///22073"	"6///6///6 19.6 cM///6"	"hydrolase activity///molecular_function///peptidase activity///serine-type peptidase activity///hydrolase activity///molecular_function///peptidase activity///serine-type peptidase activity///hydrolase activity///peptidase activity///serine-type peptidase activity///hydrolase activity///peptidase activity///serine-type peptidase activity"	"biological_process///proteolysis///biological_process///proteolysis///proteolysis///proteolysis"	"cellular_component///cellular_component"	"GO:0016787///GO:0003674///GO:0008233///GO:0008236///GO:0016787///GO:0003674///GO:0008233///GO:0008236///GO:0016787///GO:0008233///GO:0008236///GO:0016787///GO:0008233///GO:0008236"	"GO:0008150///GO:0006508///GO:0008150///GO:0006508///GO:0006508///GO:0006508"	"GO:0005575///GO:0005575"
"1449056_at"	0.890080430360699	0.73281287483029	-0.345472213062339	-6.71758047912889	-0.11709900433789	"E330009J07Rik"	"RIKEN cDNA E330009J07 gene"	"243780"	"6"	"molecular_function"	"biological_process"	"cellular_component"	"GO:0003674"	"GO:0008150"	"GO:0005575"
"1448165_at"	0.893178852520541	0.739025956777029	0.337110571759591	-6.7205032653075	0.0406737476419909	"Casp2"	"caspase 2"	"12366"	"6 20.54 cM"	"cysteine-type endopeptidase activity///cysteine-type endopeptidase activity involved in apoptotic process///cysteine-type peptidase activity///hydrolase activity///peptidase activity///protein binding///protein domain specific binding"	"DNA damage response, signal transduction by p53 class mediator resulting in cell cycle arrest///apoptotic process///apoptotic signaling pathway///ectopic germ cell programmed cell death///extrinsic apoptotic signaling pathway in absence of ligand///intrinsic apoptotic signaling pathway in response to DNA damage///negative regulation of apoptotic process///positive regulation of apoptotic process///positive regulation of apoptotic process///positive regulation of apoptotic signaling pathway///positive regulation of neuron apoptotic process///protein processing///proteolysis///proteolysis///regulation of apoptotic process"	"cytoplasm///intracellular///membrane///mitochondrion///nucleus"	"GO:0004197///GO:0097153///GO:0008234///GO:0016787///GO:0008233///GO:0005515///GO:0019904"	"GO:0006977///GO:0006915///GO:0097190///GO:0035234///GO:0097192///GO:0008630///GO:0043066///GO:0043065///GO:0043065///GO:2001235///GO:0043525///GO:0016485///GO:0006508///GO:0006508///GO:0042981"	"GO:0005737///GO:0005622///GO:0016020///GO:0005739///GO:0005634"
"1416827_at"	0.895407311509062	0.743970166044933	0.330474053109067	-6.72277256179865	0.0337293141213646	"Tbxas1"	"thromboxane A synthase 1, platelet"	"21391"	"6 17.85 cM"	"heme binding///iron ion binding///isomerase activity///metal ion binding///monooxygenase activity///oxidoreductase activity///oxidoreductase activity, acting on paired donors, with incorporation or reduction of molecular oxygen///thromboxane-A synthase activity"	"cellular chloride ion homeostasis///fatty acid biosynthetic process///fatty acid metabolic process///lipid metabolic process///oxidation-reduction process///positive regulation of vasoconstriction///prostaglandin biosynthetic process///prostaglandin metabolic process"	"cell///endoplasmic reticulum///integral component of membrane///membrane"	"GO:0020037///GO:0005506///GO:0016853///GO:0046872///GO:0004497///GO:0016491///GO:0016705///GO:0004796"	"GO:0030644///GO:0006633///GO:0006631///GO:0006629///GO:0055114///GO:0045907///GO:0001516///GO:0006693"	"GO:0005623///GO:0005783///GO:0016021///GO:0016020"
"1422434_a_at"	0.898242318431312	0.750321745706346	0.321970512174955	-6.72561493417066	0.11168860951322	"2210010C04Rik"	"RIKEN cDNA 2210010C04 gene"	"67373"	"6"	"hydrolase activity///peptidase activity///serine-type peptidase activity"	"proteolysis"	""	"GO:0016787///GO:0008233///GO:0008236"	"GO:0006508"	""
"1432400_at"	0.899997059554316	0.754138619290057	0.31687209476339	-6.72728390538674	0.02738934897461	"Epha1"	"Eph receptor A1"	"13835"	"6"	"ATP binding///ephrin receptor activity///kinase activity///nucleotide binding///protein kinase activity///protein kinase binding///protein tyrosine kinase activity///transferase activity///transferase activity, transferring phosphorus-containing groups///transmembrane receptor protein tyrosine kinase activity///transmembrane-ephrin receptor activity"	"activation of Rho GTPase activity///angiogenesis///cell adhesion///cell surface receptor signaling pathway///ephrin receptor signaling pathway///negative regulation of cell migration///negative regulation of protein kinase activity///peptidyl-tyrosine phosphorylation///phosphorylation///positive regulation of angiogenesis///positive regulation of cell migration///positive regulation of cell proliferation///positive regulation of cell-matrix adhesion///positive regulation of stress fiber assembly///protein autophosphorylation///protein phosphorylation///regulation of Rac GTPase activity///substrate adhesion-dependent cell spreading///transmembrane receptor protein tyrosine kinase signaling pathway"	"integral component of membrane///integral component of plasma membrane///membrane///plasma membrane"	"GO:0005524///GO:0005003///GO:0016301///GO:0000166///GO:0004672///GO:0019901///GO:0004713///GO:0016740///GO:0016772///GO:0004714///GO:0005005"	"GO:0032862///GO:0001525///GO:0007155///GO:0007166///GO:0048013///GO:0030336///GO:0006469///GO:0018108///GO:0016310///GO:0045766///GO:0030335///GO:0008284///GO:0001954///GO:0051496///GO:0046777///GO:0006468///GO:0032314///GO:0034446///GO:0007169"	"GO:0016021///GO:0005887///GO:0016020///GO:0005886"
"1418435_at"	0.90490310204155	0.768803804378278	0.297360935788665	-6.73342686794507	0.0847190379732519	"Mkrn1"	"makorin, ring finger protein, 1"	"54484"	"6"	"UDP-N-acetylmuramoylalanyl-D-glutamyl-2,6-diaminopimelate-D-alanyl-D-alanine ligase activity///chromatin binding///coenzyme F420-0 gamma-glutamyl ligase activity///coenzyme F420-2 alpha-glutamyl ligase activity///ligase activity///metal ion binding///poly(A) RNA binding///protein-glutamic acid ligase activity///protein-glycine ligase activity///protein-glycine ligase activity, elongating///protein-glycine ligase activity, initiating///ribosomal S6-glutamic acid ligase activity///tubulin-glutamic acid ligase activity///tubulin-glycine ligase activity///ubiquitin-protein transferase activity///zinc ion binding"	"protein polyubiquitination"	""	"GO:0008766///GO:0003682///GO:0043773///GO:0043774///GO:0016874///GO:0046872///GO:0044822///GO:0070739///GO:0070735///GO:0070737///GO:0070736///GO:0018169///GO:0070740///GO:0070738///GO:0004842///GO:0008270"	"GO:0000209"	""
"1427849_a_at"	0.905879784599386	0.771142183688432	0.294260897693146	-6.73436724422494	0.0203355046738167	"LOC665506"	"T-cell receptor beta-2 chain C region-like"	"665506"	"6"	""	""	""	""	""	""
"1449150_at"	0.910866484784824	0.783959040093244	0.27732049532521	-6.73933316335139	0.0666674657846134	"Krba1"	"KRAB-A domain containing 1"	"77827"	"6"	"molecular_function"	"biological_process"	"cellular_component"	"GO:0003674"	"GO:0008150"	"GO:0005575"
"1449427_at"	0.915509756640402	0.795547064531726	0.262075279351051	-6.74355212887486	0.0446710984759187	"Prss37"	"protease, serine 37"	"67690"	"6 B2"	"catalytic activity///metal ion binding///molecular_function///serine-type endopeptidase activity"	"binding of sperm to zona pellucida///cell migration///protein maturation///proteolysis"	"extracellular region///nucleus"	"GO:0003824///GO:0046872///GO:0003674///GO:0004252"	"GO:0007339///GO:0016477///GO:0051604///GO:0006508"	"GO:0005576///GO:0005634"
"1425759_at"	0.917004285147415	0.798162190451161	0.258643686766775	-6.74446910359767	0.0313437653663131	"Nobox"	"NOBOX oogenesis homeobox"	"18291"	"6 21.17 cM"	"DNA binding///RNA polymerase II core promoter proximal region sequence-specific DNA binding///RNA polymerase II core promoter proximal region sequence-specific DNA binding transcription factor activity involved in positive regulation of transcription///sequence-specific DNA binding///sequence-specific DNA binding transcription factor activity"	"cell differentiation///multicellular organismal development///oogenesis///ovarian follicle development///positive regulation of transcription from RNA polymerase II promoter///positive regulation of transcription from RNA polymerase II promoter///regulation of transcription, DNA-templated///transcription from RNA polymerase II promoter///transcription, DNA-templated"	"cytoplasm///nucleus///transcription factor complex"	"GO:0003677///GO:0000978///GO:0001077///GO:0043565///GO:0003700"	"GO:0030154///GO:0007275///GO:0048477///GO:0001541///GO:0045944///GO:0045944///GO:0006355///GO:0006366///GO:0006351"	"GO:0005737///GO:0005634///GO:0005667"
"1420278_at"	0.918982017963043	0.802985752140934	0.252322427824588	-6.74612678377674	0.0774704149378147	"Prss58"	"protease, serine 58"	"232717"	"6"	"catalytic activity///hydrolase activity///peptidase activity///serine-type endopeptidase activity///serine-type peptidase activity"	"proteolysis"	"cellular_component///extracellular region"	"GO:0003824///GO:0016787///GO:0008233///GO:0004252///GO:0008236"	"GO:0006508"	"GO:0005575///GO:0005576"
"1432399_a_at"	0.921999729565232	0.808817675185712	0.244693664087068	-6.74807301847079	0.0127215583529112	"Epha1"	"Eph receptor A1"	"13835"	"6"	"ATP binding///ephrin receptor activity///kinase activity///nucleotide binding///protein kinase activity///protein kinase binding///protein tyrosine kinase activity///transferase activity///transferase activity, transferring phosphorus-containing groups///transmembrane receptor protein tyrosine kinase activity///transmembrane-ephrin receptor activity"	"activation of Rho GTPase activity///angiogenesis///cell adhesion///cell surface receptor signaling pathway///ephrin receptor signaling pathway///negative regulation of cell migration///negative regulation of protein kinase activity///peptidyl-tyrosine phosphorylation///phosphorylation///positive regulation of angiogenesis///positive regulation of cell migration///positive regulation of cell proliferation///positive regulation of cell-matrix adhesion///positive regulation of stress fiber assembly///protein autophosphorylation///protein phosphorylation///regulation of Rac GTPase activity///substrate adhesion-dependent cell spreading///transmembrane receptor protein tyrosine kinase signaling pathway"	"integral component of membrane///integral component of plasma membrane///membrane///plasma membrane"	"GO:0005524///GO:0005003///GO:0016301///GO:0000166///GO:0004672///GO:0019901///GO:0004713///GO:0016740///GO:0016772///GO:0004714///GO:0005005"	"GO:0032862///GO:0001525///GO:0007155///GO:0007166///GO:0048013///GO:0030336///GO:0006469///GO:0018108///GO:0016310///GO:0045766///GO:0030335///GO:0008284///GO:0001954///GO:0051496///GO:0046777///GO:0006468///GO:0032314///GO:0034446///GO:0007169"	"GO:0016021///GO:0005887///GO:0016020///GO:0005886"
"1422918_at"	0.923723245882178	0.813126309919356	-0.239067042848372	-6.74947038283859	-0.0652009456577458	"Gm2663///1810009J06Rik"	"predicted gene 2663///RIKEN cDNA 1810009J06 gene"	"100040208///73626"	"6///6"	"hydrolase activity///molecular_function///peptidase activity///serine-type peptidase activity///hydrolase activity///peptidase activity///serine-type peptidase activity"	"biological_process///proteolysis///proteolysis"	"cellular_component"	"GO:0016787///GO:0003674///GO:0008233///GO:0008236///GO:0016787///GO:0008233///GO:0008236"	"GO:0008150///GO:0006508///GO:0006508"	"GO:0005575"
"1431655_a_at"	0.925422142252725	0.818630079430226	-0.231891107936051	-6.75120558133274	-0.0732835766735089	"Agk"	"acylglycerol kinase"	"69923"	"6"	"ATP binding///NAD+ kinase activity///acylglycerol kinase activity///ceramide kinase activity///diacylglycerol kinase activity///kinase activity///lipid kinase activity///nucleotide binding///transferase activity"	"ceramide biosynthetic process///lipid phosphorylation///metabolic process///phosphorylation///protein kinase C-activating G-protein coupled receptor signaling pathway"	"intracellular membrane-bounded organelle///membrane///mitochondrion///mitochondrion"	"GO:0005524///GO:0003951///GO:0047620///GO:0001729///GO:0004143///GO:0016301///GO:0001727///GO:0000166///GO:0016740"	"GO:0046513///GO:0046834///GO:0008152///GO:0016310///GO:0007205"	"GO:0043231///GO:0016020///GO:0005739///GO:0005739"
"1447959_at"	0.926705816160824	0.821813497801951	-0.227746184811095	-6.75218387542836	-0.034631715336789	"Zfp398"	"zinc finger protein 398"	"272347"	"6 B3"	"metal ion binding///molecular_function"	"biological_process"	"cellular_component"	"GO:0046872///GO:0003674"	"GO:0008150"	"GO:0005575"
"1429566_a_at"	0.926708685463085	0.821979873091074	0.227529670831503	-6.75223449482511	0.111102691346319	"Hipk2"	"homeodomain interacting protein kinase 2"	"15258"	"6 B"	"ATP binding///NOT DNA binding///RNA polymerase II activating transcription factor binding///contributes_to RNA polymerase II transcription coactivator activity///SMAD binding///kinase activity///nucleotide binding///protein binding///protein kinase activity///protein kinase activity///protein serine/threonine kinase activity///protein serine/threonine kinase activity///transcription corepressor activity///transcription corepressor activity///transferase activity///transferase activity, transferring phosphorus-containing groups///virion binding"	"DNA damage response, signal transduction by p53 class mediator resulting in transcription of p21 class mediator///SMAD protein signal transduction///adult locomotory behavior///adult walking behavior///anterior/posterior pattern specification///apoptotic process///cellular response to DNA damage stimulus///embryonic camera-type eye morphogenesis///embryonic retina morphogenesis in camera-type eye///intrinsic apoptotic signaling pathway in response to DNA damage by p53 class mediator///iris morphogenesis///lens induction in camera-type eye///negative regulation of BMP signaling pathway///negative regulation of neuron apoptotic process///negative regulation of transcription from RNA polymerase II promoter///neuron differentiation///peptidyl-serine phosphorylation///peptidyl-threonine phosphorylation///phosphorylation///positive regulation of DNA binding///positive regulation of JNK cascade///positive regulation of angiogenesis///positive regulation of cell proliferation///positive regulation of protein binding///positive regulation of protein phosphorylation///positive regulation of sequence-specific DNA binding transcription factor activity///positive regulation of transcription from RNA polymerase II promoter///positive regulation of transcription from RNA polymerase II promoter///positive regulation of transcription, DNA-templated///positive regulation of transforming growth factor beta receptor signaling pathway///protein phosphorylation///protein phosphorylation///protein phosphorylation///regulation of transcription, DNA-templated///retina layer formation///smoothened signaling pathway///transcription, DNA-templated///transforming growth factor beta receptor signaling pathway///voluntary musculoskeletal movement"	"colocalizes_with PML body///PML body///cytoplasm///intracellular///nuclear body///nucleus///nucleus"	"GO:0005524///NOT GO:0003677///GO:0001102///contributes_to GO:0001105///GO:0046332///GO:0016301///GO:0000166///GO:0005515///GO:0004672///GO:0004672///GO:0004674///GO:0004674///GO:0003714///GO:0003714///GO:0016740///GO:0016772///GO:0046790"	"GO:0006978///GO:0060395///GO:0008344///GO:0007628///GO:0009952///GO:0006915///GO:0006974///GO:0048596///GO:0060059///GO:0042771///GO:0061072///GO:0060235///GO:0030514///GO:0043524///GO:0000122///GO:0030182///GO:0018105///GO:0018107///GO:0016310///GO:0043388///GO:0046330///GO:0045766///GO:0008284///GO:0032092///GO:0001934///GO:0051091///GO:0045944///GO:0045944///GO:0045893///GO:0030511///GO:0006468///GO:0006468///GO:0006468///GO:0006355///GO:0010842///GO:0007224///GO:0006351///GO:0007179///GO:0050882"	"colocalizes_with GO:0016605///GO:0016605///GO:0005737///GO:0005622///GO:0016604///GO:0005634///GO:0005634"
"1426774_at"	0.927075108588989	0.823358868014361	-0.225735529379773	-6.75265210779155	-0.114981147597302	"Parp12"	"poly (ADP-ribose) polymerase family, member 12"	"243771"	"6"	"NAD+ ADP-ribosyltransferase activity///metal ion binding///poly(A) RNA binding///transferase activity"	"biological_process"	"cellular_component///nucleus"	"GO:0003950///GO:0046872///GO:0044822///GO:0016740"	"GO:0008150"	"GO:0005575///GO:0005634"
"1449212_at"	0.937459896099909	0.850787497790156	0.190197946557019	-6.7602452639478	0.0243861069793336	"Pip"	"prolactin induced protein"	"18716"	"6 20.05 cM"	"IgG binding///aspartic-type endopeptidase activity///glycoprotein binding///protein binding///protein dimerization activity"	"detection of chemical stimulus involved in sensory perception of bitter taste///negative regulation of T cell apoptotic process///positive regulation of gene expression///proteolysis///regulation of immune system process"	"apical plasma membrane///extracellular region///extracellular space///extracellular vesicular exosome///nucleus"	"GO:0019864///GO:0004190///GO:0001948///GO:0005515///GO:0046983"	"GO:0001580///GO:0070233///GO:0010628///GO:0006508///GO:0002682"	"GO:0016324///GO:0005576///GO:0005615///GO:0070062///GO:0005634"
"1429541_at"	0.937611247900931	0.853814444954351	0.186292234355989	-6.76100090627581	0.0182220189774913	"Zfp777"	"zinc finger protein 777"	"72306"	"6"	"metal ion binding///molecular_function"	"biological_process"	"cellular_component"	"GO:0046872///GO:0003674"	"GO:0008150"	"GO:0005575"
"1427087_at"	0.938240613780918	0.855637621530782	-0.183941194877653	-6.76144822781419	-0.0429849707997683	"Luc7l2"	"LUC7-like 2 (S. cerevisiae)"	"192196"	"6"	"enzyme binding///mRNA binding///poly(A) RNA binding"	"mRNA splice site selection"	"U1 snRNP///nucleus"	"GO:0019899///GO:0003729///GO:0044822"	"GO:0006376"	"GO:0005685///GO:0005634"
"1422435_at"	0.941948047481219	0.864517100803279	0.172505705701148	-6.76354320874462	0.0126797105506702	"2210010C04Rik"	"RIKEN cDNA 2210010C04 gene"	"67373"	"6"	"hydrolase activity///peptidase activity///serine-type peptidase activity"	"proteolysis"	""	"GO:0016787///GO:0008233///GO:0008236"	"GO:0006508"	""
"1453806_at"	0.944853861542788	0.872677253387977	-0.162017314520052	-6.76534679225972	-0.00935216613142953	"Ndufb2"	"NADH dehydrogenase (ubiquinone) 1 beta subcomplex, 2"	"68198"	"6"	"molecular_function"	"biological_process///oxidation-reduction process///transport"	"membrane///mitochondrial inner membrane///mitochondrial respiratory chain complex I///mitochondrion///respiratory chain"	"GO:0003674"	"GO:0008150///GO:0055114///GO:0006810"	"GO:0016020///GO:0005743///GO:0005747///GO:0005739///GO:0070469"
"1450605_at"	0.949320543588778	0.887182130919505	0.143418869524686	-6.76826747504381	0.0225593094476189	"Tas2r108"	"taste receptor, type 2, member 108"	"57253"	"6"	"G-protein coupled receptor activity///bitter taste receptor activity///signal transducer activity///taste receptor activity"	"G-protein coupled receptor signaling pathway///detection of chemical stimulus involved in sensory perception of bitter taste///detection of chemical stimulus involved in sensory perception of bitter taste///detection of chemical stimulus involved in sensory perception of taste///respiratory gaseous exchange///response to stimulus///sensory perception of taste///signal transduction"	"cell projection///cellular_component///cilium///integral component of membrane///membrane///plasma membrane"	"GO:0004930///GO:0033038///GO:0004871///GO:0008527"	"GO:0007186///GO:0001580///GO:0001580///GO:0050912///GO:0007585///GO:0050896///GO:0050909///GO:0007165"	"GO:0042995///GO:0005575///GO:0005929///GO:0016021///GO:0016020///GO:0005886"
"1452617_at"	0.952934836489605	0.895140333356157	0.133237040152256	-6.76971602168164	0.0107901564289277	"Ssbp1"	"single-stranded DNA binding protein 1"	"381760"	"6 B2"	"DNA binding///chromatin binding///poly(A) RNA binding///single-stranded DNA binding"	"DNA replication///mitochondrion morphogenesis///positive regulation of helicase activity"	"extracellular vesicular exosome///mitochondrial nucleoid///mitochondrion///mitochondrion///nucleus"	"GO:0003677///GO:0003682///GO:0044822///GO:0003697"	"GO:0006260///GO:0070584///GO:0051096"	"GO:0070062///GO:0042645///GO:0005739///GO:0005739///GO:0005634"
"1424864_at"	0.971069138860791	0.936302363504023	0.0807782228016323	-6.77549114549151	0.0452879787152893	"Hipk2"	"homeodomain interacting protein kinase 2"	"15258"	"6 B"	"ATP binding///NOT DNA binding///RNA polymerase II activating transcription factor binding///contributes_to RNA polymerase II transcription coactivator activity///SMAD binding///kinase activity///nucleotide binding///protein binding///protein kinase activity///protein kinase activity///protein serine/threonine kinase activity///protein serine/threonine kinase activity///transcription corepressor activity///transcription corepressor activity///transferase activity///transferase activity, transferring phosphorus-containing groups///virion binding"	"DNA damage response, signal transduction by p53 class mediator resulting in transcription of p21 class mediator///SMAD protein signal transduction///adult locomotory behavior///adult walking behavior///anterior/posterior pattern specification///apoptotic process///cellular response to DNA damage stimulus///embryonic camera-type eye morphogenesis///embryonic retina morphogenesis in camera-type eye///intrinsic apoptotic signaling pathway in response to DNA damage by p53 class mediator///iris morphogenesis///lens induction in camera-type eye///negative regulation of BMP signaling pathway///negative regulation of neuron apoptotic process///negative regulation of transcription from RNA polymerase II promoter///neuron differentiation///peptidyl-serine phosphorylation///peptidyl-threonine phosphorylation///phosphorylation///positive regulation of DNA binding///positive regulation of JNK cascade///positive regulation of angiogenesis///positive regulation of cell proliferation///positive regulation of protein binding///positive regulation of protein phosphorylation///positive regulation of sequence-specific DNA binding transcription factor activity///positive regulation of transcription from RNA polymerase II promoter///positive regulation of transcription from RNA polymerase II promoter///positive regulation of transcription, DNA-templated///positive regulation of transforming growth factor beta receptor signaling pathway///protein phosphorylation///protein phosphorylation///protein phosphorylation///regulation of transcription, DNA-templated///retina layer formation///smoothened signaling pathway///transcription, DNA-templated///transforming growth factor beta receptor signaling pathway///voluntary musculoskeletal movement"	"colocalizes_with PML body///PML body///cytoplasm///intracellular///nuclear body///nucleus///nucleus"	"GO:0005524///NOT GO:0003677///GO:0001102///contributes_to GO:0001105///GO:0046332///GO:0016301///GO:0000166///GO:0005515///GO:0004672///GO:0004672///GO:0004674///GO:0004674///GO:0003714///GO:0003714///GO:0016740///GO:0016772///GO:0046790"	"GO:0006978///GO:0060395///GO:0008344///GO:0007628///GO:0009952///GO:0006915///GO:0006974///GO:0048596///GO:0060059///GO:0042771///GO:0061072///GO:0060235///GO:0030514///GO:0043524///GO:0000122///GO:0030182///GO:0018105///GO:0018107///GO:0016310///GO:0043388///GO:0046330///GO:0045766///GO:0008284///GO:0032092///GO:0001934///GO:0051091///GO:0045944///GO:0045944///GO:0045893///GO:0030511///GO:0006468///GO:0006468///GO:0006468///GO:0006355///GO:0010842///GO:0007224///GO:0006351///GO:0007179///GO:0050882"	"colocalizes_with GO:0016605///GO:0016605///GO:0005737///GO:0005622///GO:0016604///GO:0005634///GO:0005634"
"1415954_at"	0.973506038046971	0.943215741450795	0.0719942423698713	-6.77618162702415	0.0133623347576655	"Try5///Try4"	"trypsin 5///trypsin 4"	"103964///22074"	"6///6"	"calcium ion binding///hydrolase activity///peptidase activity///serine-type endopeptidase activity///serine-type peptidase activity///calcium ion binding///hydrolase activity///peptidase activity///serine-type endopeptidase activity///serine-type peptidase activity"	"proteolysis///proteolysis"	"extracellular space///extracellular vesicular exosome///extracellular space///extracellular vesicular exosome"	"GO:0005509///GO:0016787///GO:0008233///GO:0004252///GO:0008236///GO:0005509///GO:0016787///GO:0008233///GO:0004252///GO:0008236"	"GO:0006508///GO:0006508"	"GO:0005615///GO:0070062///GO:0005615///GO:0070062"
"1426077_at"	0.973865699011624	0.944198240529025	0.070746387581338	-6.77627327893025	0.0135806302821315	"Moxd2"	"monooxygenase, DBH-like 2"	"194357"	"6"	"catalytic activity///copper ion binding///metal ion binding///monooxygenase activity///oxidoreductase activity///oxidoreductase activity, acting on paired donors, with incorporation or reduction of molecular oxygen, reduced ascorbate as one donor, and incorporation of one atom of oxygen"	"oxidation-reduction process"	"integral component of membrane///membrane"	"GO:0003824///GO:0005507///GO:0046872///GO:0004497///GO:0016491///GO:0016715"	"GO:0055114"	"GO:0016021///GO:0016020"
"1424920_at"	0.976534626722953	0.951070318857376	-0.0620213777693237	-6.77686935394277	-0.0185704566640332	"Slc37a3"	"solute carrier family 37 (glycerol-3-phosphate transporter), member 3"	"72144"	"6"	"molecular_function///transporter activity"	"biological_process///carbohydrate transport///transmembrane transport///transport"	"cellular_component///integral component of membrane///membrane"	"GO:0003674///GO:0005215"	"GO:0008150///GO:0008643///GO:0055085///GO:0006810"	"GO:0005575///GO:0016021///GO:0016020"
"1436767_at"	0.977263066564507	0.953680213459927	-0.0587090988736415	-6.77707513279441	-0.0424397697297536	"Luc7l2"	"LUC7-like 2 (S. cerevisiae)"	"192196"	"6"	"enzyme binding///mRNA binding///poly(A) RNA binding"	"mRNA splice site selection"	"U1 snRNP///nucleus"	"GO:0019899///GO:0003729///GO:0044822"	"GO:0006376"	"GO:0005685///GO:0005634"
"1422917_at"	0.981616121541512	0.96335127635593	-0.0464408775019951	-6.77773897295353	-0.00567486606938106	"Epha1"	"Eph receptor A1"	"13835"	"6"	"ATP binding///ephrin receptor activity///kinase activity///nucleotide binding///protein kinase activity///protein kinase binding///protein tyrosine kinase activity///transferase activity///transferase activity, transferring phosphorus-containing groups///transmembrane receptor protein tyrosine kinase activity///transmembrane-ephrin receptor activity"	"activation of Rho GTPase activity///angiogenesis///cell adhesion///cell surface receptor signaling pathway///ephrin receptor signaling pathway///negative regulation of cell migration///negative regulation of protein kinase activity///peptidyl-tyrosine phosphorylation///phosphorylation///positive regulation of angiogenesis///positive regulation of cell migration///positive regulation of cell proliferation///positive regulation of cell-matrix adhesion///positive regulation of stress fiber assembly///protein autophosphorylation///protein phosphorylation///regulation of Rac GTPase activity///substrate adhesion-dependent cell spreading///transmembrane receptor protein tyrosine kinase signaling pathway"	"integral component of membrane///integral component of plasma membrane///membrane///plasma membrane"	"GO:0005524///GO:0005003///GO:0016301///GO:0000166///GO:0004672///GO:0019901///GO:0004713///GO:0016740///GO:0016772///GO:0004714///GO:0005005"	"GO:0032862///GO:0001525///GO:0007155///GO:0007166///GO:0048013///GO:0030336///GO:0006469///GO:0018108///GO:0016310///GO:0045766///GO:0030335///GO:0008284///GO:0001954///GO:0051496///GO:0046777///GO:0006468///GO:0032314///GO:0034446///GO:0007169"	"GO:0016021///GO:0005887///GO:0016020///GO:0005886"
"1420400_at"	0.989827307552221	0.978934219972423	-0.0266876372555596	-6.77848237443782	-0.00547368957917094	"Sval1"	"seminal vesicle antigen-like 1"	"71578"	"6"	"molecular_function"	"biological_process"	"cellular_component"	"GO:0003674"	"GO:0008150"	"GO:0005575"
