"ID (num probes:45101)"	"adj.P.Val"	"P.Value"	"t"	"B"	"logFC"	"Gene.symbol"	"Gene.title"	"Gene.ID"	"Chromosome.location"	"GO.Function"	"GO.Process"	"GO.Component"	"GO.Function.ID"	"GO.Process.ID"	"GO.Component.ID"
"1428238_at"	0.398808432661347	0.0030418416628346	3.85027394011919	-1.46037443483714	1.87905017385566	"Akirin2"	"akirin 2"	"433693"	"4"	"enzyme binding"	"embryo development///immune system process///innate immune response///multicellular organismal development///negative regulation of gene expression///negative regulation of transcription from RNA polymerase II promoter///negative regulation of transcription, DNA-templated///positive regulation of cell proliferation///positive regulation of endopeptidase activity///positive regulation of interleukin-6 production///positive regulation of transcription from RNA polymerase II promoter///regulation of transcription, DNA-templated///response to lipopolysaccharide///transcription, DNA-templated"	"nucleus///transcriptional repressor complex"	"GO:0019899"	"GO:0009790///GO:0002376///GO:0045087///GO:0007275///GO:0010629///GO:0000122///GO:0045892///GO:0008284///GO:0010950///GO:0032755///GO:0045944///GO:0006355///GO:0032496///GO:0006351"	"GO:0005634///GO:0017053"
"1429571_a_at"	0.431114759593406	0.00464610416377098	3.59740542983954	-1.81264139339507	0.534443873307742	"Spaca1"	"sperm acrosome associated 1"	"67652"	"4"	"molecular_function"	"acrosome assembly///spermatogenesis"	"acrosomal membrane///integral component of membrane///membrane"	"GO:0003674"	"GO:0001675///GO:0007283"	"GO:0002080///GO:0016021///GO:0016020"
"1448824_at"	0.462370756696925	0.00719598992431493	3.34018827690466	-2.17938216547021	0.555391339545172	"Ube2j1"	"ubiquitin-conjugating enzyme E2J 1"	"56228"	"4"	"ATP binding///ligase activity///nucleotide binding///ubiquitin-protein transferase activity"	"ER-associated ubiquitin-dependent protein catabolic process///protein N-linked glycosylation via asparagine///protein ubiquitination"	"cellular_component///endoplasmic reticulum///integral component of membrane///membrane"	"GO:0005524///GO:0016874///GO:0000166///GO:0004842"	"GO:0030433///GO:0018279///GO:0016567"	"GO:0005575///GO:0005783///GO:0016021///GO:0016020"
"1446457_at"	0.499580597587844	0.0115821010511489	-3.06378918157845	-2.58061173639312	-0.948977481393813	"Ddx58"	"DEAD (Asp-Glu-Ala-Asp) box polypeptide 58"	"230073"	"4"	"ATP binding///RNA binding///double-stranded DNA binding///double-stranded RNA binding///double-stranded RNA binding///helicase activity///hydrolase activity///hydrolase activity, acting on acid anhydrides///identical protein binding///metal ion binding///nucleic acid binding///nucleotide binding///protein binding///single-stranded RNA binding///single-stranded RNA binding///zinc ion binding"	"RIG-I signaling pathway///defense response to virus///detection of virus///immune system process///innate immune response///innate immune response///positive regulation of defense response to virus by host///positive regulation of interferon-alpha production///positive regulation of interferon-beta production///positive regulation of interferon-beta production///positive regulation of transcription factor import into nucleus///positive regulation of transcription from RNA polymerase II promoter///regulation of cell migration///response to exogenous dsRNA///response to virus"	"actin cytoskeleton///cell junction///cell projection///cytoplasm///cytoskeleton///membrane///plasma membrane///ruffle membrane///tight junction"	"GO:0005524///GO:0003723///GO:0003690///GO:0003725///GO:0003725///GO:0004386///GO:0016787///GO:0016817///GO:0042802///GO:0046872///GO:0003676///GO:0000166///GO:0005515///GO:0003727///GO:0003727///GO:0008270"	"GO:0039529///GO:0051607///GO:0009597///GO:0002376///GO:0045087///GO:0045087///GO:0002230///GO:0032727///GO:0032728///GO:0032728///GO:0042993///GO:0045944///GO:0030334///GO:0043330///GO:0009615"	"GO:0015629///GO:0030054///GO:0042995///GO:0005737///GO:0005856///GO:0016020///GO:0005886///GO:0032587///GO:0005923"
"1457883_at"	0.53892197381267	0.0180661946367401	-2.80754372162738	-2.95633529262043	-0.598348665845974	"Pm20d2"	"peptidase M20 domain containing 2"	"242377"	"4"	"hydrolase activity"	"biological_process"	"extracellular vesicular exosome///nucleus"	"GO:0016787"	"GO:0008150"	"GO:0070062///GO:0005634"
"1419574_at"	0.548231770426921	0.0202215981079257	-2.7427091873179	-3.05156620935592	-0.581582091604975	"Zfp292"	"zinc finger protein 292"	"30046"	"4 16.86 cM"	"DNA binding///RNA polymerase II core promoter proximal region sequence-specific DNA binding transcription factor activity involved in positive regulation of transcription///metal ion binding///nucleic acid binding"	"positive regulation of transcription from RNA polymerase II promoter///regulation of transcription, DNA-templated///transcription from RNA polymerase II promoter///transcription, DNA-templated"	"nucleus"	"GO:0003677///GO:0001077///GO:0046872///GO:0003676"	"GO:0045944///GO:0006355///GO:0006366///GO:0006351"	"GO:0005634"
"1449515_at"	0.54932619260491	0.0209146952004522	-2.72332465679065	-3.08003102210086	-0.406149109838955	"Zfp292"	"zinc finger protein 292"	"30046"	"4 16.86 cM"	"DNA binding///RNA polymerase II core promoter proximal region sequence-specific DNA binding transcription factor activity involved in positive regulation of transcription///metal ion binding///nucleic acid binding"	"positive regulation of transcription from RNA polymerase II promoter///regulation of transcription, DNA-templated///transcription from RNA polymerase II promoter///transcription, DNA-templated"	"nucleus"	"GO:0003677///GO:0001077///GO:0046872///GO:0003676"	"GO:0045944///GO:0006355///GO:0006366///GO:0006351"	"GO:0005634"
"1419575_s_at"	0.575266435372979	0.0301568540463989	-2.51262436670076	-3.38859660518858	-0.40182945654199	"Zfp292"	"zinc finger protein 292"	"30046"	"4 16.86 cM"	"DNA binding///RNA polymerase II core promoter proximal region sequence-specific DNA binding transcription factor activity involved in positive regulation of transcription///metal ion binding///nucleic acid binding"	"positive regulation of transcription from RNA polymerase II promoter///regulation of transcription, DNA-templated///transcription from RNA polymerase II promoter///transcription, DNA-templated"	"nucleus"	"GO:0003677///GO:0001077///GO:0046872///GO:0003676"	"GO:0045944///GO:0006355///GO:0006366///GO:0006351"	"GO:0005634"
"1455441_at"	0.601506686014871	0.0394905056936661	-2.35672161744497	-3.61491283826772	-0.397148858634079	"Map3k7"	"mitogen-activated protein kinase kinase kinase 7"	"26409"	"4"	"ATP binding///MAP kinase kinase activity///MAP kinase kinase kinase activity///kinase activity///magnesium ion binding///metal ion binding///nucleotide binding///protein binding///protein kinase activity///protein serine/threonine kinase activity///scaffold protein binding///transferase activity///transferase activity, transferring phosphorus-containing groups"	"I-kappaB phosphorylation///MAPK cascade///activation of MAPK activity///angiogenesis///apoptotic process///negative regulation of apoptotic signaling pathway///negative regulation of apoptotic signaling pathway///negative regulation of necroptotic process///negative regulation of reactive oxygen species metabolic process///negative regulation of ripoptosome assembly involved in necroptotic process///neural tube formation///phosphorylation///positive regulation of I-kappaB kinase/NF-kappaB signaling///positive regulation of JNK cascade///protein phosphorylation///regulation of reactive oxygen species metabolic process///regulation of transcription, DNA-templated///response to stress///signal transduction///transcription, DNA-templated///transforming growth factor beta receptor signaling pathway"	"cytoplasm///intracellular///membrane///plasma membrane"	"GO:0005524///GO:0004708///GO:0004709///GO:0016301///GO:0000287///GO:0046872///GO:0000166///GO:0005515///GO:0004672///GO:0004674///GO:0097110///GO:0016740///GO:0016772"	"GO:0007252///GO:0000165///GO:0000187///GO:0001525///GO:0006915///GO:2001234///GO:2001234///GO:0060546///GO:2000378///GO:1902443///GO:0001841///GO:0016310///GO:0043123///GO:0046330///GO:0006468///GO:2000377///GO:0006355///GO:0006950///GO:0007165///GO:0006351///GO:0007179"	"GO:0005737///GO:0005622///GO:0016020///GO:0005886"
"1452380_at"	0.601744194662294	0.0396939881621202	-2.3537411251039	-3.61921420772893	-2.32773034313347	"Epha7"	"Eph receptor A7"	"13841"	"4 12.42 cM"	"ATP binding///GPI-linked ephrin receptor activity///axon guidance receptor activity///chemorepellent activity///ephrin receptor activity///ephrin receptor binding///kinase activity///nucleotide binding///protein binding///protein kinase activity///protein tyrosine kinase activity///transferase activity///transferase activity, transferring phosphorus-containing groups///transmembrane receptor protein tyrosine kinase activity"	"apoptotic process///brain development///branching morphogenesis of a nerve///ephrin receptor signaling pathway///ephrin receptor signaling pathway///multicellular organismal development///negative chemotaxis///nervous system development///peptidyl-tyrosine phosphorylation///peptidyl-tyrosine phosphorylation///phosphorylation///positive regulation of apoptotic process///positive regulation of neuron apoptotic process///protein phosphorylation///regulation of ERK1 and ERK2 cascade///regulation of cell-cell adhesion///regulation of cysteine-type endopeptidase activity involved in apoptotic process///regulation of peptidyl-tyrosine phosphorylation///regulation of peptidyl-tyrosine phosphorylation///regulation of protein autophosphorylation///retinal ganglion cell axon guidance///signal transduction///transmembrane receptor protein tyrosine kinase signaling pathway"	"dendrite///integral component of membrane///integral component of plasma membrane///membrane///neuromuscular junction///neuronal cell body///plasma membrane///postsynaptic membrane"	"GO:0005524///GO:0005004///GO:0008046///GO:0045499///GO:0005003///GO:0046875///GO:0016301///GO:0000166///GO:0005515///GO:0004672///GO:0004713///GO:0016740///GO:0016772///GO:0004714"	"GO:0006915///GO:0007420///GO:0048755///GO:0048013///GO:0048013///GO:0007275///GO:0050919///GO:0007399///GO:0018108///GO:0018108///GO:0016310///GO:0043065///GO:0043525///GO:0006468///GO:0070372///GO:0022407///GO:0043281///GO:0050730///GO:0050730///GO:0031952///GO:0031290///GO:0007165///GO:0007169"	"GO:0030425///GO:0016021///GO:0005887///GO:0016020///GO:0031594///GO:0043025///GO:0005886///GO:0045211"
"1437973_at"	0.637028078017343	0.0637296443097548	-2.07693002434211	-4.01269004313561	-1.12819492873697	"Lingo2"	"leucine rich repeat and Ig domain containing 2"	"242384"	"4"	"molecular_function"	"biological_process"	"integral component of membrane///membrane"	"GO:0003674"	"GO:0008150"	"GO:0016021///GO:0016020"
"1427528_a_at"	0.639309875027528	0.0655971002315121	-2.05986039446233	-4.03647530149111	-1.41411404112143	"Epha7"	"Eph receptor A7"	"13841"	"4 12.42 cM"	"ATP binding///GPI-linked ephrin receptor activity///axon guidance receptor activity///chemorepellent activity///ephrin receptor activity///ephrin receptor binding///kinase activity///nucleotide binding///protein binding///protein kinase activity///protein tyrosine kinase activity///transferase activity///transferase activity, transferring phosphorus-containing groups///transmembrane receptor protein tyrosine kinase activity"	"apoptotic process///brain development///branching morphogenesis of a nerve///ephrin receptor signaling pathway///ephrin receptor signaling pathway///multicellular organismal development///negative chemotaxis///nervous system development///peptidyl-tyrosine phosphorylation///peptidyl-tyrosine phosphorylation///phosphorylation///positive regulation of apoptotic process///positive regulation of neuron apoptotic process///protein phosphorylation///regulation of ERK1 and ERK2 cascade///regulation of cell-cell adhesion///regulation of cysteine-type endopeptidase activity involved in apoptotic process///regulation of peptidyl-tyrosine phosphorylation///regulation of peptidyl-tyrosine phosphorylation///regulation of protein autophosphorylation///retinal ganglion cell axon guidance///signal transduction///transmembrane receptor protein tyrosine kinase signaling pathway"	"dendrite///integral component of membrane///integral component of plasma membrane///membrane///neuromuscular junction///neuronal cell body///plasma membrane///postsynaptic membrane"	"GO:0005524///GO:0005004///GO:0008046///GO:0045499///GO:0005003///GO:0046875///GO:0016301///GO:0000166///GO:0005515///GO:0004672///GO:0004713///GO:0016740///GO:0016772///GO:0004714"	"GO:0006915///GO:0007420///GO:0048755///GO:0048013///GO:0048013///GO:0007275///GO:0050919///GO:0007399///GO:0018108///GO:0018108///GO:0016310///GO:0043065///GO:0043525///GO:0006468///GO:0070372///GO:0022407///GO:0043281///GO:0050730///GO:0050730///GO:0031952///GO:0031290///GO:0007165///GO:0007169"	"GO:0030425///GO:0016021///GO:0005887///GO:0016020///GO:0031594///GO:0043025///GO:0005886///GO:0045211"
"1444280_at"	0.642427699382835	0.0673214207352349	-2.04450279312756	-4.05781780099369	-1.61756467669284	"Tmem215"	"transmembrane protein 215"	"320500"	"4"	"molecular_function"	"biological_process"	"cellular_component///integral component of membrane///membrane"	"GO:0003674"	"GO:0008150"	"GO:0005575///GO:0016021///GO:0016020"
"1432042_a_at"	0.652225887022935	0.0775222551482865	1.9605936404006	-4.17340603518977	0.224823185528161	"Smu1"	"smu-1 suppressor of mec-8 and unc-52 homolog (C. elegans)"	"74255"	"4"	"molecular_function"	"biological_process"	"cellular_component///cytoplasm///nucleus"	"GO:0003674"	"GO:0008150"	"GO:0005575///GO:0005737///GO:0005634"
"1416116_at"	0.661016420712239	0.0884218102959344	-1.88166562239339	-4.28040209517723	-0.711910807531705	"Orc3"	"origin recognition complex, subunit 3"	"50793"	"4 A3"	"DNA binding///molecular_function"	"DNA replication///neural precursor cell proliferation"	"nuclear origin of replication recognition complex///nucleus///origin recognition complex"	"GO:0003677///GO:0003674"	"GO:0006260///GO:0061351"	"GO:0005664///GO:0005634///GO:0000808"
"1437667_a_at"	0.66218829645293	0.0892093313070912	-1.87631915740394	-4.28758391133174	-0.360755983784985	"Bach2"	"BTB and CNC homology 2"	"12014"	"4"	"DNA binding///RNA polymerase II distal enhancer sequence-specific DNA binding///RNA polymerase II distal enhancer sequence-specific DNA binding transcription factor activity involved in negative regulation of transcription///protein binding///sequence-specific DNA binding///sequence-specific DNA binding transcription factor activity"	"negative regulation of transcription from RNA polymerase II promoter///regulation of transcription, DNA-templated///transcription from RNA polymerase II promoter///transcription, DNA-templated"	"cytoplasm///nucleus"	"GO:0003677///GO:0000980///GO:0001206///GO:0005515///GO:0043565///GO:0003700"	"GO:0000122///GO:0006355///GO:0006366///GO:0006351"	"GO:0005737///GO:0005634"
"1449217_at"	0.667038125553616	0.0910464668390514	-1.86401465077803	-4.3040790747979	-0.38430210060461	"Casp8ap2"	"caspase 8 associated protein 2"	"26885"	"4 14.27 cM"	"DNA binding///SUMO polymer binding///cysteine-type endopeptidase activator activity involved in apoptotic process///identical protein binding///protease binding///protein binding///transcription corepressor activity"	"Fas signaling pathway///activation of cysteine-type endopeptidase activity involved in apoptotic process///activation of cysteine-type endopeptidase activity involved in apoptotic process///apoptotic process///cell cycle///extrinsic apoptotic signaling pathway via death domain receptors///extrinsic apoptotic signaling pathway via death domain receptors///regulation of RNA biosynthetic process///regulation of transcription, DNA-templated///transcription, DNA-templated"	"PML body///cytoplasm///mitochondrion///nucleus"	"GO:0003677///GO:0032184///GO:0008656///GO:0042802///GO:0002020///GO:0005515///GO:0003714"	"GO:0036337///GO:0006919///GO:0006919///GO:0006915///GO:0007049///GO:0008625///GO:0008625///GO:2001141///GO:0006355///GO:0006351"	"GO:0016605///GO:0005737///GO:0005739///GO:0005634"
"1434057_at"	0.674535023924028	0.0976343512104424	1.8216978653665	-4.36044397126254	0.181609820558226	"Ndufb6"	"NADH dehydrogenase (ubiquinone) 1 beta subcomplex, 6"	"230075"	"4"	""	"oxidation-reduction process///transport"	"integral component of membrane///membrane///mitochondrial inner membrane///mitochondrial membrane///mitochondrial respiratory chain complex I///mitochondrion///respiratory chain"	""	"GO:0055114///GO:0006810"	"GO:0016021///GO:0016020///GO:0005743///GO:0031966///GO:0005747///GO:0005739///GO:0070469"
"1418549_at"	0.699144193046246	0.118169966884958	-1.7047706934241	-4.51302036688493	-1.22601374084451	"Cga"	"glycoprotein hormones, alpha subunit"	"12640"	"4 16.86 cM"	"hormone activity"	"cellular response to hormone stimulus///developmental growth///follicle-stimulating hormone secretion///gonad development///luteinizing hormone secretion///negative regulation of organ growth///thyroid gland development///thyroid hormone generation"	"cell///extracellular region"	"GO:0005179"	"GO:0032870///GO:0048589///GO:0046884///GO:0008406///GO:0032275///GO:0046621///GO:0030878///GO:0006590"	"GO:0005623///GO:0005576"
"1425795_a_at"	0.704286196045913	0.12249512424118	-1.68251669547161	-4.54149026645681	-0.378641373454183	"Map3k7"	"mitogen-activated protein kinase kinase kinase 7"	"26409"	"4"	"ATP binding///MAP kinase kinase activity///MAP kinase kinase kinase activity///kinase activity///magnesium ion binding///metal ion binding///nucleotide binding///protein binding///protein kinase activity///protein serine/threonine kinase activity///scaffold protein binding///transferase activity///transferase activity, transferring phosphorus-containing groups"	"I-kappaB phosphorylation///MAPK cascade///activation of MAPK activity///angiogenesis///apoptotic process///negative regulation of apoptotic signaling pathway///negative regulation of apoptotic signaling pathway///negative regulation of necroptotic process///negative regulation of reactive oxygen species metabolic process///negative regulation of ripoptosome assembly involved in necroptotic process///neural tube formation///phosphorylation///positive regulation of I-kappaB kinase/NF-kappaB signaling///positive regulation of JNK cascade///protein phosphorylation///regulation of reactive oxygen species metabolic process///regulation of transcription, DNA-templated///response to stress///signal transduction///transcription, DNA-templated///transforming growth factor beta receptor signaling pathway"	"cytoplasm///intracellular///membrane///plasma membrane"	"GO:0005524///GO:0004708///GO:0004709///GO:0016301///GO:0000287///GO:0046872///GO:0000166///GO:0005515///GO:0004672///GO:0004674///GO:0097110///GO:0016740///GO:0016772"	"GO:0007252///GO:0000165///GO:0000187///GO:0001525///GO:0006915///GO:2001234///GO:2001234///GO:0060546///GO:2000378///GO:1902443///GO:0001841///GO:0016310///GO:0043123///GO:0046330///GO:0006468///GO:2000377///GO:0006355///GO:0006950///GO:0007165///GO:0006351///GO:0007179"	"GO:0005737///GO:0005622///GO:0016020///GO:0005886"
"1437168_at"	0.709379039247742	0.128456101051779	1.65297479594212	-4.57898292614452	2.33979037254859	"Srsf12"	"serine/arginine-rich splicing factor 12"	"272009"	"4"	"molecular_function"	"RNA splicing///mRNA processing"	"cellular_component///nucleus"	"GO:0003674"	"GO:0008380///GO:0006397"	"GO:0005575///GO:0005634"
"1442397_at"	0.711425133016192	0.130404409294573	1.64358484461212	-4.59082645568072	0.702242223131935	"Nfx1"	"nuclear transcription factor, X-box binding 1"	"74164"	"4 20.72 cM"	"DNA binding///UDP-N-acetylmuramoylalanyl-D-glutamyl-2,6-diaminopimelate-D-alanyl-D-alanine ligase activity///coenzyme F420-0 gamma-glutamyl ligase activity///coenzyme F420-2 alpha-glutamyl ligase activity///ligase activity///metal ion binding///nucleic acid binding///poly(A) RNA binding///protein binding///protein-glutamic acid ligase activity///protein-glycine ligase activity///protein-glycine ligase activity, elongating///protein-glycine ligase activity, initiating///ribosomal S6-glutamic acid ligase activity///sequence-specific DNA binding transcription factor activity///tubulin-glutamic acid ligase activity///tubulin-glycine ligase activity///zinc ion binding"	"negative regulation of MHC class II biosynthetic process///negative regulation of transcription from RNA polymerase II promoter///regulation of transcription, DNA-templated///transcription, DNA-templated"	"cellular_component///nucleus"	"GO:0003677///GO:0008766///GO:0043773///GO:0043774///GO:0016874///GO:0046872///GO:0003676///GO:0044822///GO:0005515///GO:0070739///GO:0070735///GO:0070737///GO:0070736///GO:0018169///GO:0003700///GO:0070740///GO:0070738///GO:0008270"	"GO:0045347///GO:0000122///GO:0006355///GO:0006351"	"GO:0005575///GO:0005634"
"1431546_at"	0.717444058079039	0.136720398549254	-1.61398074167626	-4.62792753083485	-1.26014232438975	"4930509K18Rik"	"RIKEN cDNA 4930509K18 gene"	"75819"	"4"	""	""	""	""	""	""
"1428237_at"	0.72301599603793	0.142401094114309	1.58837312174594	-4.65972075298517	0.193676922073401	"Akirin2"	"akirin 2"	"433693"	"4"	"enzyme binding"	"embryo development///immune system process///innate immune response///multicellular organismal development///negative regulation of gene expression///negative regulation of transcription from RNA polymerase II promoter///negative regulation of transcription, DNA-templated///positive regulation of cell proliferation///positive regulation of endopeptidase activity///positive regulation of interleukin-6 production///positive regulation of transcription from RNA polymerase II promoter///regulation of transcription, DNA-templated///response to lipopolysaccharide///transcription, DNA-templated"	"nucleus///transcriptional repressor complex"	"GO:0019899"	"GO:0009790///GO:0002376///GO:0045087///GO:0007275///GO:0010629///GO:0000122///GO:0045892///GO:0008284///GO:0010950///GO:0032755///GO:0045944///GO:0006355///GO:0032496///GO:0006351"	"GO:0005634///GO:0017053"
"1416115_at"	0.726148904652428	0.14631605314549	-1.57124518467238	-4.6808268756213	-0.182181724728929	"Orc3"	"origin recognition complex, subunit 3"	"50793"	"4 A3"	"DNA binding///molecular_function"	"DNA replication///neural precursor cell proliferation"	"nuclear origin of replication recognition complex///nucleus///origin recognition complex"	"GO:0003677///GO:0003674"	"GO:0006260///GO:0061351"	"GO:0005664///GO:0005634///GO:0000808"
"1434172_at"	0.732446110897855	0.154755397816675	-1.53565148728929	-4.72426807556976	-0.365437317442725	"Cnr1"	"cannabinoid receptor 1 (brain)"	"12801"	"4 16.28 cM"	"G-protein coupled receptor activity///cannabinoid receptor activity///drug binding///signal transducer activity"	"G-protein coupled receptor signaling pathway///adenylate cyclase-modulating G-protein coupled receptor signaling pathway///aging///axonal fasciculation///cannabinoid signaling pathway///glucose homeostasis///learning or memory///memory///negative regulation of action potential///negative regulation of blood pressure///negative regulation of dopamine secretion///negative regulation of fatty acid beta-oxidation///negative regulation of ion transport///negative regulation of mast cell activation///negative regulation of nitric-oxide synthase activity///positive regulation of acute inflammatory response to antigenic stimulus///positive regulation of apoptotic process///positive regulation of blood pressure///positive regulation of fever generation///positive regulation of neuron projection development///regulation of feeding behavior///regulation of insulin secretion///regulation of lipid metabolic process///regulation of penile erection///regulation of synaptic transmission, GABAergic///regulation of synaptic transmission, glutamatergic///response to cocaine///response to ethanol///response to lipopolysaccharide///response to morphine///response to nicotine///sensory perception of pain///signal transduction"	"axon///growth cone///integral component of membrane///colocalizes_with intracellular membrane-bounded organelle///membrane///plasma membrane"	"GO:0004930///GO:0004949///GO:0008144///GO:0004871"	"GO:0007186///GO:0007188///GO:0007568///GO:0007413///GO:0038171///GO:0042593///GO:0007611///GO:0007613///GO:0045759///GO:0045776///GO:0033602///GO:0031999///GO:0043271///GO:0033004///GO:0051001///GO:0002866///GO:0043065///GO:0045777///GO:0031622///GO:0010976///GO:0060259///GO:0050796///GO:0019216///GO:0060405///GO:0032228///GO:0051966///GO:0042220///GO:0045471///GO:0032496///GO:0043278///GO:0035094///GO:0019233///GO:0007165"	"GO:0030424///GO:0030426///GO:0016021///colocalizes_with GO:0043231///GO:0016020///GO:0005886"
"1416288_at"	0.737577405235439	0.161591664463705	-1.50804143778187	-4.75756406587218	-0.143606889526215	"Dnaja1"	"DnaJ (Hsp40) homolog, subfamily A, member 1"	"15502"	"4"	"ATP binding///G-protein coupled receptor binding///Hsp70 protein binding///chaperone binding///heat shock protein binding///low-density lipoprotein particle receptor binding///metal ion binding///ubiquitin protein ligase binding///unfolded protein binding"	"DNA damage response, detection of DNA damage///androgen receptor signaling pathway///negative regulation of JUN kinase activity///negative regulation of apoptotic process///negative regulation of protein ubiquitination///positive regulation of apoptotic process///protein folding///protein localization to mitochondrion///regulation of protein transport///response to heat///sperm motility///spermatogenesis///toxin transport"	"cytosol///extracellular vesicular exosome///membrane///colocalizes_with ubiquitin ligase complex"	"GO:0005524///GO:0001664///GO:0030544///GO:0051087///GO:0031072///GO:0050750///GO:0046872///GO:0031625///GO:0051082"	"GO:0042769///GO:0030521///GO:0043508///GO:0043066///GO:0031397///GO:0043065///GO:0006457///GO:0070585///GO:0051223///GO:0009408///GO:0030317///GO:0007283///GO:1901998"	"GO:0005829///GO:0070062///GO:0016020///colocalizes_with GO:0000151"
"1459835_s_at"	0.741690384910933	0.165575903234065	-1.49241477941966	-4.77624916804244	-0.355811937124505	"Dnaja1"	"DnaJ (Hsp40) homolog, subfamily A, member 1"	"15502"	"4"	"ATP binding///G-protein coupled receptor binding///Hsp70 protein binding///chaperone binding///heat shock protein binding///low-density lipoprotein particle receptor binding///metal ion binding///ubiquitin protein ligase binding///unfolded protein binding"	"DNA damage response, detection of DNA damage///androgen receptor signaling pathway///negative regulation of JUN kinase activity///negative regulation of apoptotic process///negative regulation of protein ubiquitination///positive regulation of apoptotic process///protein folding///protein localization to mitochondrion///regulation of protein transport///response to heat///sperm motility///spermatogenesis///toxin transport"	"cytosol///extracellular vesicular exosome///membrane///colocalizes_with ubiquitin ligase complex"	"GO:0005524///GO:0001664///GO:0030544///GO:0051087///GO:0031072///GO:0050750///GO:0046872///GO:0031625///GO:0051082"	"GO:0042769///GO:0030521///GO:0043508///GO:0043066///GO:0031397///GO:0043065///GO:0006457///GO:0070585///GO:0051223///GO:0009408///GO:0030317///GO:0007283///GO:1901998"	"GO:0005829///GO:0070062///GO:0016020///colocalizes_with GO:0000151"
"1448714_at"	0.745106875927018	0.17119958109811	-1.47090246968262	-4.80177888791707	-0.336680842579176	"Rngtt"	"RNA guanylyltransferase and 5'-phosphatase"	"24018"	"4"	"GTP binding///RNA guanylyltransferase activity///catalytic activity///hydrolase activity///mRNA guanylyltransferase activity///nucleotide binding///nucleotidyltransferase activity///phosphatase activity///polynucleotide 5'-phosphatase activity///protein tyrosine phosphatase activity///protein tyrosine/serine/threonine phosphatase activity///transferase activity///triphosphatase activity"	"7-methylguanosine mRNA capping///RNA processing///dephosphorylation///mRNA processing///metabolic process///protein dephosphorylation"	"nucleus"	"GO:0005525///GO:0008192///GO:0003824///GO:0016787///GO:0004484///GO:0000166///GO:0016779///GO:0016791///GO:0004651///GO:0004725///GO:0008138///GO:0016740///GO:0050355"	"GO:0006370///GO:0006396///GO:0016311///GO:0006397///GO:0008152///GO:0006470"	"GO:0005634"
"1418014_a_at"	0.745470913271407	0.172297483424783	1.46677388993798	-4.80665255593295	0.149166985299754	"B4galt1"	"UDP-Gal:betaGlcNAc beta 1,4- galactosyltransferase, polypeptide 1"	"14595"	"4 20.46 cM"	"1,2-dihydroxy-phenanthrene glycosyltransferase activity///1-phenanthrol glycosyltransferase activity///9-phenanthrol UDP-glucuronosyltransferase activity///9-phenanthrol glycosyltransferase activity///N-acetyllactosamine synthase activity///O antigen polymerase activity///UDP-galactosyltransferase activity///UDP-glucose:glycoprotein glucosyltransferase activity///acetylgalactosaminyltransferase activity///acetylglucosaminyltransferase activity///alpha-(1->3)-fucosyltransferase activity///alpha-(1->6)-fucosyltransferase activity///alpha-1,2-galactosyltransferase activity///alpha-1,2-mannosyltransferase activity///alpha-1,3-galactosyltransferase activity///alpha-1,3-mannosyltransferase activity///alpha-1,6-mannosyltransferase activity///alpha-tubulin binding///benzoic acid glucosyltransferase activity///beta-1,4-mannosyltransferase activity///beta-N-acetylglucosaminylglycopeptide beta-1,4-galactosyltransferase activity///beta-N-acetylglucosaminylglycopeptide beta-1,4-galactosyltransferase activity///beta-N-acetylglucosaminylglycopeptide beta-1,4-galactosyltransferase activity///beta-tubulin binding///cellulose synthase activity///chondroitin hydrolase activity///cytokinin 9-beta-glucosyltransferase activity///cytoskeletal protein binding///dolichyl pyrophosphate Glc1Man9GlcNAc2 alpha-1,3-glucosyltransferase activity///dolichyl pyrophosphate Man7GlcNAc2 alpha-1,3-glucosyltransferase activity///dolichyl pyrophosphate Man9GlcNAc2 alpha-1,3-glucosyltransferase activity///dolichyl-phosphate-glucose-glycolipid alpha-glucosyltransferase activity///dolichyl-pyrophosphate Man7GlcNAc2 alpha-1,6-mannosyltransferase activity///fucosyltransferase activity///galactosyltransferase activity///glucosyltransferase activity///glycolipid mannosyltransferase activity///indole-3-butyrate beta-glucosyltransferase activity///inositol phosphoceramide synthase activity///lactose synthase activity///lipopolysaccharide-1,5-galactosyltransferase activity///lipopolysaccharide-1,6-galactosyltransferase activity///manganese ion binding///mannosyltransferase activity///metal ion binding///oligosaccharyl transferase activity///phenanthrol glycosyltransferase activity///protein binding///protein homodimerization activity///salicylic acid glucosyltransferase (ester-forming) activity///salicylic acid glucosyltransferase (glucoside-forming) activity///transferase activity///transferase activity, transferring glycosyl groups"	"acute inflammatory response///angiogenesis involved in wound healing///binding of sperm to zona pellucida///binding of sperm to zona pellucida///branching morphogenesis of an epithelial tube///carbohydrate metabolic process///cell adhesion///development of secondary sexual characteristics///epithelial cell development///extracellular matrix organization///galactose metabolic process///glycoprotein biosynthetic process///lactose biosynthetic process///leukocyte migration///mammary gland development///negative regulation of cell proliferation///negative regulation of cell proliferation///oligosaccharide biosynthetic process///oligosaccharide biosynthetic process///penetration of zona pellucida///positive regulation of apoptotic process///positive regulation of apoptotic process involved in mammary gland involution///positive regulation of epithelial cell proliferation involved in wound healing///protein N-linked glycosylation///protein glycosylation///regulation of acrosome reaction///regulation of cell proliferation///regulation of cellular component movement///wound healing"	"Golgi apparatus///Golgi apparatus///Golgi trans cisterna///basolateral plasma membrane///brush border membrane///cell surface///cell surface///desmosome///external side of plasma membrane///extracellular region///extracellular space///extracellular vesicular exosome///glycocalyx///integral component of membrane///membrane///plasma membrane"	"GO:0018718///GO:0018716///GO:0018715///GO:0018717///GO:0003945///GO:0008755///GO:0035250///GO:0003980///GO:0008376///GO:0008375///GO:0046920///GO:0046921///GO:0031278///GO:0000026///GO:0001962///GO:0000033///GO:0000009///GO:0043014///GO:0052641///GO:0019187///GO:0003831///GO:0003831///GO:0003831///GO:0048487///GO:0016759///GO:0052757///GO:0080062///GO:0008092///GO:0042283///GO:0033556///GO:0042281///GO:0004583///GO:0052824///GO:0008417///GO:0008378///GO:0046527///GO:0004376///GO:0052638///GO:0045140///GO:0004461///GO:0035496///GO:0008921///GO:0030145///GO:0000030///GO:0046872///GO:0004576///GO:0019112///GO:0005515///GO:0042803///GO:0052639///GO:0052640///GO:0016740///GO:0016757"	"GO:0002526///GO:0060055///GO:0007339///GO:0007339///GO:0048754///GO:0005975///GO:0007155///GO:0045136///GO:0002064///GO:0030198///GO:0006012///GO:0009101///GO:0005989///GO:0050900///GO:0030879///GO:0008285///GO:0008285///GO:0009312///GO:0009312///GO:0007341///GO:0043065///GO:0060058///GO:0060054///GO:0006487///GO:0006486///GO:0060046///GO:0042127///GO:0051270///GO:0042060"	"GO:0005794///GO:0005794///GO:0000138///GO:0016323///GO:0031526///GO:0009986///GO:0009986///GO:0030057///GO:0009897///GO:0005576///GO:0005615///GO:0070062///GO:0030112///GO:0016021///GO:0016020///GO:0005886"
"1425844_a_at"	0.767038193242796	0.203786663676601	-1.35696736298472	-4.93307505039205	-0.350270835344767	"Rngtt"	"RNA guanylyltransferase and 5'-phosphatase"	"24018"	"4"	"GTP binding///RNA guanylyltransferase activity///catalytic activity///hydrolase activity///mRNA guanylyltransferase activity///nucleotide binding///nucleotidyltransferase activity///phosphatase activity///polynucleotide 5'-phosphatase activity///protein tyrosine phosphatase activity///protein tyrosine/serine/threonine phosphatase activity///transferase activity///triphosphatase activity"	"7-methylguanosine mRNA capping///RNA processing///dephosphorylation///mRNA processing///metabolic process///protein dephosphorylation"	"nucleus"	"GO:0005525///GO:0008192///GO:0003824///GO:0016787///GO:0004484///GO:0000166///GO:0016779///GO:0016791///GO:0004651///GO:0004725///GO:0008138///GO:0016740///GO:0050355"	"GO:0006370///GO:0006396///GO:0016311///GO:0006397///GO:0008152///GO:0006470"	"GO:0005634"
"1430216_at"	0.775151263793757	0.217653782640626	-1.31309822832289	-4.9817709503708	-0.389619979563256	"Zfp292"	"zinc finger protein 292"	"30046"	"4 16.86 cM"	"DNA binding///RNA polymerase II core promoter proximal region sequence-specific DNA binding transcription factor activity involved in positive regulation of transcription///metal ion binding///nucleic acid binding"	"positive regulation of transcription from RNA polymerase II promoter///regulation of transcription, DNA-templated///transcription from RNA polymerase II promoter///transcription, DNA-templated"	"nucleus"	"GO:0003677///GO:0001077///GO:0046872///GO:0003676"	"GO:0045944///GO:0006355///GO:0006366///GO:0006351"	"GO:0005634"
"1439513_at"	0.778056784520279	0.223279238169751	-1.29596058458334	-5.00049866153294	-1.26721731503993	"Pnrc1"	"proline-rich nuclear receptor coactivator 1"	"108767"	"4"	"molecular_function"	"biological_process"	"cellular_component"	"GO:0003674"	"GO:0008150"	"GO:0005575"
"1427934_at"	0.782707277041261	0.230949371528953	1.27315719587106	-5.02515410939927	0.192701552830344	"Lyrm2"	"LYR motif containing 2"	"108755"	"4"	"molecular_function"	"biological_process"	"mitochondrion"	"GO:0003674"	"GO:0008150"	"GO:0005739"
"1429747_at"	0.786756138103423	0.24531034774926	-1.23207367125935	-5.06879711167661	-0.714846854656979	"1700009N14Rik"	"RIKEN cDNA 1700009N14 gene"	"75471"	"4"	"GTP binding///nucleotide binding///protein domain specific binding"	"biological_process"	"cellular_component"	"GO:0005525///GO:0000166///GO:0019904"	"GO:0008150"	"GO:0005575"
"1419988_at"	0.787982229620256	0.247687930484433	-1.22546100716007	-5.07572652487168	-0.187846346790074	"Map3k7"	"mitogen-activated protein kinase kinase kinase 7"	"26409"	"4"	"ATP binding///MAP kinase kinase activity///MAP kinase kinase kinase activity///kinase activity///magnesium ion binding///metal ion binding///nucleotide binding///protein binding///protein kinase activity///protein serine/threonine kinase activity///scaffold protein binding///transferase activity///transferase activity, transferring phosphorus-containing groups"	"I-kappaB phosphorylation///MAPK cascade///activation of MAPK activity///angiogenesis///apoptotic process///negative regulation of apoptotic signaling pathway///negative regulation of apoptotic signaling pathway///negative regulation of necroptotic process///negative regulation of reactive oxygen species metabolic process///negative regulation of ripoptosome assembly involved in necroptotic process///neural tube formation///phosphorylation///positive regulation of I-kappaB kinase/NF-kappaB signaling///positive regulation of JNK cascade///protein phosphorylation///regulation of reactive oxygen species metabolic process///regulation of transcription, DNA-templated///response to stress///signal transduction///transcription, DNA-templated///transforming growth factor beta receptor signaling pathway"	"cytoplasm///intracellular///membrane///plasma membrane"	"GO:0005524///GO:0004708///GO:0004709///GO:0016301///GO:0000287///GO:0046872///GO:0000166///GO:0005515///GO:0004672///GO:0004674///GO:0097110///GO:0016740///GO:0016772"	"GO:0007252///GO:0000165///GO:0000187///GO:0001525///GO:0006915///GO:2001234///GO:2001234///GO:0060546///GO:2000378///GO:1902443///GO:0001841///GO:0016310///GO:0043123///GO:0046330///GO:0006468///GO:2000377///GO:0006355///GO:0006950///GO:0007165///GO:0006351///GO:0007179"	"GO:0005737///GO:0005622///GO:0016020///GO:0005886"
"1423644_at"	0.788143384752378	0.248911008608423	1.22207920910173	-5.07925996797355	0.139397257282599	"Aco1"	"aconitase 1"	"11428"	"4 20.24 cM"	"4 iron, 4 sulfur cluster binding///RNA binding///aconitate hydratase activity///aconitate hydratase activity///iron-responsive element binding///iron-responsive element binding///iron-sulfur cluster binding///lyase activity///mRNA 5'-UTR binding///metal ion binding"	"cellular iron ion homeostasis///cellular iron ion homeostasis///cellular iron ion homeostasis///citrate metabolic process///intestinal absorption///metabolic process///post-embryonic development///regulation of gene expression///regulation of translation///response to iron(II) ion///tricarboxylic acid cycle"	"Golgi apparatus///cell///cytoplasm///cytoplasm///cytosol///cytosol///endoplasmic reticulum///extracellular vesicular exosome///intracellular membrane-bounded organelle///mitochondrion///mitochondrion"	"GO:0051539///GO:0003723///GO:0003994///GO:0003994///GO:0030350///GO:0030350///GO:0051536///GO:0016829///GO:0048027///GO:0046872"	"GO:0006879///GO:0006879///GO:0006879///GO:0006101///GO:0050892///GO:0008152///GO:0009791///GO:0010468///GO:0006417///GO:0010040///GO:0006099"	"GO:0005794///GO:0005623///GO:0005737///GO:0005737///GO:0005829///GO:0005829///GO:0005783///GO:0070062///GO:0043231///GO:0005739///GO:0005739"
"1443485_at"	0.79123494146603	0.254470251789645	-1.20687411388809	-5.09505980833116	-0.470928721547946	"Epha7"	"Eph receptor A7"	"13841"	"4 12.42 cM"	"ATP binding///GPI-linked ephrin receptor activity///axon guidance receptor activity///chemorepellent activity///ephrin receptor activity///ephrin receptor binding///kinase activity///nucleotide binding///protein binding///protein kinase activity///protein tyrosine kinase activity///transferase activity///transferase activity, transferring phosphorus-containing groups///transmembrane receptor protein tyrosine kinase activity"	"apoptotic process///brain development///branching morphogenesis of a nerve///ephrin receptor signaling pathway///ephrin receptor signaling pathway///multicellular organismal development///negative chemotaxis///nervous system development///peptidyl-tyrosine phosphorylation///peptidyl-tyrosine phosphorylation///phosphorylation///positive regulation of apoptotic process///positive regulation of neuron apoptotic process///protein phosphorylation///regulation of ERK1 and ERK2 cascade///regulation of cell-cell adhesion///regulation of cysteine-type endopeptidase activity involved in apoptotic process///regulation of peptidyl-tyrosine phosphorylation///regulation of peptidyl-tyrosine phosphorylation///regulation of protein autophosphorylation///retinal ganglion cell axon guidance///signal transduction///transmembrane receptor protein tyrosine kinase signaling pathway"	"dendrite///integral component of membrane///integral component of plasma membrane///membrane///neuromuscular junction///neuronal cell body///plasma membrane///postsynaptic membrane"	"GO:0005524///GO:0005004///GO:0008046///GO:0045499///GO:0005003///GO:0046875///GO:0016301///GO:0000166///GO:0005515///GO:0004672///GO:0004713///GO:0016740///GO:0016772///GO:0004714"	"GO:0006915///GO:0007420///GO:0048755///GO:0048013///GO:0048013///GO:0007275///GO:0050919///GO:0007399///GO:0018108///GO:0018108///GO:0016310///GO:0043065///GO:0043525///GO:0006468///GO:0070372///GO:0022407///GO:0043281///GO:0050730///GO:0050730///GO:0031952///GO:0031290///GO:0007165///GO:0007169"	"GO:0030425///GO:0016021///GO:0005887///GO:0016020///GO:0031594///GO:0043025///GO:0005886///GO:0045211"
"1440555_at"	0.797136022203748	0.261881941760552	1.18701032838605	-5.115483761078	0.937852027139073	"Rragd"	"Ras-related GTP binding D"	"52187"	"4 14.57 cM"	"GTP binding///nucleotide binding///protein heterodimerization activity"	"biological_process"	"cytoplasm///lysosome///nucleus"	"GO:0005525///GO:0000166///GO:0046982"	"GO:0008150"	"GO:0005737///GO:0005764///GO:0005634"
"1421386_at"	0.809516153934983	0.287219296584723	-1.12229822653377	-5.1802731675257	-0.912785878037789	"Ankrd6"	"ankyrin repeat domain 6"	"140577"	"4"	"protein binding"	"negative regulation of canonical Wnt signaling pathway///negative regulation of canonical Wnt signaling pathway///positive regulation of JNK cascade///positive regulation of Wnt signaling pathway, planar cell polarity pathway"	"cytoplasm///nucleus"	"GO:0005515"	"GO:0090090///GO:0090090///GO:0046330///GO:2000096"	"GO:0005737///GO:0005634"
"1417723_at"	0.809906797212574	0.287988684472947	-1.12040427866308	-5.1821282178895	-0.212607387726641	"Ube2j1"	"ubiquitin-conjugating enzyme E2J 1"	"56228"	"4"	"ATP binding///ligase activity///nucleotide binding///ubiquitin-protein transferase activity"	"ER-associated ubiquitin-dependent protein catabolic process///protein N-linked glycosylation via asparagine///protein ubiquitination"	"cellular_component///endoplasmic reticulum///integral component of membrane///membrane"	"GO:0005524///GO:0016874///GO:0000166///GO:0004842"	"GO:0030433///GO:0018279///GO:0016567"	"GO:0005575///GO:0005783///GO:0016021///GO:0016020"
"1428248_at"	0.819090352395802	0.304037997089466	-1.08175993505878	-5.21945453072897	-0.16265579798248	"Nfx1"	"nuclear transcription factor, X-box binding 1"	"74164"	"4 20.72 cM"	"DNA binding///UDP-N-acetylmuramoylalanyl-D-glutamyl-2,6-diaminopimelate-D-alanyl-D-alanine ligase activity///coenzyme F420-0 gamma-glutamyl ligase activity///coenzyme F420-2 alpha-glutamyl ligase activity///ligase activity///metal ion binding///nucleic acid binding///poly(A) RNA binding///protein binding///protein-glutamic acid ligase activity///protein-glycine ligase activity///protein-glycine ligase activity, elongating///protein-glycine ligase activity, initiating///ribosomal S6-glutamic acid ligase activity///sequence-specific DNA binding transcription factor activity///tubulin-glutamic acid ligase activity///tubulin-glycine ligase activity///zinc ion binding"	"negative regulation of MHC class II biosynthetic process///negative regulation of transcription from RNA polymerase II promoter///regulation of transcription, DNA-templated///transcription, DNA-templated"	"cellular_component///nucleus"	"GO:0003677///GO:0008766///GO:0043773///GO:0043774///GO:0016874///GO:0046872///GO:0003676///GO:0044822///GO:0005515///GO:0070739///GO:0070735///GO:0070737///GO:0070736///GO:0018169///GO:0003700///GO:0070740///GO:0070738///GO:0008270"	"GO:0045347///GO:0000122///GO:0006355///GO:0006351"	"GO:0005575///GO:0005634"
"1451991_at"	0.826267769830283	0.320954858199524	-1.04267886275129	-5.25616672261339	-0.448922651800333	"Epha7"	"Eph receptor A7"	"13841"	"4 12.42 cM"	"ATP binding///GPI-linked ephrin receptor activity///axon guidance receptor activity///chemorepellent activity///ephrin receptor activity///ephrin receptor binding///kinase activity///nucleotide binding///protein binding///protein kinase activity///protein tyrosine kinase activity///transferase activity///transferase activity, transferring phosphorus-containing groups///transmembrane receptor protein tyrosine kinase activity"	"apoptotic process///brain development///branching morphogenesis of a nerve///ephrin receptor signaling pathway///ephrin receptor signaling pathway///multicellular organismal development///negative chemotaxis///nervous system development///peptidyl-tyrosine phosphorylation///peptidyl-tyrosine phosphorylation///phosphorylation///positive regulation of apoptotic process///positive regulation of neuron apoptotic process///protein phosphorylation///regulation of ERK1 and ERK2 cascade///regulation of cell-cell adhesion///regulation of cysteine-type endopeptidase activity involved in apoptotic process///regulation of peptidyl-tyrosine phosphorylation///regulation of peptidyl-tyrosine phosphorylation///regulation of protein autophosphorylation///retinal ganglion cell axon guidance///signal transduction///transmembrane receptor protein tyrosine kinase signaling pathway"	"dendrite///integral component of membrane///integral component of plasma membrane///membrane///neuromuscular junction///neuronal cell body///plasma membrane///postsynaptic membrane"	"GO:0005524///GO:0005004///GO:0008046///GO:0045499///GO:0005003///GO:0046875///GO:0016301///GO:0000166///GO:0005515///GO:0004672///GO:0004713///GO:0016740///GO:0016772///GO:0004714"	"GO:0006915///GO:0007420///GO:0048755///GO:0048013///GO:0048013///GO:0007275///GO:0050919///GO:0007399///GO:0018108///GO:0018108///GO:0016310///GO:0043065///GO:0043525///GO:0006468///GO:0070372///GO:0022407///GO:0043281///GO:0050730///GO:0050730///GO:0031952///GO:0031290///GO:0007165///GO:0007169"	"GO:0030425///GO:0016021///GO:0005887///GO:0016020///GO:0031594///GO:0043025///GO:0005886///GO:0045211"
"1433668_at"	0.8431687121328	0.354021110335692	0.970535826282112	-5.32110580787284	0.130390026853039	"Pnrc1"	"proline-rich nuclear receptor coactivator 1"	"108767"	"4"	"molecular_function"	"biological_process"	"cellular_component"	"GO:0003674"	"GO:0008150"	"GO:0005575"
"1446929_at"	0.848485821168631	0.365205573737014	-0.947254005876736	-5.34125581487697	-0.691244311130156	"D130062J21Rik"	"RIKEN cDNA D130062J21 gene"	"100038651"	"4"	"molecular_function"	"biological_process"	"cellular_component"	"GO:0003674"	"GO:0008150"	"GO:0005575"
"1458866_at"	0.851978831527877	0.372426509281099	0.932494073739158	-5.3538216100574	1.35200511559686	"Tmem215"	"transmembrane protein 215"	"320500"	"4"	"molecular_function"	"biological_process"	"cellular_component///integral component of membrane///membrane"	"GO:0003674"	"GO:0008150"	"GO:0005575///GO:0016021///GO:0016020"
"1458572_at"	0.853519851173868	0.376779478367218	-0.923694858040455	-5.36123500912742	-0.336839560631273	"Chmp5"	"charged multivesicular body protein 5"	"76959"	"4"	"molecular_function"	"endosome to lysosome transport///lysosome organization///protein transport///regulation of receptor recycling///transport///vacuolar transport"	"cell///cytoplasm///endosome///extracellular vesicular exosome///intracellular///membrane///nucleus"	"GO:0003674"	"GO:0008333///GO:0007040///GO:0015031///GO:0001919///GO:0006810///GO:0007034"	"GO:0005623///GO:0005737///GO:0005768///GO:0070062///GO:0005622///GO:0016020///GO:0005634"
"1428468_at"	0.858232965136051	0.385583755382272	-0.906115527152085	-5.3758703274133	-0.111619709607623	"3110043O21Rik"	"RIKEN cDNA 3110043O21 gene"	"73205"	"4"	"Rab GTPase binding///Rab GTPase binding///protein binding"	"autophagy///endocytosis"	"autophagic vacuole///cytoplasm///cytoplasmic vesicle///endosome///extracellular region///extracellular space///extracellular space///lysosome///nucleus///nucleus"	"GO:0017137///GO:0017137///GO:0005515"	"GO:0006914///GO:0006897"	"GO:0005776///GO:0005737///GO:0031410///GO:0005768///GO:0005576///GO:0005615///GO:0005615///GO:0005764///GO:0005634///GO:0005634"
"1439585_at"	0.867201601783845	0.406571298468857	-0.865315129962174	-5.40892517745293	-0.748601638187468	"Mdn1"	"midasin homolog (yeast)"	"100019"	"4 14.3 cM"	"ATP binding///molecular_function///nucleotide binding"	"biological_process"	"cytoplasm///intermediate filament cytoskeleton///membrane///nucleolus///nucleus"	"GO:0005524///GO:0003674///GO:0000166"	"GO:0008150"	"GO:0005737///GO:0045111///GO:0016020///GO:0005730///GO:0005634"
"1416394_at"	0.87828259514023	0.43419005231651	0.813766890103636	-5.44882544935928	0.0931358202331527	"Bag1"	"BCL2-associated athanogene 1"	"12017"	"4 B1"	"chaperone binding///phosphoprotein binding///protein binding"	"apoptotic process///chaperone cofactor-dependent protein refolding///negative regulation of apoptotic process///negative regulation of apoptotic process///negative regulation of apoptotic process///negative regulation of motor neuron apoptotic process///negative regulation of protein phosphorylation///neuron differentiation///positive regulation of neuron apoptotic process///positive regulation of transcription from RNA polymerase II promoter///protein localization to mitochondrion"	"cytoplasm///cytosol///cytosol///mitochondrion///nucleus///nucleus///perinuclear region of cytoplasm"	"GO:0051087///GO:0051219///GO:0005515"	"GO:0006915///GO:0070389///GO:0043066///GO:0043066///GO:0043066///GO:2000672///GO:0001933///GO:0030182///GO:0043525///GO:0045944///GO:0070585"	"GO:0005737///GO:0005829///GO:0005829///GO:0005739///GO:0005634///GO:0005634///GO:0048471"
"1417675_a_at"	0.88084298651741	0.438880700085619	-0.805232652476009	-5.45522701900571	-0.145282790444182	"Mdn1"	"midasin homolog (yeast)"	"100019"	"4 14.3 cM"	"ATP binding///molecular_function///nucleotide binding"	"biological_process"	"cytoplasm///intermediate filament cytoskeleton///membrane///nucleolus///nucleus"	"GO:0005524///GO:0003674///GO:0000166"	"GO:0008150"	"GO:0005737///GO:0045111///GO:0016020///GO:0005730///GO:0005634"
"1447665_at"	0.886648260115823	0.457089330679476	-0.772660667749478	-5.47911743859705	-0.853957890935141	"Lingo2"	"leucine rich repeat and Ig domain containing 2"	"242384"	"4"	"molecular_function"	"biological_process"	"integral component of membrane///membrane"	"GO:0003674"	"GO:0008150"	"GO:0016021///GO:0016020"
"1429284_at"	0.90875408120643	0.526153974028516	-0.656087593761921	-5.55739894798404	-0.211298897853221	"Mob3b"	"MOB kinase activator 3B"	"214944"	"4 16.86 cM"	"metal ion binding///molecular_function"	"biological_process"	"cellular_component"	"GO:0046872///GO:0003674"	"GO:0008150"	"GO:0005575"
"1418848_at"	0.909480146805219	0.529454947964089	-0.650755571773371	-5.56070310168166	-0.693231864676604	"Aqp7"	"aquaporin 7"	"11832"	"4 B1"	"glycerol channel activity///porin activity///transporter activity///urea channel activity///water channel activity///water channel activity"	"carbohydrate transmembrane transport///glycerol transport///glycerol transport///ion transport///renal water absorption///transmembrane transport///transport///urea transmembrane transport///urea transport///water transport///water transport"	"brush border membrane///cell-cell junction///cytoplasm///integral component of membrane///integral component of plasma membrane///membrane///plasma membrane///pore complex///ribonucleoprotein complex"	"GO:0015254///GO:0015288///GO:0005215///GO:0015265///GO:0015250///GO:0015250"	"GO:0034219///GO:0015793///GO:0015793///GO:0006811///GO:0070295///GO:0055085///GO:0006810///GO:0071918///GO:0015840///GO:0006833///GO:0006833"	"GO:0031526///GO:0005911///GO:0005737///GO:0016021///GO:0005887///GO:0016020///GO:0005886///GO:0046930///GO:0030529"
"1436515_at"	0.924575430204497	0.58639379845363	0.561611576820628	-5.61225479408153	0.143446029174003	"Bach2"	"BTB and CNC homology 2"	"12014"	"4"	"DNA binding///RNA polymerase II distal enhancer sequence-specific DNA binding///RNA polymerase II distal enhancer sequence-specific DNA binding transcription factor activity involved in negative regulation of transcription///protein binding///sequence-specific DNA binding///sequence-specific DNA binding transcription factor activity"	"negative regulation of transcription from RNA polymerase II promoter///regulation of transcription, DNA-templated///transcription from RNA polymerase II promoter///transcription, DNA-templated"	"cytoplasm///nucleus"	"GO:0003677///GO:0000980///GO:0001206///GO:0005515///GO:0043565///GO:0003700"	"GO:0000122///GO:0006355///GO:0006366///GO:0006351"	"GO:0005737///GO:0005634"
"1437217_at"	0.927424886006274	0.600966899957305	-0.539566030434967	-5.62391378130832	-0.178330538506476	"Ankrd6"	"ankyrin repeat domain 6"	"140577"	"4"	"protein binding"	"negative regulation of canonical Wnt signaling pathway///negative regulation of canonical Wnt signaling pathway///positive regulation of JNK cascade///positive regulation of Wnt signaling pathway, planar cell polarity pathway"	"cytoplasm///nucleus"	"GO:0005515"	"GO:0090090///GO:0090090///GO:0046330///GO:2000096"	"GO:0005737///GO:0005634"
"1417539_at"	0.927520782387862	0.60157542711787	0.538651609126906	-5.62438791840515	0.0818601058485138	"Slc35a1"	"solute carrier family 35 (CMP-sialic acid transporter), member 1"	"24060"	"4"	"nucleotide-sugar transmembrane transporter activity///sugar:proton symporter activity"	"carbohydrate transport///nucleotide-sugar transport///transport"	"Golgi apparatus///Golgi membrane///integral component of membrane///membrane"	"GO:0005338///GO:0005351"	"GO:0008643///GO:0015780///GO:0006810"	"GO:0005794///GO:0000139///GO:0016021///GO:0016020"
"1426627_at"	0.928245827562222	0.604244153341134	0.53464702443654	-5.62645543157111	0.153243295745003	"Map3k7"	"mitogen-activated protein kinase kinase kinase 7"	"26409"	"4"	"ATP binding///MAP kinase kinase activity///MAP kinase kinase kinase activity///kinase activity///magnesium ion binding///metal ion binding///nucleotide binding///protein binding///protein kinase activity///protein serine/threonine kinase activity///scaffold protein binding///transferase activity///transferase activity, transferring phosphorus-containing groups"	"I-kappaB phosphorylation///MAPK cascade///activation of MAPK activity///angiogenesis///apoptotic process///negative regulation of apoptotic signaling pathway///negative regulation of apoptotic signaling pathway///negative regulation of necroptotic process///negative regulation of reactive oxygen species metabolic process///negative regulation of ripoptosome assembly involved in necroptotic process///neural tube formation///phosphorylation///positive regulation of I-kappaB kinase/NF-kappaB signaling///positive regulation of JNK cascade///protein phosphorylation///regulation of reactive oxygen species metabolic process///regulation of transcription, DNA-templated///response to stress///signal transduction///transcription, DNA-templated///transforming growth factor beta receptor signaling pathway"	"cytoplasm///intracellular///membrane///plasma membrane"	"GO:0005524///GO:0004708///GO:0004709///GO:0016301///GO:0000287///GO:0046872///GO:0000166///GO:0005515///GO:0004672///GO:0004674///GO:0097110///GO:0016740///GO:0016772"	"GO:0007252///GO:0000165///GO:0000187///GO:0001525///GO:0006915///GO:2001234///GO:2001234///GO:0060546///GO:2000378///GO:1902443///GO:0001841///GO:0016310///GO:0043123///GO:0046330///GO:0006468///GO:2000377///GO:0006355///GO:0006950///GO:0007165///GO:0006351///GO:0007179"	"GO:0005737///GO:0005622///GO:0016020///GO:0005886"
"1436562_at"	0.928306604235818	0.604594775193323	-0.534121576158974	-5.62672563657815	-0.107106034473808	"Ddx58"	"DEAD (Asp-Glu-Ala-Asp) box polypeptide 58"	"230073"	"4"	"ATP binding///RNA binding///double-stranded DNA binding///double-stranded RNA binding///double-stranded RNA binding///helicase activity///hydrolase activity///hydrolase activity, acting on acid anhydrides///identical protein binding///metal ion binding///nucleic acid binding///nucleotide binding///protein binding///single-stranded RNA binding///single-stranded RNA binding///zinc ion binding"	"RIG-I signaling pathway///defense response to virus///detection of virus///immune system process///innate immune response///innate immune response///positive regulation of defense response to virus by host///positive regulation of interferon-alpha production///positive regulation of interferon-beta production///positive regulation of interferon-beta production///positive regulation of transcription factor import into nucleus///positive regulation of transcription from RNA polymerase II promoter///regulation of cell migration///response to exogenous dsRNA///response to virus"	"actin cytoskeleton///cell junction///cell projection///cytoplasm///cytoskeleton///membrane///plasma membrane///ruffle membrane///tight junction"	"GO:0005524///GO:0003723///GO:0003690///GO:0003725///GO:0003725///GO:0004386///GO:0016787///GO:0016817///GO:0042802///GO:0046872///GO:0003676///GO:0000166///GO:0005515///GO:0003727///GO:0003727///GO:0008270"	"GO:0039529///GO:0051607///GO:0009597///GO:0002376///GO:0045087///GO:0045087///GO:0002230///GO:0032727///GO:0032728///GO:0032728///GO:0042993///GO:0045944///GO:0030334///GO:0043330///GO:0009615"	"GO:0015629///GO:0030054///GO:0042995///GO:0005737///GO:0005856///GO:0016020///GO:0005886///GO:0032587///GO:0005923"
"1449693_at"	0.930951839439334	0.621934015417463	-0.508328248695711	-5.6396813565786	-0.305784076537604	"Map3k7"	"mitogen-activated protein kinase kinase kinase 7"	"26409"	"4"	"ATP binding///MAP kinase kinase activity///MAP kinase kinase kinase activity///kinase activity///magnesium ion binding///metal ion binding///nucleotide binding///protein binding///protein kinase activity///protein serine/threonine kinase activity///scaffold protein binding///transferase activity///transferase activity, transferring phosphorus-containing groups"	"I-kappaB phosphorylation///MAPK cascade///activation of MAPK activity///angiogenesis///apoptotic process///negative regulation of apoptotic signaling pathway///negative regulation of apoptotic signaling pathway///negative regulation of necroptotic process///negative regulation of reactive oxygen species metabolic process///negative regulation of ripoptosome assembly involved in necroptotic process///neural tube formation///phosphorylation///positive regulation of I-kappaB kinase/NF-kappaB signaling///positive regulation of JNK cascade///protein phosphorylation///regulation of reactive oxygen species metabolic process///regulation of transcription, DNA-templated///response to stress///signal transduction///transcription, DNA-templated///transforming growth factor beta receptor signaling pathway"	"cytoplasm///intracellular///membrane///plasma membrane"	"GO:0005524///GO:0004708///GO:0004709///GO:0016301///GO:0000287///GO:0046872///GO:0000166///GO:0005515///GO:0004672///GO:0004674///GO:0097110///GO:0016740///GO:0016772"	"GO:0007252///GO:0000165///GO:0000187///GO:0001525///GO:0006915///GO:2001234///GO:2001234///GO:0060546///GO:2000378///GO:1902443///GO:0001841///GO:0016310///GO:0043123///GO:0046330///GO:0006468///GO:2000377///GO:0006355///GO:0006950///GO:0007165///GO:0006351///GO:0007179"	"GO:0005737///GO:0005622///GO:0016020///GO:0005886"
"1417755_at"	0.932055108085895	0.63206956233679	0.493417962237386	-5.64689387865953	0.0808910743709141	"Topors"	"topoisomerase I binding, arginine/serine-rich"	"106021"	"4"	"DNA binding///DNA topoisomerase binding///SUMO ligase activity///UDP-N-acetylmuramoylalanyl-D-glutamyl-2,6-diaminopimelate-D-alanyl-D-alanine ligase activity///antigen binding///coenzyme F420-0 gamma-glutamyl ligase activity///coenzyme F420-2 alpha-glutamyl ligase activity///ligase activity///metal ion binding///protein binding///protein-glutamic acid ligase activity///protein-glycine ligase activity///protein-glycine ligase activity, elongating///protein-glycine ligase activity, initiating///ribosomal S6-glutamic acid ligase activity///tubulin-glutamic acid ligase activity///tubulin-glycine ligase activity///ubiquitin-protein transferase activity///zinc ion binding"	"cellular response to DNA damage stimulus///cellular response to DNA damage stimulus///intrinsic apoptotic signaling pathway in response to DNA damage///intrinsic apoptotic signaling pathway in response to DNA damage by p53 class mediator///maintenance of protein location in nucleus///positive regulation of transcription, DNA-templated///positive regulation of ubiquitin-protein transferase activity///proteasome-mediated ubiquitin-dependent protein catabolic process///protein K48-linked ubiquitination///protein localization to nucleus///protein monoubiquitination///protein sumoylation///regulation of cell proliferation///ubiquitin-dependent protein catabolic process"	"PML body///colocalizes_with PML body///centriole///ciliary basal body///ciliary basal body///gamma-tubulin complex///nuclear speck///nucleus///nucleus///photoreceptor connecting cilium///photoreceptor connecting cilium///spindle pole///ubiquitin ligase complex"	"GO:0003677///GO:0044547///GO:0019789///GO:0008766///GO:0003823///GO:0043773///GO:0043774///GO:0016874///GO:0046872///GO:0005515///GO:0070739///GO:0070735///GO:0070737///GO:0070736///GO:0018169///GO:0070740///GO:0070738///GO:0004842///GO:0008270"	"GO:0006974///GO:0006974///GO:0008630///GO:0042771///GO:0051457///GO:0045893///GO:0051443///GO:0043161///GO:0070936///GO:0034504///GO:0006513///GO:0016925///GO:0042127///GO:0006511"	"GO:0016605///colocalizes_with GO:0016605///GO:0005814///GO:0036064///GO:0036064///GO:0000930///GO:0016607///GO:0005634///GO:0005634///GO:0032391///GO:0032391///GO:0000922///GO:0000151"
"1438524_x_at"	0.933318312641682	0.63669108279299	-0.486658329060161	-5.65009656234373	-0.544055829357188	"Pnrc1"	"proline-rich nuclear receptor coactivator 1"	"108767"	"4"	"molecular_function"	"biological_process"	"cellular_component"	"GO:0003674"	"GO:0008150"	"GO:0005575"
"1447801_x_at"	0.941278162901729	0.664402231317935	-0.446608872811101	-5.6682070749082	-0.333639300297249	"Map3k7"	"mitogen-activated protein kinase kinase kinase 7"	"26409"	"4"	"ATP binding///MAP kinase kinase activity///MAP kinase kinase kinase activity///kinase activity///magnesium ion binding///metal ion binding///nucleotide binding///protein binding///protein kinase activity///protein serine/threonine kinase activity///scaffold protein binding///transferase activity///transferase activity, transferring phosphorus-containing groups"	"I-kappaB phosphorylation///MAPK cascade///activation of MAPK activity///angiogenesis///apoptotic process///negative regulation of apoptotic signaling pathway///negative regulation of apoptotic signaling pathway///negative regulation of necroptotic process///negative regulation of reactive oxygen species metabolic process///negative regulation of ripoptosome assembly involved in necroptotic process///neural tube formation///phosphorylation///positive regulation of I-kappaB kinase/NF-kappaB signaling///positive regulation of JNK cascade///protein phosphorylation///regulation of reactive oxygen species metabolic process///regulation of transcription, DNA-templated///response to stress///signal transduction///transcription, DNA-templated///transforming growth factor beta receptor signaling pathway"	"cytoplasm///intracellular///membrane///plasma membrane"	"GO:0005524///GO:0004708///GO:0004709///GO:0016301///GO:0000287///GO:0046872///GO:0000166///GO:0005515///GO:0004672///GO:0004674///GO:0097110///GO:0016740///GO:0016772"	"GO:0007252///GO:0000165///GO:0000187///GO:0001525///GO:0006915///GO:2001234///GO:2001234///GO:0060546///GO:2000378///GO:1902443///GO:0001841///GO:0016310///GO:0043123///GO:0046330///GO:0006468///GO:2000377///GO:0006355///GO:0006950///GO:0007165///GO:0006351///GO:0007179"	"GO:0005737///GO:0005622///GO:0016020///GO:0005886"
"1458730_at"	0.941497845145796	0.665372771561334	-0.445220461608803	-5.66880825368062	-0.536642279290075	"Gm20066"	"predicted gene, 20066"	"100504106"	"4 14.07 cM"	""	""	""	""	""	""
"1434056_a_at"	0.943743293981227	0.673548886467924	0.433560336991039	-5.67378617971769	0.0580363768380536	"Ndufb6"	"NADH dehydrogenase (ubiquinone) 1 beta subcomplex, 6"	"230075"	"4"	""	"oxidation-reduction process///transport"	"integral component of membrane///membrane///mitochondrial inner membrane///mitochondrial membrane///mitochondrial respiratory chain complex I///mitochondrion///respiratory chain"	""	"GO:0055114///GO:0006810"	"GO:0016021///GO:0016020///GO:0005743///GO:0031966///GO:0005747///GO:0005739///GO:0070469"
"1450300_at"	0.944559457066791	0.676617076675554	-0.429201152677175	-5.67561461248387	-0.327212631086395	"Gabrr1"	"gamma-aminobutyric acid (GABA) C receptor, subunit rho 1"	"14408"	"4 14.68 cM"	"GABA receptor activity///GABA-A receptor activity///chloride channel activity///extracellular ligand-gated ion channel activity///protein domain specific binding///protein heterodimerization activity///protein homodimerization activity"	"chloride transport///ion transport///signal transduction///transport"	"cell junction///chloride channel complex///integral component of membrane///membrane///plasma membrane///postsynaptic membrane///synapse"	"GO:0016917///GO:0004890///GO:0005254///GO:0005230///GO:0019904///GO:0046982///GO:0042803"	"GO:0006821///GO:0006811///GO:0007165///GO:0006810"	"GO:0030054///GO:0034707///GO:0016021///GO:0016020///GO:0005886///GO:0045211///GO:0045202"
"1432270_a_at"	0.945100604998243	0.677879857898675	-0.4274095896856	-5.67636092205684	-0.0486096899944251	"Chmp5"	"charged multivesicular body protein 5"	"76959"	"4"	"molecular_function"	"endosome to lysosome transport///lysosome organization///protein transport///regulation of receptor recycling///transport///vacuolar transport"	"cell///cytoplasm///endosome///extracellular vesicular exosome///intracellular///membrane///nucleus"	"GO:0003674"	"GO:0008333///GO:0007040///GO:0015031///GO:0001919///GO:0006810///GO:0007034"	"GO:0005623///GO:0005737///GO:0005768///GO:0070062///GO:0005622///GO:0016020///GO:0005634"
"1419752_at"	0.946407365868157	0.683930925783935	0.418845032686714	-5.6798871398938	0.0749075474940115	"Nfx1"	"nuclear transcription factor, X-box binding 1"	"74164"	"4 20.72 cM"	"DNA binding///UDP-N-acetylmuramoylalanyl-D-glutamyl-2,6-diaminopimelate-D-alanyl-D-alanine ligase activity///coenzyme F420-0 gamma-glutamyl ligase activity///coenzyme F420-2 alpha-glutamyl ligase activity///ligase activity///metal ion binding///nucleic acid binding///poly(A) RNA binding///protein binding///protein-glutamic acid ligase activity///protein-glycine ligase activity///protein-glycine ligase activity, elongating///protein-glycine ligase activity, initiating///ribosomal S6-glutamic acid ligase activity///sequence-specific DNA binding transcription factor activity///tubulin-glutamic acid ligase activity///tubulin-glycine ligase activity///zinc ion binding"	"negative regulation of MHC class II biosynthetic process///negative regulation of transcription from RNA polymerase II promoter///regulation of transcription, DNA-templated///transcription, DNA-templated"	"cellular_component///nucleus"	"GO:0003677///GO:0008766///GO:0043773///GO:0043774///GO:0016874///GO:0046872///GO:0003676///GO:0044822///GO:0005515///GO:0070739///GO:0070735///GO:0070737///GO:0070736///GO:0018169///GO:0003700///GO:0070740///GO:0070738///GO:0008270"	"GO:0045347///GO:0000122///GO:0006355///GO:0006351"	"GO:0005575///GO:0005634"
"1440361_at"	0.947937613359499	0.692252349917041	0.407120795075112	-5.68460272075468	0.38986636279355	"Gm12371"	"predicted gene 12371"	"100042132"	"4"	""	""	""	""	""	""
"1429851_at"	0.948334334452127	0.693845732206632	-0.404882771485724	-5.68548818893756	-0.467393150317862	"1700003M02Rik"	"RIKEN cDNA 1700003M02 gene"	"69329"	"4"	"molecular_function"	"biological_process"	"cellular_component"	"GO:0003674"	"GO:0008150"	"GO:0005575"
"1417754_at"	0.948556238837507	0.694368127365805	-0.404149505758437	-5.68577727856197	-0.10464731110658	"Topors"	"topoisomerase I binding, arginine/serine-rich"	"106021"	"4"	"DNA binding///DNA topoisomerase binding///SUMO ligase activity///UDP-N-acetylmuramoylalanyl-D-glutamyl-2,6-diaminopimelate-D-alanyl-D-alanine ligase activity///antigen binding///coenzyme F420-0 gamma-glutamyl ligase activity///coenzyme F420-2 alpha-glutamyl ligase activity///ligase activity///metal ion binding///protein binding///protein-glutamic acid ligase activity///protein-glycine ligase activity///protein-glycine ligase activity, elongating///protein-glycine ligase activity, initiating///ribosomal S6-glutamic acid ligase activity///tubulin-glutamic acid ligase activity///tubulin-glycine ligase activity///ubiquitin-protein transferase activity///zinc ion binding"	"cellular response to DNA damage stimulus///cellular response to DNA damage stimulus///intrinsic apoptotic signaling pathway in response to DNA damage///intrinsic apoptotic signaling pathway in response to DNA damage by p53 class mediator///maintenance of protein location in nucleus///positive regulation of transcription, DNA-templated///positive regulation of ubiquitin-protein transferase activity///proteasome-mediated ubiquitin-dependent protein catabolic process///protein K48-linked ubiquitination///protein localization to nucleus///protein monoubiquitination///protein sumoylation///regulation of cell proliferation///ubiquitin-dependent protein catabolic process"	"PML body///colocalizes_with PML body///centriole///ciliary basal body///ciliary basal body///gamma-tubulin complex///nuclear speck///nucleus///nucleus///photoreceptor connecting cilium///photoreceptor connecting cilium///spindle pole///ubiquitin ligase complex"	"GO:0003677///GO:0044547///GO:0019789///GO:0008766///GO:0003823///GO:0043773///GO:0043774///GO:0016874///GO:0046872///GO:0005515///GO:0070739///GO:0070735///GO:0070737///GO:0070736///GO:0018169///GO:0070740///GO:0070738///GO:0004842///GO:0008270"	"GO:0006974///GO:0006974///GO:0008630///GO:0042771///GO:0051457///GO:0045893///GO:0051443///GO:0043161///GO:0070936///GO:0034504///GO:0006513///GO:0016925///GO:0042127///GO:0006511"	"GO:0016605///colocalizes_with GO:0016605///GO:0005814///GO:0036064///GO:0036064///GO:0000930///GO:0016607///GO:0005634///GO:0005634///GO:0032391///GO:0032391///GO:0000922///GO:0000151"
"1460179_at"	0.948572346639182	0.694520648578683	-0.403935461948303	-5.68586156979839	-0.042728773368724	"Dnaja1"	"DnaJ (Hsp40) homolog, subfamily A, member 1"	"15502"	"4"	"ATP binding///G-protein coupled receptor binding///Hsp70 protein binding///chaperone binding///heat shock protein binding///low-density lipoprotein particle receptor binding///metal ion binding///ubiquitin protein ligase binding///unfolded protein binding"	"DNA damage response, detection of DNA damage///androgen receptor signaling pathway///negative regulation of JUN kinase activity///negative regulation of apoptotic process///negative regulation of protein ubiquitination///positive regulation of apoptotic process///protein folding///protein localization to mitochondrion///regulation of protein transport///response to heat///sperm motility///spermatogenesis///toxin transport"	"cytosol///extracellular vesicular exosome///membrane///colocalizes_with ubiquitin ligase complex"	"GO:0005524///GO:0001664///GO:0030544///GO:0051087///GO:0031072///GO:0050750///GO:0046872///GO:0031625///GO:0051082"	"GO:0042769///GO:0030521///GO:0043508///GO:0043066///GO:0031397///GO:0043065///GO:0006457///GO:0070585///GO:0051223///GO:0009408///GO:0030317///GO:0007283///GO:1901998"	"GO:0005829///GO:0070062///GO:0016020///colocalizes_with GO:0000151"
"1436308_at"	0.94965451854571	0.699212381041382	-0.397360916875993	-5.68842963226855	-0.0689026583786125	"Zfp292"	"zinc finger protein 292"	"30046"	"4 16.86 cM"	"DNA binding///RNA polymerase II core promoter proximal region sequence-specific DNA binding transcription factor activity involved in positive regulation of transcription///metal ion binding///nucleic acid binding"	"positive regulation of transcription from RNA polymerase II promoter///regulation of transcription, DNA-templated///transcription from RNA polymerase II promoter///transcription, DNA-templated"	"nucleus"	"GO:0003677///GO:0001077///GO:0046872///GO:0003676"	"GO:0045944///GO:0006355///GO:0006366///GO:0006351"	"GO:0005634"
"1416117_at"	0.950864134176704	0.705423231249724	-0.388686024796361	-5.69175572802449	-0.127518090448035	"Orc3"	"origin recognition complex, subunit 3"	"50793"	"4 A3"	"DNA binding///molecular_function"	"DNA replication///neural precursor cell proliferation"	"nuclear origin of replication recognition complex///nucleus///origin recognition complex"	"GO:0003677///GO:0003674"	"GO:0006260///GO:0061351"	"GO:0005664///GO:0005634///GO:0000808"
"1417538_at"	0.956324013434594	0.726132809473574	-0.359982977276989	-5.70225322972855	-0.0429268360290616	"Slc35a1"	"solute carrier family 35 (CMP-sialic acid transporter), member 1"	"24060"	"4"	"nucleotide-sugar transmembrane transporter activity///sugar:proton symporter activity"	"carbohydrate transport///nucleotide-sugar transport///transport"	"Golgi apparatus///Golgi membrane///integral component of membrane///membrane"	"GO:0005338///GO:0005351"	"GO:0008643///GO:0015780///GO:0006810"	"GO:0005794///GO:0000139///GO:0016021///GO:0016020"
"1448838_at"	0.959950211653937	0.740775293465865	0.339882444481973	-5.70913820453023	0.0516799274615671	"Topors"	"topoisomerase I binding, arginine/serine-rich"	"106021"	"4"	"DNA binding///DNA topoisomerase binding///SUMO ligase activity///UDP-N-acetylmuramoylalanyl-D-glutamyl-2,6-diaminopimelate-D-alanyl-D-alanine ligase activity///antigen binding///coenzyme F420-0 gamma-glutamyl ligase activity///coenzyme F420-2 alpha-glutamyl ligase activity///ligase activity///metal ion binding///protein binding///protein-glutamic acid ligase activity///protein-glycine ligase activity///protein-glycine ligase activity, elongating///protein-glycine ligase activity, initiating///ribosomal S6-glutamic acid ligase activity///tubulin-glutamic acid ligase activity///tubulin-glycine ligase activity///ubiquitin-protein transferase activity///zinc ion binding"	"cellular response to DNA damage stimulus///cellular response to DNA damage stimulus///intrinsic apoptotic signaling pathway in response to DNA damage///intrinsic apoptotic signaling pathway in response to DNA damage by p53 class mediator///maintenance of protein location in nucleus///positive regulation of transcription, DNA-templated///positive regulation of ubiquitin-protein transferase activity///proteasome-mediated ubiquitin-dependent protein catabolic process///protein K48-linked ubiquitination///protein localization to nucleus///protein monoubiquitination///protein sumoylation///regulation of cell proliferation///ubiquitin-dependent protein catabolic process"	"PML body///colocalizes_with PML body///centriole///ciliary basal body///ciliary basal body///gamma-tubulin complex///nuclear speck///nucleus///nucleus///photoreceptor connecting cilium///photoreceptor connecting cilium///spindle pole///ubiquitin ligase complex"	"GO:0003677///GO:0044547///GO:0019789///GO:0008766///GO:0003823///GO:0043773///GO:0043774///GO:0016874///GO:0046872///GO:0005515///GO:0070739///GO:0070735///GO:0070737///GO:0070736///GO:0018169///GO:0070740///GO:0070738///GO:0004842///GO:0008270"	"GO:0006974///GO:0006974///GO:0008630///GO:0042771///GO:0051457///GO:0045893///GO:0051443///GO:0043161///GO:0070936///GO:0034504///GO:0006513///GO:0016925///GO:0042127///GO:0006511"	"GO:0016605///colocalizes_with GO:0016605///GO:0005814///GO:0036064///GO:0036064///GO:0000930///GO:0016607///GO:0005634///GO:0005634///GO:0032391///GO:0032391///GO:0000922///GO:0000151"
"1450921_at"	0.961424210050041	0.747409926206034	0.330824054169379	-5.71211483174606	0.0470967865488676	"Aptx"	"aprataxin"	"66408"	"4 B1"	"DNA 5'-adenosine monophosphate hydrolase activity///DNA 5'-adenosine monophosphate hydrolase activity///DNA binding///GPI-anchor transamidase activity///catalytic activity///chromatin binding///coenzyme F390-A hydrolase activity///coenzyme F390-G hydrolase activity///damaged DNA binding///double-stranded DNA binding///double-stranded RNA binding///hydrolase activity///metal ion binding///phosphoglycolate phosphatase activity///phosphoprotein binding///polynucleotide 3'-phosphatase activity///protein N-terminus binding"	"DNA catabolic process, exonucleolytic///DNA catabolic process, exonucleolytic///DNA ligation///DNA repair///cellular response to DNA damage stimulus///dephosphorylation///double-strand break repair///polynucleotide 3' dephosphorylation///regulation of protein stability///response to hydrogen peroxide///single strand break repair///single strand break repair"	"chromatin///colocalizes_with nuclear chromatin///nucleolus///nucleoplasm///nucleoplasm///nucleus"	"GO:0033699///GO:0033699///GO:0003677///GO:0003923///GO:0003824///GO:0003682///GO:0052770///GO:0052771///GO:0003684///GO:0003690///GO:0003725///GO:0016787///GO:0046872///GO:0008967///GO:0051219///GO:0046403///GO:0047485"	"GO:0000738///GO:0000738///GO:0006266///GO:0006281///GO:0006974///GO:0016311///GO:0006302///GO:0098506///GO:0031647///GO:0042542///GO:0000012///GO:0000012"	"GO:0000785///colocalizes_with GO:0000790///GO:0005730///GO:0005654///GO:0005654///GO:0005634"
"1419753_at"	0.961732347811079	0.749919668443462	0.327405165243103	-5.71321787766269	0.0493355602070773	"Nfx1"	"nuclear transcription factor, X-box binding 1"	"74164"	"4 20.72 cM"	"DNA binding///UDP-N-acetylmuramoylalanyl-D-glutamyl-2,6-diaminopimelate-D-alanyl-D-alanine ligase activity///coenzyme F420-0 gamma-glutamyl ligase activity///coenzyme F420-2 alpha-glutamyl ligase activity///ligase activity///metal ion binding///nucleic acid binding///poly(A) RNA binding///protein binding///protein-glutamic acid ligase activity///protein-glycine ligase activity///protein-glycine ligase activity, elongating///protein-glycine ligase activity, initiating///ribosomal S6-glutamic acid ligase activity///sequence-specific DNA binding transcription factor activity///tubulin-glutamic acid ligase activity///tubulin-glycine ligase activity///zinc ion binding"	"negative regulation of MHC class II biosynthetic process///negative regulation of transcription from RNA polymerase II promoter///regulation of transcription, DNA-templated///transcription, DNA-templated"	"cellular_component///nucleus"	"GO:0003677///GO:0008766///GO:0043773///GO:0043774///GO:0016874///GO:0046872///GO:0003676///GO:0044822///GO:0005515///GO:0070739///GO:0070735///GO:0070737///GO:0070736///GO:0018169///GO:0003700///GO:0070740///GO:0070738///GO:0008270"	"GO:0045347///GO:0000122///GO:0006355///GO:0006351"	"GO:0005575///GO:0005634"
"1427119_at"	0.961737162251938	0.750199390241242	-0.327024373077344	-5.71334004062624	-0.19783860331686	"Spink4"	"serine peptidase inhibitor, Kazal type 4"	"20731"	"4 A"	"peptidase inhibitor activity///serine-type endopeptidase inhibitor activity"	"negative regulation of peptidase activity"	"extracellular region"	"GO:0030414///GO:0004867"	"GO:0010466"	"GO:0005576"
"1430961_at"	0.96375129505793	0.762305587896337	0.310592265610168	-5.71847914257425	0.158761810869556	"Zfp292"	"zinc finger protein 292"	"30046"	"4 16.86 cM"	"DNA binding///RNA polymerase II core promoter proximal region sequence-specific DNA binding transcription factor activity involved in positive regulation of transcription///metal ion binding///nucleic acid binding"	"positive regulation of transcription from RNA polymerase II promoter///regulation of transcription, DNA-templated///transcription from RNA polymerase II promoter///transcription, DNA-templated"	"nucleus"	"GO:0003677///GO:0001077///GO:0046872///GO:0003676"	"GO:0045944///GO:0006355///GO:0006366///GO:0006351"	"GO:0005634"
"1425669_at"	0.964778097299046	0.766543055333895	0.304862333407444	-5.7202101568034	0.143831314841741	"Mob3b"	"MOB kinase activator 3B"	"214944"	"4 16.86 cM"	"metal ion binding///molecular_function"	"biological_process"	"cellular_component"	"GO:0046872///GO:0003674"	"GO:0008150"	"GO:0005575"
"1447080_at"	0.965986982960866	0.771712704223909	0.297886584822984	-5.72227486940342	0.178372894471472	"Aco1"	"aconitase 1"	"11428"	"4 20.24 cM"	"4 iron, 4 sulfur cluster binding///RNA binding///aconitate hydratase activity///aconitate hydratase activity///iron-responsive element binding///iron-responsive element binding///iron-sulfur cluster binding///lyase activity///mRNA 5'-UTR binding///metal ion binding"	"cellular iron ion homeostasis///cellular iron ion homeostasis///cellular iron ion homeostasis///citrate metabolic process///intestinal absorption///metabolic process///post-embryonic development///regulation of gene expression///regulation of translation///response to iron(II) ion///tricarboxylic acid cycle"	"Golgi apparatus///cell///cytoplasm///cytoplasm///cytosol///cytosol///endoplasmic reticulum///extracellular vesicular exosome///intracellular membrane-bounded organelle///mitochondrion///mitochondrion"	"GO:0051539///GO:0003723///GO:0003994///GO:0003994///GO:0030350///GO:0030350///GO:0051536///GO:0016829///GO:0048027///GO:0046872"	"GO:0006879///GO:0006879///GO:0006879///GO:0006101///GO:0050892///GO:0008152///GO:0009791///GO:0010468///GO:0006417///GO:0010040///GO:0006099"	"GO:0005794///GO:0005623///GO:0005737///GO:0005737///GO:0005829///GO:0005829///GO:0005783///GO:0070062///GO:0043231///GO:0005739///GO:0005739"
"1419425_at"	0.968035075473211	0.784078846708127	0.281263148078267	-5.72700595999244	0.154967752466396	"Cnr1"	"cannabinoid receptor 1 (brain)"	"12801"	"4 16.28 cM"	"G-protein coupled receptor activity///cannabinoid receptor activity///drug binding///signal transducer activity"	"G-protein coupled receptor signaling pathway///adenylate cyclase-modulating G-protein coupled receptor signaling pathway///aging///axonal fasciculation///cannabinoid signaling pathway///glucose homeostasis///learning or memory///memory///negative regulation of action potential///negative regulation of blood pressure///negative regulation of dopamine secretion///negative regulation of fatty acid beta-oxidation///negative regulation of ion transport///negative regulation of mast cell activation///negative regulation of nitric-oxide synthase activity///positive regulation of acute inflammatory response to antigenic stimulus///positive regulation of apoptotic process///positive regulation of blood pressure///positive regulation of fever generation///positive regulation of neuron projection development///regulation of feeding behavior///regulation of insulin secretion///regulation of lipid metabolic process///regulation of penile erection///regulation of synaptic transmission, GABAergic///regulation of synaptic transmission, glutamatergic///response to cocaine///response to ethanol///response to lipopolysaccharide///response to morphine///response to nicotine///sensory perception of pain///signal transduction"	"axon///growth cone///integral component of membrane///colocalizes_with intracellular membrane-bounded organelle///membrane///plasma membrane"	"GO:0004930///GO:0004949///GO:0008144///GO:0004871"	"GO:0007186///GO:0007188///GO:0007568///GO:0007413///GO:0038171///GO:0042593///GO:0007611///GO:0007613///GO:0045759///GO:0045776///GO:0033602///GO:0031999///GO:0043271///GO:0033004///GO:0051001///GO:0002866///GO:0043065///GO:0045777///GO:0031622///GO:0010976///GO:0060259///GO:0050796///GO:0019216///GO:0060405///GO:0032228///GO:0051966///GO:0042220///GO:0045471///GO:0032496///GO:0043278///GO:0035094///GO:0019233///GO:0007165"	"GO:0030424///GO:0030426///GO:0016021///colocalizes_with GO:0043231///GO:0016020///GO:0005886"
"1429115_at"	0.97123156815505	0.799027292658406	0.261280275370991	-5.73233945382004	0.072429155870708	"Toporsos"	"topoisomerase I binding, arginine/serine-rich, opposite strand"	"100504309"	"4 20.24 cM"	""	""	""	""	""	""
"1456728_x_at"	0.973381931221829	0.814579593137746	-0.240610060575797	-5.73744874380922	-0.0376017203442292	"Aco1"	"aconitase 1"	"11428"	"4 20.24 cM"	"4 iron, 4 sulfur cluster binding///RNA binding///aconitate hydratase activity///aconitate hydratase activity///iron-responsive element binding///iron-responsive element binding///iron-sulfur cluster binding///lyase activity///mRNA 5'-UTR binding///metal ion binding"	"cellular iron ion homeostasis///cellular iron ion homeostasis///cellular iron ion homeostasis///citrate metabolic process///intestinal absorption///metabolic process///post-embryonic development///regulation of gene expression///regulation of translation///response to iron(II) ion///tricarboxylic acid cycle"	"Golgi apparatus///cell///cytoplasm///cytoplasm///cytosol///cytosol///endoplasmic reticulum///extracellular vesicular exosome///intracellular membrane-bounded organelle///mitochondrion///mitochondrion"	"GO:0051539///GO:0003723///GO:0003994///GO:0003994///GO:0030350///GO:0030350///GO:0051536///GO:0016829///GO:0048027///GO:0046872"	"GO:0006879///GO:0006879///GO:0006879///GO:0006101///GO:0050892///GO:0008152///GO:0009791///GO:0010468///GO:0006417///GO:0010040///GO:0006099"	"GO:0005794///GO:0005623///GO:0005737///GO:0005737///GO:0005829///GO:0005829///GO:0005783///GO:0070062///GO:0043231///GO:0005739///GO:0005739"
"1420735_at"	0.975435544657499	0.820427705317068	0.23286689906715	-5.73925569593794	0.240032035458994	"Gabrr2"	"gamma-aminobutyric acid (GABA) C receptor, subunit rho 2"	"14409"	"4 14.64 cM"	"GABA-A receptor activity///GABA-A receptor activity///chloride channel activity///extracellular ligand-gated ion channel activity///protein domain specific binding"	"chloride transport///NOT eye photoreceptor cell development///gamma-aminobutyric acid signaling pathway///ion transport///signal transduction///transport///visual perception"	"axon///cell junction///chloride channel complex///integral component of membrane///membrane///plasma membrane///postsynaptic membrane///synapse"	"GO:0004890///GO:0004890///GO:0005254///GO:0005230///GO:0019904"	"GO:0006821///NOT GO:0042462///GO:0007214///GO:0006811///GO:0007165///GO:0006810///GO:0007601"	"GO:0030424///GO:0030054///GO:0034707///GO:0016021///GO:0016020///GO:0005886///GO:0045211///GO:0045202"
"1434909_at"	0.980016558444163	0.859837460105632	-0.181055789727768	-5.74983969004219	-0.0308341971709023	"Rragd"	"Ras-related GTP binding D"	"52187"	"4 14.57 cM"	"GTP binding///nucleotide binding///protein heterodimerization activity"	"biological_process"	"cytoplasm///lysosome///nucleus"	"GO:0005525///GO:0000166///GO:0046982"	"GO:0008150"	"GO:0005737///GO:0005764///GO:0005634"
"1427935_at"	0.981522220042678	0.871383648333538	0.165983077781991	-5.75242487338657	0.0354118630296893	"Lyrm2"	"LYR motif containing 2"	"108755"	"4"	"molecular_function"	"biological_process"	"mitochondrion"	"GO:0003674"	"GO:0008150"	"GO:0005739"
"1455888_at"	0.985245172750063	0.889075633228271	0.142965961134725	-5.75594164501516	0.167034590191426	"Lingo2"	"leucine rich repeat and Ig domain containing 2"	"242384"	"4"	"molecular_function"	"biological_process"	"integral component of membrane///membrane"	"GO:0003674"	"GO:0008150"	"GO:0016021///GO:0016020"
"1422442_at"	0.986096378661129	0.895151116326944	0.135081570396319	-5.75702634134251	0.0124036891071189	"Smu1"	"smu-1 suppressor of mec-8 and unc-52 homolog (C. elegans)"	"74255"	"4"	"molecular_function"	"biological_process"	"cellular_component///cytoplasm///nucleus"	"GO:0003674"	"GO:0008150"	"GO:0005575///GO:0005737///GO:0005634"
"1422328_at"	0.98642169069926	0.898485806397606	-0.130757953390418	-5.75759514824297	-0.100986627548839	"Gja10"	"gap junction protein, alpha 10"	"14610"	"4 14.25 cM"	"gap junction channel activity"	"cell communication///detection of light stimulus involved in visual perception///gamete generation///response to light stimulus///synapse assembly///transmembrane transport"	"cell junction///connexon complex///gap junction///integral component of membrane///membrane///plasma membrane"	"GO:0005243"	"GO:0007154///GO:0050908///GO:0007276///GO:0009416///GO:0007416///GO:0055085"	"GO:0030054///GO:0005922///GO:0005921///GO:0016021///GO:0016020///GO:0005886"
"1432043_at"	0.986860198057415	0.900553916009304	-0.128077880661129	-5.75793847812355	-0.0894933507691631	"Smu1"	"smu-1 suppressor of mec-8 and unc-52 homolog (C. elegans)"	"74255"	"4"	"molecular_function"	"biological_process"	"cellular_component///cytoplasm///nucleus"	"GO:0003674"	"GO:0008150"	"GO:0005575///GO:0005737///GO:0005634"
"1435858_at"	0.987288111696982	0.903239229236363	-0.124599470794025	-5.75837351290971	-0.128053520213738	"Tmem215"	"transmembrane protein 215"	"320500"	"4"	"molecular_function"	"biological_process"	"cellular_component///integral component of membrane///membrane"	"GO:0003674"	"GO:0008150"	"GO:0005575///GO:0016021///GO:0016020"
"1431164_at"	0.988468018538704	0.91763278551446	-0.105981799115428	-5.76049893744698	-0.0905336004932573	"Rragd"	"Ras-related GTP binding D"	"52187"	"4 14.57 cM"	"GTP binding///nucleotide binding///protein heterodimerization activity"	"biological_process"	"cytoplasm///lysosome///nucleus"	"GO:0005525///GO:0000166///GO:0046982"	"GO:0008150"	"GO:0005737///GO:0005764///GO:0005634"
"1458397_at"	0.988468018538704	0.917936575717635	0.105589313037758	-5.76054005979838	0.0413902169300528	"Gm6297"	"predicted gene 6297"	"622208"	"4"	"molecular_function"	"biological_process"	"cellular_component"	"GO:0003674"	"GO:0008150"	"GO:0005575"
"1424209_at"	0.988641685922815	0.91980980377623	0.103169560626877	-5.7607902249271	0.0108006739440993	"Rars2"	"arginyl-tRNA synthetase 2, mitochondrial"	"109093"	"4"	"ATP binding///aminoacyl-tRNA ligase activity///arginine-tRNA ligase activity///ligase activity///nucleotide binding///poly(A) RNA binding"	"arginyl-tRNA aminoacylation///tRNA aminoacylation for protein translation///translation"	"cytoplasm///mitochondrion"	"GO:0005524///GO:0004812///GO:0004814///GO:0016874///GO:0000166///GO:0044822"	"GO:0006420///GO:0006418///GO:0006412"	"GO:0005737///GO:0005739"
"1450227_at"	0.9925572782346	0.941654517960365	-0.0749962582481975	-5.76327679457267	-0.0213606716553967	"Ankrd6"	"ankyrin repeat domain 6"	"140577"	"4"	"protein binding"	"negative regulation of canonical Wnt signaling pathway///negative regulation of canonical Wnt signaling pathway///positive regulation of JNK cascade///positive regulation of Wnt signaling pathway, planar cell polarity pathway"	"cytoplasm///nucleus"	"GO:0005515"	"GO:0090090///GO:0090090///GO:0046330///GO:2000096"	"GO:0005737///GO:0005634"
"1430292_a_at"	0.993300979926684	0.947674551766552	0.0672446680449113	-5.76382317516194	0.00736575731299727	"Smim8"	"small integral membrane protein 8"	"66291"	"4"	"molecular_function"	"biological_process"	"cellular_component///integral component of membrane///membrane"	"GO:0003674"	"GO:0008150"	"GO:0005575///GO:0016021///GO:0016020"
"1456890_at"	0.99644753639683	0.970130359143055	-0.0383647916716917	-5.76533490428259	-0.012786737369356	"Ddx58"	"DEAD (Asp-Glu-Ala-Asp) box polypeptide 58"	"230073"	"4"	"ATP binding///RNA binding///double-stranded DNA binding///double-stranded RNA binding///double-stranded RNA binding///helicase activity///hydrolase activity///hydrolase activity, acting on acid anhydrides///identical protein binding///metal ion binding///nucleic acid binding///nucleotide binding///protein binding///single-stranded RNA binding///single-stranded RNA binding///zinc ion binding"	"RIG-I signaling pathway///defense response to virus///detection of virus///immune system process///innate immune response///innate immune response///positive regulation of defense response to virus by host///positive regulation of interferon-alpha production///positive regulation of interferon-beta production///positive regulation of interferon-beta production///positive regulation of transcription factor import into nucleus///positive regulation of transcription from RNA polymerase II promoter///regulation of cell migration///response to exogenous dsRNA///response to virus"	"actin cytoskeleton///cell junction///cell projection///cytoplasm///cytoskeleton///membrane///plasma membrane///ruffle membrane///tight junction"	"GO:0005524///GO:0003723///GO:0003690///GO:0003725///GO:0003725///GO:0004386///GO:0016787///GO:0016817///GO:0042802///GO:0046872///GO:0003676///GO:0000166///GO:0005515///GO:0003727///GO:0003727///GO:0008270"	"GO:0039529///GO:0051607///GO:0009597///GO:0002376///GO:0045087///GO:0045087///GO:0002230///GO:0032727///GO:0032728///GO:0032728///GO:0042993///GO:0045944///GO:0030334///GO:0043330///GO:0009615"	"GO:0015629///GO:0030054///GO:0042995///GO:0005737///GO:0005856///GO:0016020///GO:0005886///GO:0032587///GO:0005923"
"1432675_at"	0.997860400768196	0.984895296182532	-0.0193967098476374	-5.76587807145059	-0.0283098997729399	"Mdn1"	"midasin homolog (yeast)"	"100019"	"4 14.3 cM"	"ATP binding///molecular_function///nucleotide binding"	"biological_process"	"cytoplasm///intermediate filament cytoskeleton///membrane///nucleolus///nucleus"	"GO:0005524///GO:0003674///GO:0000166"	"GO:0008150"	"GO:0005737///GO:0045111///GO:0016020///GO:0005730///GO:0005634"
