"ID (num probes:22690)"	"adj.P.Val"	"P.Value"	"t"	"B"	"logFC"	"Gene.symbol"	"Gene.title"	"Gene.ID"	"Chromosome.location"	"GO.Function"	"GO.Process"	"GO.Component"	"GO.Function.ID"	"GO.Process.ID"	"GO.Component.ID"
"1422600_at"	0.030473243711332	1.50231329947191e-06	-18.6654482061304	2.8694869201884	-4.51734625149572	"Rasgrf1"	"RAS protein-specific guanine nucleotide-releasing factor 1"	"19417"	"9 47.31 cM"	"Rho guanyl-nucleotide exchange factor activity///glutamate receptor binding///guanyl-nucleotide exchange factor activity///protein C-terminus binding///protein binding///protein kinase binding"	"activation of Rac GTPase activity///cell proliferation///intracellular signal transduction///neuron projection development///positive regulation of Ras GTPase activity///positive regulation of Ras protein signal transduction///regulation of N-methyl-D-aspartate selective glutamate receptor activity///regulation of Rac protein signal transduction///regulation of Ras protein signal transduction///regulation of Rho protein signal transduction///regulation of neuronal synaptic plasticity///regulation of small GTPase mediated signal transduction///regulation of synaptic plasticity///small GTPase mediated signal transduction"	"cytosol///growth cone///intracellular"	"GO:0005089///GO:0035254///GO:0005085///GO:0008022///GO:0005515///GO:0019901"	"GO:0032863///GO:0008283///GO:0035556///GO:0031175///GO:0032320///GO:0046579///GO:2000310///GO:0035020///GO:0046578///GO:0035023///GO:0048168///GO:0051056///GO:0048167///GO:0007264"	"GO:0005829///GO:0030426///GO:0005622"
"1416686_at"	0.549377080804955	0.0103068236411352	-3.6795241569375	-2.3070765875271	-1.03824457590701	"Plod2"	"procollagen lysine, 2-oxoglutarate 5-dioxygenase 2"	"26432"	"9 48.4 cM"	"L-ascorbic acid binding///dioxygenase activity///iron ion binding///metal ion binding///oxidoreductase activity///oxidoreductase activity, acting on paired donors, with incorporation or reduction of molecular oxygen///oxidoreductase activity, acting on paired donors, with incorporation or reduction of molecular oxygen, 2-oxoglutarate as one donor, and incorporation of one atom each of oxygen into both donors///procollagen-lysine 5-dioxygenase activity"	"oxidation-reduction process"	"endoplasmic reticulum///extracellular vesicular exosome///membrane"	"GO:0031418///GO:0051213///GO:0005506///GO:0046872///GO:0016491///GO:0016705///GO:0016706///GO:0008475"	"GO:0055114"	"GO:0005783///GO:0070062///GO:0016020"
"1437004_at"	0.551744841392458	0.0127804418929871	-3.50077999059096	-2.50265495038821	-2.41176842556701	"Trim43a"	"tripartite motif-containing 43A"	"547109"	"9"	"metal ion binding///zinc ion binding"	"biological_process"	"cellular_component///intracellular"	"GO:0046872///GO:0008270"	"GO:0008150"	"GO:0005575///GO:0005622"
"1437913_at"	0.555075206901449	0.0145299074027322	-3.39607235656414	-2.6199390779799	-2.51680769662133	"Bcl2a1d///Bcl2a1b///Bcl2a1a"	"B cell leukemia/lymphoma 2 related protein A1d///B cell leukemia/lymphoma 2 related protein A1b///B cell leukemia/lymphoma 2 related protein A1a"	"12047///12045///12044"	"9///9///9 47.24 cM"	"BH domain binding///cysteine-type endopeptidase inhibitor activity involved in apoptotic process///protein heterodimerization activity///protein heterodimerization activity///protein homodimerization activity///BH domain binding///protein heterodimerization activity///protein heterodimerization activity///protein homodimerization activity///BH domain binding///protein binding///protein heterodimerization activity///protein heterodimerization activity///protein homodimerization activity"	"T cell differentiation///T cell receptor signaling pathway///extrinsic apoptotic signaling pathway in absence of ligand///intrinsic apoptotic signaling pathway in response to DNA damage///negative regulation of apoptotic process///negative regulation of cysteine-type endopeptidase activity involved in apoptotic process///negative regulation of intrinsic apoptotic signaling pathway///extrinsic apoptotic signaling pathway in absence of ligand///intrinsic apoptotic signaling pathway in response to DNA damage///negative regulation of apoptotic process///negative regulation of intrinsic apoptotic signaling pathway///B cell homeostasis///apoptotic process///extrinsic apoptotic signaling pathway in absence of ligand///intrinsic apoptotic signaling pathway in response to DNA damage///negative regulation of B cell apoptotic process///negative regulation of apoptotic process///negative regulation of intrinsic apoptotic signaling pathway///regulation of apoptotic process"	"mitochondrial outer membrane///mitochondrial outer membrane///cytoplasm///mitochondrial outer membrane"	"GO:0051400///GO:0043027///GO:0046982///GO:0046982///GO:0042803///GO:0051400///GO:0046982///GO:0046982///GO:0042803///GO:0051400///GO:0005515///GO:0046982///GO:0046982///GO:0042803"	"GO:0030217///GO:0050852///GO:0097192///GO:0008630///GO:0043066///GO:0043154///GO:2001243///GO:0097192///GO:0008630///GO:0043066///GO:2001243///GO:0001782///GO:0006915///GO:0097192///GO:0008630///GO:0002903///GO:0043066///GO:2001243///GO:0042981"	"GO:0005741///GO:0005741///GO:0005737///GO:0005741"
"1456417_at"	0.574488445219089	0.0179005434451254	-3.22863305565249	-2.81151915050062	-1.331215206332	"Zic4"	"zinc finger protein of the cerebellum 4"	"22774"	"9 48.26 cM"	"DNA binding///metal ion binding///nucleic acid binding"	""	"nucleus"	"GO:0003677///GO:0046872///GO:0003676"	""	"GO:0005634"
"1460406_at"	0.608595312469923	0.0272346584888297	2.90138579289169	-3.19923335540835	0.585037259912066	"Pls1"	"plastin 1 (I-isoform)"	"102502"	"9"	"actin binding///calcium ion binding///metal ion binding"	"biological_process"	"cytoplasm///extracellular vesicular exosome"	"GO:0003779///GO:0005509///GO:0046872"	"GO:0008150"	"GO:0005737///GO:0070062"
"1427609_at"	0.616753615927221	0.0343824346506268	2.72445371747636	-3.41525659688387	1.57945123976384	"Sox14"	"SRY (sex determining region Y)-box 14"	"20669"	"9 52.11 cM"	"DNA binding///chromatin binding///protein heterodimerization activity///sequence-specific DNA binding RNA polymerase II transcription factor activity"	"entrainment of circadian clock///regulation of neuron migration///regulation of transcription from RNA polymerase II promoter///regulation of transcription, DNA-templated///transcription from RNA polymerase II promoter///transcription, DNA-templated///visual perception"	"nuclear transcription factor complex///nucleus"	"GO:0003677///GO:0003682///GO:0046982///GO:0000981"	"GO:0009649///GO:2001222///GO:0006357///GO:0006355///GO:0006366///GO:0006351///GO:0007601"	"GO:0044798///GO:0005634"
"1456455_at"	0.63967358120792	0.0413574765814023	-2.58628555736254	-3.58647345237579	-2.863381926664	"Morf4l1"	"mortality factor 4 like 1"	"21761"	"9 D1"	"chromatin binding///protein N-terminus binding///protein binding"	"DNA recombination///DNA repair///cell proliferation///cellular response to DNA damage stimulus///chromatin modification///chromatin remodeling///double-strand break repair via homologous recombination///histone H2A acetylation///histone H4 acetylation///histone deacetylation///regulation of growth///regulation of transcription, DNA-templated///transcription, DNA-templated"	"NuA4 histone acetyltransferase complex///Sin3 complex///nucleus"	"GO:0003682///GO:0047485///GO:0005515"	"GO:0006310///GO:0006281///GO:0008283///GO:0006974///GO:0016568///GO:0006338///GO:0000724///GO:0043968///GO:0043967///GO:0016575///GO:0040008///GO:0006355///GO:0006351"	"GO:0035267///GO:0016580///GO:0005634"
"1451805_at"	0.643492728987279	0.0429437329476349	-2.55833079999666	-3.62134001753223	-0.753866536071456	"Phip"	"pleckstrin homology domain interacting protein"	"83946"	"9 E3.1"	"insulin receptor binding///lysine-acetylated histone binding///protein binding"	"cytoskeleton organization///insulin receptor signaling pathway///negative regulation of apoptotic process///negative regulation of extrinsic apoptotic signaling pathway///positive regulation of cell proliferation///positive regulation of cell proliferation///positive regulation of insulin-like growth factor receptor signaling pathway///positive regulation of mitosis///positive regulation of peptidyl-serine phosphorylation///positive regulation of peptidyl-threonine phosphorylation///positive regulation of transcription from RNA polymerase II promoter///positive regulation of transcription, DNA-templated///protein import into nucleus///regulation of cell morphogenesis///regulation of growth///regulation of protein phosphorylation"	"cell///extracellular vesicular exosome///intracellular///nucleus"	"GO:0005158///GO:0070577///GO:0005515"	"GO:0007010///GO:0008286///GO:0043066///GO:2001237///GO:0008284///GO:0008284///GO:0043568///GO:0045840///GO:0033138///GO:0010800///GO:0045944///GO:0045893///GO:0006606///GO:0022604///GO:0040008///GO:0001932"	"GO:0005623///GO:0070062///GO:0005622///GO:0005634"
"1451641_at"	0.676470862864601	0.0585242662539361	2.33059606927728	-3.90743831885116	0.646479934259973	"Dbr1"	"debranching enzyme homolog 1 (S. cerevisiae)"	"83703"	"9 F1"	"RNA lariat debranching enzyme activity///RNA lariat debranching enzyme activity///T/G mismatch-specific endonuclease activity///hydrolase activity///hydrolase activity, acting on ester bonds///metal ion binding///nuclease activity///phosphoric ester hydrolase activity///poly(A) RNA binding///retroviral 3' processing activity"	"RNA phosphodiester bond hydrolysis, endonucleolytic///RNA phosphodiester bond hydrolysis, endonucleolytic///RNA splicing, via transesterification reactions///mRNA processing///mRNA splicing, via spliceosome"	"nucleus"	"GO:0008419///GO:0008419///GO:0043765///GO:0016787///GO:0016788///GO:0046872///GO:0004518///GO:0042578///GO:0044822///GO:0044824"	"GO:0090502///GO:0090502///GO:0000375///GO:0006397///GO:0000398"	"GO:0005634"
"1421095_a_at"	0.676470862864601	0.0591285504600297	-2.32309703300158	-3.91690375737233	-0.910519356246905	"Trpc1"	"transient receptor potential cation channel, subfamily C, member 1"	"22063"	"9 50.2 cM"	"calcium channel activity///cation channel activity///inositol 1,4,5 trisphosphate binding///ion channel activity///ion channel binding///protein binding///store-operated calcium channel activity"	"calcium ion transmembrane transport///calcium ion transport///cation transmembrane transport///cytosolic calcium ion homeostasis///ion transport///positive regulation of release of sequestered calcium ion into cytosol///response to calcium ion///saliva secretion///transmembrane transport///transport"	"basolateral plasma membrane///costamere///cytoplasm///cytosol///integral component of membrane///membrane///membrane raft///plasma membrane///protein complex///receptor complex///sarcomere"	"GO:0005262///GO:0005261///GO:0070679///GO:0005216///GO:0044325///GO:0005515///GO:0015279"	"GO:0070588///GO:0006816///GO:0098655///GO:0051480///GO:0006811///GO:0051281///GO:0051592///GO:0046541///GO:0055085///GO:0006810"	"GO:0016323///GO:0043034///GO:0005737///GO:0005829///GO:0016021///GO:0016020///GO:0045121///GO:0005886///GO:0043234///GO:0043235///GO:0030017"
"1421120_at"	0.676470862864601	0.061807522942582	2.29078553412584	-3.95770606871575	0.890444281871413	"Myo6"	"myosin VI"	"17920"	"9 43.98 cM"	"ATP binding///actin binding///actin filament binding///calmodulin binding///motor activity///nucleotide binding///protein binding"	"DNA damage response, signal transduction by p53 class mediator///auditory receptor cell differentiation///cellular response to electrical stimulus///dendrite development///endocytosis///endocytosis///glutamate secretion///inner ear development///inner ear morphogenesis///locomotory behavior///positive regulation of transcription from RNA polymerase II promoter///protein targeting///protein transport///regulation of secretion///regulation of synaptic plasticity///response to drug///sensory perception of sound///sensory perception of sound///synapse assembly///synaptic transmission///transport"	"DNA-directed RNA polymerase II, holoenzyme///Golgi apparatus///apical part of cell///axon///cell///cell projection///colocalizes_with clathrin-coated endocytic vesicle///coated pit///cytoplasm///cytoplasm///cytoplasmic membrane-bounded vesicle///cytoplasmic vesicle///endocytic vesicle///extracellular vesicular exosome///filamentous actin///intracellular///intracellular membrane-bounded organelle///membrane///microvillus///myosin complex///neuronal cell body///nuclear membrane///nucleoplasm///nucleus///perinuclear region of cytoplasm///perinuclear region of cytoplasm///plasma membrane///protein complex///ruffle///ruffle membrane///synapse///vesicle membrane"	"GO:0005524///GO:0003779///GO:0051015///GO:0005516///GO:0003774///GO:0000166///GO:0005515"	"GO:0030330///GO:0042491///GO:0071257///GO:0016358///GO:0006897///GO:0006897///GO:0014047///GO:0048839///GO:0042472///GO:0007626///GO:0045944///GO:0006605///GO:0015031///GO:0051046///GO:0048167///GO:0042493///GO:0007605///GO:0007605///GO:0007416///GO:0007268///GO:0006810"	"GO:0016591///GO:0005794///GO:0045177///GO:0030424///GO:0005623///GO:0042995///colocalizes_with GO:0045334///GO:0005905///GO:0005737///GO:0005737///GO:0016023///GO:0031410///GO:0030139///GO:0070062///GO:0031941///GO:0005622///GO:0043231///GO:0016020///GO:0005902///GO:0016459///GO:0043025///GO:0031965///GO:0005654///GO:0005634///GO:0048471///GO:0048471///GO:0005886///GO:0043234///GO:0001726///GO:0032587///GO:0045202///GO:0012506"
"1424734_at"	0.676470862864601	0.0663960217133374	2.23868314444866	-4.02354304981166	0.519759177899195	"Rasgrf1"	"RAS protein-specific guanine nucleotide-releasing factor 1"	"19417"	"9 47.31 cM"	"Rho guanyl-nucleotide exchange factor activity///glutamate receptor binding///guanyl-nucleotide exchange factor activity///protein C-terminus binding///protein binding///protein kinase binding"	"activation of Rac GTPase activity///cell proliferation///intracellular signal transduction///neuron projection development///positive regulation of Ras GTPase activity///positive regulation of Ras protein signal transduction///regulation of N-methyl-D-aspartate selective glutamate receptor activity///regulation of Rac protein signal transduction///regulation of Ras protein signal transduction///regulation of Rho protein signal transduction///regulation of neuronal synaptic plasticity///regulation of small GTPase mediated signal transduction///regulation of synaptic plasticity///small GTPase mediated signal transduction"	"cytosol///growth cone///intracellular"	"GO:0005089///GO:0035254///GO:0005085///GO:0008022///GO:0005515///GO:0019901"	"GO:0032863///GO:0008283///GO:0035556///GO:0031175///GO:0032320///GO:0046579///GO:2000310///GO:0035020///GO:0046578///GO:0035023///GO:0048168///GO:0051056///GO:0048167///GO:0007264"	"GO:0005829///GO:0030426///GO:0005622"
"1422785_at"	0.676470862864601	0.0669382748349064	-2.23277377461661	-4.03101206608211	-0.538350694288397	"Rasa2"	"RAS p21 protein activator 2"	"114713"	"9 E4"	"GTPase activator activity///Ras GTPase activator activity///Ras GTPase activator activity///metal ion binding"	"intracellular signal transduction///negative regulation of Ras protein signal transduction///positive regulation of Ras GTPase activity///positive regulation of Ras GTPase activity///regulation of small GTPase mediated signal transduction///signal transduction"	"cytoplasm///intracellular///intrinsic component of the cytoplasmic side of the plasma membrane///membrane///plasma membrane"	"GO:0005096///GO:0005099///GO:0005099///GO:0046872"	"GO:0035556///GO:0046580///GO:0032320///GO:0032320///GO:0051056///GO:0007165"	"GO:0005737///GO:0005622///GO:0031235///GO:0016020///GO:0005886"
"1451418_a_at"	0.67910734411904	0.0813337391655668	2.09168113545528	-4.20924752434638	0.569875062249418	"Spsb4"	"splA/ryanodine receptor domain and SOCS box containing 4"	"211949"	"9"	"protein binding"	"biological_process///intracellular signal transduction"	"cellular_component///cytoplasm"	"GO:0005515"	"GO:0008150///GO:0035556"	"GO:0005575///GO:0005737"
"1419656_at"	0.690268782006588	0.0926478905967629	-1.99767236591709	-4.32760856976917	-0.490144948651885	"Slc25a36"	"solute carrier family 25, member 36"	"192287"	"9"	"molecular_function"	"response to estradiol///transmembrane transport///transport"	"integral component of membrane///membrane///mitochondrial inner membrane///mitochondrion"	"GO:0003674"	"GO:0032355///GO:0055085///GO:0006810"	"GO:0016021///GO:0016020///GO:0005743///GO:0005739"
"1456175_a_at"	0.690749591417682	0.101139651242699	1.93445014834056	-4.40685245845211	0.437634594033223	"Copb2"	"coatomer protein complex, subunit beta 2 (beta prime)"	"50797"	"9 E3-F1"	"protein kinase C binding///structural molecule activity"	"intra-Golgi vesicle-mediated transport///intracellular protein transport///protein transport///transport///vesicle-mediated transport"	"COPI vesicle coat///Golgi apparatus///Golgi apparatus///Golgi membrane///cytoplasm///cytoplasmic vesicle///membrane///membrane coat"	"GO:0005080///GO:0005198"	"GO:0006891///GO:0006886///GO:0015031///GO:0006810///GO:0016192"	"GO:0030126///GO:0005794///GO:0005794///GO:0000139///GO:0005737///GO:0031410///GO:0016020///GO:0030117"
"1422158_at"	0.693793118079224	0.108646220857973	-1.88284682584261	-4.47124000787156	-0.619150460631138	"Clstn2"	"calsyntenin 2"	"64085"	"9"	"calcium ion binding"	"cell adhesion///homophilic cell adhesion via plasma membrane adhesion molecules"	"Golgi apparatus///endoplasmic reticulum///integral component of membrane///membrane///plasma membrane///postsynaptic membrane///postsynaptic membrane"	"GO:0005509"	"GO:0007155///GO:0007156"	"GO:0005794///GO:0005783///GO:0016021///GO:0016020///GO:0005886///GO:0045211///GO:0045211"
"1434195_at"	0.703783288496666	0.122982149204394	-1.7934602343316	-4.58196683940285	-0.878263848333955	"Prss35"	"protease, serine 35"	"244954"	"9"	"catalytic activity///serine-type endopeptidase activity"	"proteolysis"	"extracellular region///mitochondrion"	"GO:0003824///GO:0004252"	"GO:0006508"	"GO:0005576///GO:0005739"
"1454905_at"	0.707796517411838	0.128738485119377	-1.76043096546968	-4.62257110819399	-0.566131693683641	"Ibtk"	"inhibitor of Bruton agammaglobulinemia tyrosine kinase"	"108837"	"9"	"protein kinase binding///protein tyrosine kinase inhibitor activity"	"negative regulation of protein phosphorylation///negative regulation of protein tyrosine kinase activity///release of sequestered calcium ion into cytosol"	"cytoplasm///cytosol///membrane///nucleus"	"GO:0019901///GO:0030292"	"GO:0001933///GO:0061099///GO:0051209"	"GO:0005737///GO:0005829///GO:0016020///GO:0005634"
"1426402_at"	0.708734080761621	0.129066933781268	1.7585902798158	-4.62482839531836	0.485777900920444	"Syncrip"	"synaptotagmin binding, cytoplasmic RNA interacting protein"	"56403"	"9 E3.2"	"RNA binding///nucleic acid binding///nucleotide binding///poly(A) RNA binding///poly(A) binding"	"CRD-mediated mRNA stabilization///RNA splicing///cellular response to interferon-gamma///mRNA processing///negative regulation of translation///osteoblast differentiation"	"CRD-mediated mRNA stability complex///GAIT complex///catalytic step 2 spliceosome///cytoplasm///histone pre-mRNA 3'end processing complex///membrane///nucleus///ribonucleoprotein complex///spliceosomal complex"	"GO:0003723///GO:0003676///GO:0000166///GO:0044822///GO:0008143"	"GO:0070934///GO:0008380///GO:0071346///GO:0006397///GO:0017148///GO:0001649"	"GO:0070937///GO:0097452///GO:0071013///GO:0005737///GO:0071204///GO:0016020///GO:0005634///GO:0030529///GO:0005681"
"1448754_at"	0.710118557605047	0.136546816519648	1.71786493632569	-4.67461081438024	1.31467677721837	"Rbp1"	"retinol binding protein 1, cellular"	"19659"	"9 51.36 cM"	"lipid binding///retinal binding///retinoid binding///retinol binding///transporter activity"	"regulation of granulocyte differentiation///response to vitamin A///retinoic acid metabolic process///retinoic acid metabolic process///retinol metabolic process///retinol metabolic process///retinol metabolic process///transport"	"cell body///cytoplasm///cytosol"	"GO:0008289///GO:0016918///GO:0005501///GO:0019841///GO:0005215"	"GO:0030852///GO:0033189///GO:0042573///GO:0042573///GO:0042572///GO:0042572///GO:0042572///GO:0006810"	"GO:0044297///GO:0005737///GO:0005829"
"1449590_a_at"	0.712723665083333	0.140919208537782	1.69505286509506	-4.70235439472492	0.858738137698736	"Mras"	"muscle and microspikes RAS"	"17532"	"9"	"GTP binding///GTP-dependent protein binding///nucleotide binding"	"GTP catabolic process///signal transduction///small GTPase mediated signal transduction"	"extracellular vesicular exosome///membrane///plasma membrane"	"GO:0005525///GO:0030742///GO:0000166"	"GO:0006184///GO:0007165///GO:0007264"	"GO:0070062///GO:0016020///GO:0005886"
"1434300_at"	0.716835721099164	0.152069765806302	1.63983864077568	-4.76904054818234	0.721391748101825	"U2surp"	"U2 snRNP-associated SURP domain containing"	"67958"	"9 E4"	"RNA binding///nucleic acid binding///nucleotide binding///poly(A) RNA binding"	"RNA processing///biological_process"	"nucleus"	"GO:0003723///GO:0003676///GO:0000166///GO:0044822"	"GO:0006396///GO:0008150"	"GO:0005634"
"1422758_at"	0.721345956432313	0.158322301221052	1.61055744484244	-4.80411598225186	0.445877746160178	"Chst2"	"carbohydrate sulfotransferase 2"	"54371"	"9"	"1-hydroxypyrene sulfotransferase activity///1-phenanthrol sulfotransferase activity///2-phenanthrol sulfotransferase activity///3-phenanthrol sulfotransferase activity///4-phenanthrol sulfotransferase activity///9-phenanthrol sulfotransferase activity///HNK-1 sulfotransferase activity///N-acetylgalactosamine 4-O-sulfotransferase activity///N-acetylglucosamine 6-O-sulfotransferase activity///cholesterol sulfotransferase activity///galactose 3-O-sulfotransferase activity///heparan sulfate 2-O-sulfotransferase activity///heparan sulfate 6-O-sulfotransferase activity///hydroxyjasmonate sulfotransferase activity///phenanthrol sulfotransferase activity///proteoglycan sulfotransferase activity///sulfotransferase activity///trans-3,4-dihydrodiolphenanthrene sulfotransferase activity///trans-9R,10R-dihydrodiolphenanthrene sulfotransferase activity///transferase activity"	"N-acetylglucosamine metabolic process///N-acetylglucosamine metabolic process///carbohydrate metabolic process///inflammatory response///sulfur compound metabolic process"	"Golgi apparatus///Golgi membrane///integral component of membrane///membrane///trans-Golgi network"	"GO:0034930///GO:0018722///GO:0018727///GO:0018723///GO:0018724///GO:0018726///GO:0016232///GO:0001537///GO:0001517///GO:0051922///GO:0050694///GO:0004394///GO:0017095///GO:0080131///GO:0019111///GO:0050698///GO:0008146///GO:0018725///GO:0018721///GO:0016740"	"GO:0006044///GO:0006044///GO:0005975///GO:0006954///GO:0006790"	"GO:0005794///GO:0000139///GO:0016021///GO:0016020///GO:0005802"
"1416446_at"	0.723259882590369	0.162536789786317	1.59143732831498	-4.82690284791103	0.604039806840339	"Tmem30a"	"transmembrane protein 30A"	"69981"	"9 43.82 cM"	"protein binding"	"drug transmembrane transport///lipid transport///neuron projection development///phospholipid translocation///phospholipid translocation///positive regulation of neuron projection development///positive regulation of protein exit from endoplasmic reticulum///protein localization to endosome///transport"	"Golgi apparatus///cytoplasmic vesicle///endoplasmic reticulum///integral component of membrane///membrane///plasma membrane"	"GO:0005515"	"GO:0006855///GO:0006869///GO:0031175///GO:0045332///GO:0045332///GO:0010976///GO:0070863///GO:0036010///GO:0006810"	"GO:0005794///GO:0031410///GO:0005783///GO:0016021///GO:0016020///GO:0005886"
"1433582_at"	0.729211702509621	0.178312220548678	-1.52381252319482	-4.90669395543106	-0.369859073054919	"1190002N15Rik"	"RIKEN cDNA 1190002N15 gene"	"68861"	"9"	"molecular_function"	"cardiac muscle cell proliferation///regulation of phosphatidylinositol 3-kinase signaling///vesicle targeting, to, from or within Golgi"	"COPI vesicle coat///COPI-coated vesicle///Golgi apparatus///Golgi membrane///cytoplasmic vesicle///extracellular region///extracellular space"	"GO:0003674"	"GO:0060038///GO:0014066///GO:0048199"	"GO:0030126///GO:0030137///GO:0005794///GO:0000139///GO:0031410///GO:0005576///GO:0005615"
"1427153_at"	0.730935048446066	0.180260743038382	1.51585446342106	-4.91599615268043	0.422873257644546	"Bckdhb"	"branched chain ketoacid dehydrogenase E1, beta polypeptide"	"12040"	"9"	"3-methyl-2-oxobutanoate dehydrogenase (2-methylpropanoyl-transferring) activity///alpha-ketoacid dehydrogenase activity///catalytic activity///oxidoreductase activity///protein complex binding"	"branched-chain amino acid catabolic process///cellular amino acid catabolic process///metabolic process///oxidation-reduction process"	"mitochondrial alpha-ketoglutarate dehydrogenase complex///mitochondrial inner membrane///mitochondrion///mitochondrion"	"GO:0003863///GO:0003826///GO:0003824///GO:0016491///GO:0032403"	"GO:0009083///GO:0009063///GO:0008152///GO:0055114"	"GO:0005947///GO:0005743///GO:0005739///GO:0005739"
"1422846_at"	0.733261856270339	0.185085349699171	1.4964913626948	-4.93854792329343	0.596580677711529	"Rbp2"	"retinol binding protein 2, cellular"	"19660"	"9 51.37 cM"	"lipid binding///retinal binding///retinoid binding///retinol binding///transporter activity"	"retinoid metabolic process///transport"	"cytoplasm///cytosol"	"GO:0008289///GO:0016918///GO:0005501///GO:0019841///GO:0005215"	"GO:0001523///GO:0006810"	"GO:0005737///GO:0005829"
"1425757_a_at"	0.734792207097702	0.191879782788587	-1.47000598841331	-4.96920072910196	-1.36875578885208	"Impg1"	"interphotoreceptor matrix proteoglycan 1"	"63859"	"9 43.99 cM"	""	""	"extracellular region"	""	""	"GO:0005576"
"1433581_at"	0.742677640520899	0.204499804312229	-1.42303813041803	-5.02297588386197	-0.495713691697004	"1190002N15Rik"	"RIKEN cDNA 1190002N15 gene"	"68861"	"9"	"molecular_function"	"cardiac muscle cell proliferation///regulation of phosphatidylinositol 3-kinase signaling///vesicle targeting, to, from or within Golgi"	"COPI vesicle coat///COPI-coated vesicle///Golgi apparatus///Golgi membrane///cytoplasmic vesicle///extracellular region///extracellular space"	"GO:0003674"	"GO:0060038///GO:0014066///GO:0048199"	"GO:0030126///GO:0030137///GO:0005794///GO:0000139///GO:0031410///GO:0005576///GO:0005615"
"1449871_at"	0.756629639756986	0.229489871344538	1.33737655864716	-5.11895025410728	0.69200990249305	"Tbx18"	"T-box18"	"76365"	"9 47.06 cM"	"DNA binding///RNA polymerase II transcription corepressor activity///RNA polymerase II transcription factor binding///protein binding///protein heterodimerization activity///protein homodimerization activity///sequence-specific DNA binding transcription factor activity///transcription regulatory region sequence-specific DNA binding"	"anatomical structure formation involved in morphogenesis///anterior/posterior axis specification///cell differentiation///cochlea morphogenesis///morphogenesis of embryonic epithelium///negative regulation of canonical Wnt signaling pathway involved in neural plate anterior/posterior pattern formation///negative regulation of transcription from RNA polymerase II promoter///positive regulation of cell-cell adhesion///positive regulation of epithelial cell proliferation///positive regulation of mesenchymal cell proliferation///positive regulation of mesenchymal cell proliferation involved in ureter development///regulation of transcription, DNA-templated///sensory perception of sound///sinoatrial node development///smooth muscle cell differentiation///somitogenesis///transcription from RNA polymerase II promoter///transcription, DNA-templated///ureter development"	"colocalizes_with Tle3-Aes complex///nucleus"	"GO:0003677///GO:0001106///GO:0001085///GO:0005515///GO:0046982///GO:0042803///GO:0003700///GO:0000976"	"GO:0048646///GO:0009948///GO:0030154///GO:0090103///GO:0016331///GO:0060829///GO:0000122///GO:0022409///GO:0050679///GO:0002053///GO:2000729///GO:0006355///GO:0007605///GO:0003163///GO:0051145///GO:0001756///GO:0006366///GO:0006351///GO:0072189"	"colocalizes_with GO:0070722///GO:0005634"
"1438597_x_at"	0.760014649908036	0.233974666919902	1.3229031426484	-5.1348758696022	0.693629956151403	"Morf4l1"	"mortality factor 4 like 1"	"21761"	"9 D1"	"chromatin binding///protein N-terminus binding///protein binding"	"DNA recombination///DNA repair///cell proliferation///cellular response to DNA damage stimulus///chromatin modification///chromatin remodeling///double-strand break repair via homologous recombination///histone H2A acetylation///histone H4 acetylation///histone deacetylation///regulation of growth///regulation of transcription, DNA-templated///transcription, DNA-templated"	"NuA4 histone acetyltransferase complex///Sin3 complex///nucleus"	"GO:0003682///GO:0047485///GO:0005515"	"GO:0006310///GO:0006281///GO:0008283///GO:0006974///GO:0016568///GO:0006338///GO:0000724///GO:0043968///GO:0043967///GO:0016575///GO:0040008///GO:0006355///GO:0006351"	"GO:0035267///GO:0016580///GO:0005634"
"1416595_at"	0.762006510058381	0.243057696825384	1.29433405221336	-5.16604846666947	0.26833893413241	"Mrps22"	"mitochondrial ribosomal protein S22"	"64655"	"9 E4"	"structural constituent of ribosome"	"biological_process"	"mitochondrial small ribosomal subunit///mitochondrion///mitochondrion///ribonucleoprotein complex///ribosome"	"GO:0003735"	"GO:0008150"	"GO:0005763///GO:0005739///GO:0005739///GO:0030529///GO:0005840"
"1423310_at"	0.762006510058381	0.243730811439106	1.29225489002275	-5.16830316676821	1.32670266373316	"Tpbg"	"trophoblast glycoprotein"	"21983"	"9"	""	""	"cell surface///cytoplasm///endoplasmic reticulum///integral component of membrane///membrane///plasma membrane"	""	""	"GO:0009986///GO:0005737///GO:0005783///GO:0016021///GO:0016020///GO:0005886"
"1423477_at"	0.772398723085879	0.277586890421803	-1.1936736692967	-5.27289759972807	-0.322919839195453	"Zic1"	"zinc finger protein of the cerebellum 1"	"22771"	"9 48.26 cM"	"DNA binding///metal ion binding///nucleic acid binding///protein binding///sequence-specific DNA binding transcription factor activity"	"adult walking behavior///brain development///brain development///cell differentiation///central nervous system development///central nervous system development///multicellular organismal development///nervous system development///pattern specification process///positive regulation of protein import into nucleus///positive regulation of transcription, DNA-templated///regulation of smoothened signaling pathway///regulation of transcription, DNA-templated///skeletal system development///spinal cord development///transcription, DNA-templated"	"cytoplasm///nucleus///nucleus"	"GO:0003677///GO:0046872///GO:0003676///GO:0005515///GO:0003700"	"GO:0007628///GO:0007420///GO:0007420///GO:0030154///GO:0007417///GO:0007417///GO:0007275///GO:0007399///GO:0007389///GO:0042307///GO:0045893///GO:0008589///GO:0006355///GO:0001501///GO:0021510///GO:0006351"	"GO:0005737///GO:0005634///GO:0005634"
"1427197_at"	0.773658672615025	0.281890771898212	-1.18190066137357	-5.28507024208458	-0.306854359277483	"Atr"	"ataxia telangiectasia and Rad3 related"	"245000"	"9"	"ATP binding///DNA binding///MutLalpha complex binding///MutSalpha complex binding///kinase activity///nucleotide binding///phosphotransferase activity, alcohol group as acceptor///protein binding///protein kinase activity///protein kinase activity///protein kinase activity///protein serine/threonine kinase activity///transferase activity///transferase activity, transferring phosphorus-containing groups"	"DNA damage checkpoint///DNA damage checkpoint///DNA repair///cellular response to DNA damage stimulus///cellular response to UV///cellular response to gamma radiation///negative regulation of DNA replication///peptidyl-serine phosphorylation///phosphorylation///positive regulation of DNA damage response, signal transduction by p53 class mediator///protein autophosphorylation///protein phosphorylation///protein phosphorylation///regulation of protein binding///replicative senescence"	"PML body///XY body///chromosome///nucleus"	"GO:0005524///GO:0003677///GO:0032405///GO:0032407///GO:0016301///GO:0000166///GO:0016773///GO:0005515///GO:0004672///GO:0004672///GO:0004672///GO:0004674///GO:0016740///GO:0016772"	"GO:0000077///GO:0000077///GO:0006281///GO:0006974///GO:0034644///GO:0071480///GO:0008156///GO:0018105///GO:0016310///GO:0043517///GO:0046777///GO:0006468///GO:0006468///GO:0043393///GO:0090399"	"GO:0016605///GO:0001741///GO:0005694///GO:0005634"
"1424306_at"	0.77893051420836	0.292416488322028	-1.15374319242834	-5.31389054701214	-0.333440543099599	"Elovl4"	"elongation of very long chain fatty acids (FEN1/Elo2, SUR4/Elo3, yeast)-like 4"	"83603"	"9"	"transferase activity"	"fatty acid biosynthetic process///fatty acid elongation, saturated fatty acid///fatty acid metabolic process///lipid metabolic process///very long-chain fatty acid biosynthetic process"	"endoplasmic reticulum///integral component of endoplasmic reticulum membrane///integral component of membrane///membrane"	"GO:0016740"	"GO:0006633///GO:0019367///GO:0006631///GO:0006629///GO:0042761"	"GO:0005783///GO:0030176///GO:0016021///GO:0016020"
"1424899_at"	0.779061178303404	0.293356157696501	-1.15127162330228	-5.31640021112883	-0.521676722456126	"Nmnat3"	"nicotinamide nucleotide adenylyltransferase 3"	"74080"	"9 E4"	"ATP binding///catalytic activity///nicotinamide-nucleotide adenylyltransferase activity///nicotinate-nucleotide adenylyltransferase activity///nucleotide binding///nucleotidyltransferase activity///transferase activity"	"NAD biosynthetic process///biosynthetic process///pyridine nucleotide biosynthetic process///response to wounding"	"mitochondrion"	"GO:0005524///GO:0003824///GO:0000309///GO:0004515///GO:0000166///GO:0016779///GO:0016740"	"GO:0009435///GO:0009058///GO:0019363///GO:0009611"	"GO:0005739"
"1460257_a_at"	0.784016461324748	0.303596578138158	1.12476174960459	-5.3431098743245	0.633824718709139	"Gm2382///Mthfs"	"predicted gene 2382///5, 10-methenyltetrahydrofolate synthetase"	"100039707///107885"	"9///9"	"5-formyltetrahydrofolate cyclo-ligase activity///5-formyltetrahydrofolate cyclo-ligase activity///ATP binding///folic acid binding///ligase activity///nucleotide binding"	"biological_process"	"cytoplasm///cytoplasm///mitochondrion"	"GO:0030272///GO:0030272///GO:0005524///GO:0005542///GO:0016874///GO:0000166"	"GO:0008150"	"GO:0005737///GO:0005737///GO:0005739"
"1416688_at"	0.784665637610994	0.304638733198859	-1.12210627550902	-5.34576403409588	-0.235464461812361	"Snap91"	"synaptosomal-associated protein 91"	"20616"	"9"	"1-phosphatidylinositol binding///clathrin binding///clathrin heavy chain binding///phospholipid binding///protein binding"	"axonogenesis///clathrin coat assembly///clathrin coat assembly///establishment or maintenance of cell polarity///neurotransmitter secretion///protein transport///regulation of endocytosis///regulation of protein transport///synaptic transmission///transport"	"AP-2 adaptor complex///cell///clathrin coat///coated pit///membrane///plasma membrane///postsynaptic density///postsynaptic membrane///presynaptic membrane///synaptic vesicle"	"GO:0005545///GO:0030276///GO:0032050///GO:0005543///GO:0005515"	"GO:0007409///GO:0048268///GO:0048268///GO:0007163///GO:0007269///GO:0015031///GO:0030100///GO:0051223///GO:0007268///GO:0006810"	"GO:0030122///GO:0005623///GO:0030118///GO:0005905///GO:0016020///GO:0005886///GO:0014069///GO:0045211///GO:0042734///GO:0008021"
"1421539_at"	0.787355979898728	0.310861072970391	1.1064078295686	-5.36137389967484	0.83684444439773	"Zic4"	"zinc finger protein of the cerebellum 4"	"22774"	"9 48.26 cM"	"DNA binding///metal ion binding///nucleic acid binding"	""	"nucleus"	"GO:0003677///GO:0046872///GO:0003676"	""	"GO:0005634"
"1429527_a_at"	0.787374208339666	0.311518626861008	1.10476424988656	-5.36300014626296	1.07882171368751	"Plscr1"	"phospholipid scramblase 1"	"22038"	"9"	"CD4 receptor binding///DNA binding///RNA polymerase II core promoter proximal region sequence-specific DNA binding transcription factor activity involved in positive regulation of transcription///SH3 domain binding///calcium ion binding///enzyme binding///epidermal growth factor receptor binding///phospholipid scramblase activity"	"apoptotic process///defense response to virus///defense response to virus///immune response///intrinsic apoptotic signaling pathway///myeloid cell differentiation///negative regulation of protein binding///negative regulation of viral genome replication///negative regulation of viral genome replication///phosphatidylserine biosynthetic process///phosphatidylserine exposure on apoptotic cell surface///phospholipid scrambling///phospholipid scrambling///phospholipid transport///positive regulation of DNA topoisomerase (ATP-hydrolyzing) activity///positive regulation of apoptotic process///positive regulation of gene expression///positive regulation of innate immune response///positive regulation of innate immune response///positive regulation of intrinsic apoptotic signaling pathway in response to DNA damage///positive regulation of transcription from RNA polymerase II promoter///regulation of Fc receptor mediated stimulatory signaling pathway///regulation of mast cell activation///response to interferon-alpha///response to interferon-beta///transcription from RNA polymerase II promoter"	"Golgi apparatus///cytosol///cytosol///extracellular matrix///extracellular vesicular exosome///integral component of membrane///integral component of plasma membrane///membrane///membrane raft///nucleolus///nucleus///nucleus///plasma membrane///plasma membrane"	"GO:0042609///GO:0003677///GO:0001077///GO:0017124///GO:0005509///GO:0019899///GO:0005154///GO:0017128"	"GO:0006915///GO:0051607///GO:0051607///GO:0006955///GO:0097193///GO:0030099///GO:0032091///GO:0045071///GO:0045071///GO:0006659///GO:0070782///GO:0017121///GO:0017121///GO:0015914///GO:2000373///GO:0043065///GO:0010628///GO:0045089///GO:0045089///GO:1902231///GO:0045944///GO:0060368///GO:0033003///GO:0035455///GO:0035456///GO:0006366"	"GO:0005794///GO:0005829///GO:0005829///GO:0031012///GO:0070062///GO:0016021///GO:0005887///GO:0016020///GO:0045121///GO:0005730///GO:0005634///GO:0005634///GO:0005886///GO:0005886"
"1451419_at"	0.791804016958116	0.321986126127693	-1.07898081175926	-5.38830825348741	-0.688891624785481	"Spsb4"	"splA/ryanodine receptor domain and SOCS box containing 4"	"211949"	"9"	"protein binding"	"biological_process///intracellular signal transduction"	"cellular_component///cytoplasm"	"GO:0005515"	"GO:0008150///GO:0035556"	"GO:0005575///GO:0005737"
"1416687_at"	0.795784006554082	0.331465608018626	-1.05622114283105	-5.4103241926418	-0.511740705230914	"Plod2"	"procollagen lysine, 2-oxoglutarate 5-dioxygenase 2"	"26432"	"9 48.4 cM"	"L-ascorbic acid binding///dioxygenase activity///iron ion binding///metal ion binding///oxidoreductase activity///oxidoreductase activity, acting on paired donors, with incorporation or reduction of molecular oxygen///oxidoreductase activity, acting on paired donors, with incorporation or reduction of molecular oxygen, 2-oxoglutarate as one donor, and incorporation of one atom each of oxygen into both donors///procollagen-lysine 5-dioxygenase activity"	"oxidation-reduction process"	"endoplasmic reticulum///extracellular vesicular exosome///membrane"	"GO:0031418///GO:0051213///GO:0005506///GO:0046872///GO:0016491///GO:0016705///GO:0016706///GO:0008475"	"GO:0055114"	"GO:0005783///GO:0070062///GO:0016020"
"1425758_a_at"	0.804204050986885	0.347433584294459	-1.01905589367707	-5.44559970905247	-1.02722418946865	"Impg1"	"interphotoreceptor matrix proteoglycan 1"	"63859"	"9 43.99 cM"	""	""	"extracellular region"	""	""	"GO:0005576"
"1431771_a_at"	0.80946937129273	0.357679150135783	0.995928407280415	-5.46711516931582	0.191847175897564	"Irak1bp1"	"interleukin-1 receptor-associated kinase 1 binding protein 1"	"65099"	"9"	"kinase activity///protein binding///transferase activity"	"I-kappaB kinase/NF-kappaB signaling///phosphorylation///regulation of transcription, DNA-templated///transcription, DNA-templated"	"cytoplasm///intracellular///nucleus"	"GO:0016301///GO:0005515///GO:0016740"	"GO:0007249///GO:0016310///GO:0006355///GO:0006351"	"GO:0005737///GO:0005622///GO:0005634"
"1456600_a_at"	0.812427733333093	0.362921590142958	-0.984298206431436	-5.47780497371857	-0.188645110871606	"Rnf7"	"ring finger protein 7"	"19823"	"9 D2.3"	"NEDD8 ligase activity///metal ion binding///protein binding///zinc ion binding"	"activation of cysteine-type endopeptidase activity involved in apoptotic process///apoptotic mitochondrial changes///intrinsic apoptotic signaling pathway in response to oxidative stress///negative regulation of apoptotic process///protein neddylation"	"Cul5-RING ubiquitin ligase complex///cytoplasm///cytoplasm///nucleus///nucleus"	"GO:0019788///GO:0046872///GO:0005515///GO:0008270"	"GO:0006919///GO:0008637///GO:0008631///GO:0043066///GO:0045116"	"GO:0031466///GO:0005737///GO:0005737///GO:0005634///GO:0005634"
"1437801_at"	0.813830635630613	0.364538147128348	0.980738784708424	-5.48105899553806	0.302431416596843	"Morf4l1"	"mortality factor 4 like 1"	"21761"	"9 D1"	"chromatin binding///protein N-terminus binding///protein binding"	"DNA recombination///DNA repair///cell proliferation///cellular response to DNA damage stimulus///chromatin modification///chromatin remodeling///double-strand break repair via homologous recombination///histone H2A acetylation///histone H4 acetylation///histone deacetylation///regulation of growth///regulation of transcription, DNA-templated///transcription, DNA-templated"	"NuA4 histone acetyltransferase complex///Sin3 complex///nucleus"	"GO:0003682///GO:0047485///GO:0005515"	"GO:0006310///GO:0006281///GO:0008283///GO:0006974///GO:0016568///GO:0006338///GO:0000724///GO:0043968///GO:0043967///GO:0016575///GO:0040008///GO:0006355///GO:0006351"	"GO:0035267///GO:0016580///GO:0005634"
"1422683_at"	0.82021980359699	0.374512900491442	-0.959046772805403	-5.50070928318707	-0.296495382509572	"Irak1bp1"	"interleukin-1 receptor-associated kinase 1 binding protein 1"	"65099"	"9"	"kinase activity///protein binding///transferase activity"	"I-kappaB kinase/NF-kappaB signaling///phosphorylation///regulation of transcription, DNA-templated///transcription, DNA-templated"	"cytoplasm///intracellular///nucleus"	"GO:0016301///GO:0005515///GO:0016740"	"GO:0007249///GO:0016310///GO:0006355///GO:0006351"	"GO:0005737///GO:0005622///GO:0005634"
"1450812_at"	0.834979637525989	0.403879907705546	-0.897686351374452	-5.55456406905228	-0.770534358899075	"Bcl2a1d///Bcl2a1c///Bcl2a1b///Bcl2a1a"	"B cell leukemia/lymphoma 2 related protein A1d///B cell leukemia/lymphoma 2 related protein A1c///B cell leukemia/lymphoma 2 related protein A1b///B cell leukemia/lymphoma 2 related protein A1a"	"12047///12046///12045///12044"	"9///9///9///9 47.24 cM"	"BH domain binding///cysteine-type endopeptidase inhibitor activity involved in apoptotic process///protein heterodimerization activity///protein heterodimerization activity///protein homodimerization activity///protein heterodimerization activity///protein homodimerization activity///BH domain binding///protein heterodimerization activity///protein heterodimerization activity///protein homodimerization activity///BH domain binding///protein binding///protein heterodimerization activity///protein heterodimerization activity///protein homodimerization activity"	"T cell differentiation///T cell receptor signaling pathway///extrinsic apoptotic signaling pathway in absence of ligand///intrinsic apoptotic signaling pathway in response to DNA damage///negative regulation of apoptotic process///negative regulation of cysteine-type endopeptidase activity involved in apoptotic process///negative regulation of intrinsic apoptotic signaling pathway///extrinsic apoptotic signaling pathway in absence of ligand///intrinsic apoptotic signaling pathway in response to DNA damage///negative regulation of apoptotic process///negative regulation of intrinsic apoptotic signaling pathway///extrinsic apoptotic signaling pathway in absence of ligand///intrinsic apoptotic signaling pathway in response to DNA damage///negative regulation of apoptotic process///negative regulation of intrinsic apoptotic signaling pathway///B cell homeostasis///apoptotic process///extrinsic apoptotic signaling pathway in absence of ligand///intrinsic apoptotic signaling pathway in response to DNA damage///negative regulation of B cell apoptotic process///negative regulation of apoptotic process///negative regulation of intrinsic apoptotic signaling pathway///regulation of apoptotic process"	"mitochondrial outer membrane///mitochondrial outer membrane///mitochondrial outer membrane///cytoplasm///mitochondrial outer membrane"	"GO:0051400///GO:0043027///GO:0046982///GO:0046982///GO:0042803///GO:0046982///GO:0042803///GO:0051400///GO:0046982///GO:0046982///GO:0042803///GO:0051400///GO:0005515///GO:0046982///GO:0046982///GO:0042803"	"GO:0030217///GO:0050852///GO:0097192///GO:0008630///GO:0043066///GO:0043154///GO:2001243///GO:0097192///GO:0008630///GO:0043066///GO:2001243///GO:0097192///GO:0008630///GO:0043066///GO:2001243///GO:0001782///GO:0006915///GO:0097192///GO:0008630///GO:0002903///GO:0043066///GO:2001243///GO:0042981"	"GO:0005741///GO:0005741///GO:0005741///GO:0005737///GO:0005741"
"1425721_at"	0.8440261106545	0.424468133480763	0.856661923129295	-5.58908497107764	1.18015430388551	"Phip"	"pleckstrin homology domain interacting protein"	"83946"	"9 E3.1"	"insulin receptor binding///lysine-acetylated histone binding///protein binding"	"cytoskeleton organization///insulin receptor signaling pathway///negative regulation of apoptotic process///negative regulation of extrinsic apoptotic signaling pathway///positive regulation of cell proliferation///positive regulation of cell proliferation///positive regulation of insulin-like growth factor receptor signaling pathway///positive regulation of mitosis///positive regulation of peptidyl-serine phosphorylation///positive regulation of peptidyl-threonine phosphorylation///positive regulation of transcription from RNA polymerase II promoter///positive regulation of transcription, DNA-templated///protein import into nucleus///regulation of cell morphogenesis///regulation of growth///regulation of protein phosphorylation"	"cell///extracellular vesicular exosome///intracellular///nucleus"	"GO:0005158///GO:0070577///GO:0005515"	"GO:0007010///GO:0008286///GO:0043066///GO:2001237///GO:0008284///GO:0008284///GO:0043568///GO:0045840///GO:0033138///GO:0010800///GO:0045944///GO:0045893///GO:0006606///GO:0022604///GO:0040008///GO:0001932"	"GO:0005623///GO:0070062///GO:0005622///GO:0005634"
"1416108_a_at"	0.845696660121605	0.429828419064601	0.846224520391402	-5.59767094274948	0.191668767138259	"Tmed3"	"transmembrane emp24 domain containing 3"	"66111"	"9"	"molecular_function"	"biological_process///protein transport///transport"	"COPI vesicle coat///Golgi apparatus///cytoplasmic vesicle///endoplasmic reticulum///endoplasmic reticulum-Golgi intermediate compartment///integral component of membrane///membrane"	"GO:0003674"	"GO:0008150///GO:0015031///GO:0006810"	"GO:0030126///GO:0005794///GO:0031410///GO:0005783///GO:0005793///GO:0016021///GO:0016020"
"1433942_at"	0.845696660121605	0.429865336061913	-0.846152969773597	-5.59772952154717	-0.259013097100148	"Myo6"	"myosin VI"	"17920"	"9 43.98 cM"	"ATP binding///actin binding///actin filament binding///calmodulin binding///motor activity///nucleotide binding///protein binding"	"DNA damage response, signal transduction by p53 class mediator///auditory receptor cell differentiation///cellular response to electrical stimulus///dendrite development///endocytosis///endocytosis///glutamate secretion///inner ear development///inner ear morphogenesis///locomotory behavior///positive regulation of transcription from RNA polymerase II promoter///protein targeting///protein transport///regulation of secretion///regulation of synaptic plasticity///response to drug///sensory perception of sound///sensory perception of sound///synapse assembly///synaptic transmission///transport"	"DNA-directed RNA polymerase II, holoenzyme///Golgi apparatus///apical part of cell///axon///cell///cell projection///colocalizes_with clathrin-coated endocytic vesicle///coated pit///cytoplasm///cytoplasm///cytoplasmic membrane-bounded vesicle///cytoplasmic vesicle///endocytic vesicle///extracellular vesicular exosome///filamentous actin///intracellular///intracellular membrane-bounded organelle///membrane///microvillus///myosin complex///neuronal cell body///nuclear membrane///nucleoplasm///nucleus///perinuclear region of cytoplasm///perinuclear region of cytoplasm///plasma membrane///protein complex///ruffle///ruffle membrane///synapse///vesicle membrane"	"GO:0005524///GO:0003779///GO:0051015///GO:0005516///GO:0003774///GO:0000166///GO:0005515"	"GO:0030330///GO:0042491///GO:0071257///GO:0016358///GO:0006897///GO:0006897///GO:0014047///GO:0048839///GO:0042472///GO:0007626///GO:0045944///GO:0006605///GO:0015031///GO:0051046///GO:0048167///GO:0042493///GO:0007605///GO:0007605///GO:0007416///GO:0007268///GO:0006810"	"GO:0016591///GO:0005794///GO:0045177///GO:0030424///GO:0005623///GO:0042995///colocalizes_with GO:0045334///GO:0005905///GO:0005737///GO:0005737///GO:0016023///GO:0031410///GO:0030139///GO:0070062///GO:0031941///GO:0005622///GO:0043231///GO:0016020///GO:0005902///GO:0016459///GO:0043025///GO:0031965///GO:0005654///GO:0005634///GO:0048471///GO:0048471///GO:0005886///GO:0043234///GO:0001726///GO:0032587///GO:0045202///GO:0012506"
"1416632_at"	0.850349202416446	0.449069661429083	0.809524391920737	-5.62721008439266	0.260530421402367	"Me1"	"malic enzyme 1, NADP(+)-dependent, cytosolic"	"17436"	"9 46.58 cM"	"NAD binding///NADP binding///malate dehydrogenase (decarboxylating) (NAD+) activity///malate dehydrogenase (decarboxylating) (NADP+) activity///malate dehydrogenase (decarboxylating) (NADP+) activity///malate dehydrogenase (decarboxylating) (NADP+) activity///malate dehydrogenase (decarboxylating) (NADP+) activity///malic enzyme activity///malic enzyme activity///manganese ion binding///metal ion binding///oxaloacetate decarboxylase activity///oxidoreductase activity///protein binding"	"malate metabolic process///malate metabolic process///oxidation-reduction process///protein tetramerization///response to hormone"	"cytoplasm///cytosol///mitochondrion"	"GO:0051287///GO:0050661///GO:0004471///GO:0004473///GO:0004473///GO:0004473///GO:0004473///GO:0004470///GO:0004470///GO:0030145///GO:0046872///GO:0008948///GO:0016491///GO:0005515"	"GO:0006108///GO:0006108///GO:0055114///GO:0051262///GO:0009725"	"GO:0005737///GO:0005829///GO:0005739"
"1426307_at"	0.854560671708136	0.458992106924066	-0.791040049851733	-5.64169646730386	-0.17463761195434	"Cyb5r4"	"cytochrome b5 reductase 4"	"266690"	"9"	"NADPH-hemoprotein reductase activity///cytochrome-b5 reductase activity, acting on NAD(P)H///cytochrome-b5 reductase activity, acting on NAD(P)H///cytochrome-b5 reductase activity, acting on NAD(P)H///flavin adenine dinucleotide binding///heme binding///heme binding///metal ion binding///oxidoreductase activity///oxidoreductase activity, acting on NAD(P)H, heme protein as acceptor///protein binding"	"NADP metabolic process///cell development///generation of precursor metabolites and energy///glucose homeostasis///heme metabolic process///insulin secretion///oxidation-reduction process///oxidation-reduction process///response to antibiotic///superoxide metabolic process"	"cell///cytoplasm///endoplasmic reticulum///endoplasmic reticulum///perinuclear region of cytoplasm"	"GO:0003958///GO:0004128///GO:0004128///GO:0004128///GO:0050660///GO:0020037///GO:0020037///GO:0046872///GO:0016491///GO:0016653///GO:0005515"	"GO:0006739///GO:0048468///GO:0006091///GO:0042593///GO:0042168///GO:0030073///GO:0055114///GO:0055114///GO:0046677///GO:0006801"	"GO:0005623///GO:0005737///GO:0005783///GO:0005783///GO:0048471"
"1434282_at"	0.861548673417949	0.478704190258992	-0.755139818120133	-5.66906343023404	-0.406180829761534	"Ibtk"	"inhibitor of Bruton agammaglobulinemia tyrosine kinase"	"108837"	"9"	"protein kinase binding///protein tyrosine kinase inhibitor activity"	"negative regulation of protein phosphorylation///negative regulation of protein tyrosine kinase activity///release of sequestered calcium ion into cytosol"	"cytoplasm///cytosol///membrane///nucleus"	"GO:0019901///GO:0030292"	"GO:0001933///GO:0061099///GO:0051209"	"GO:0005737///GO:0005829///GO:0016020///GO:0005634"
"1456481_at"	0.881704848843115	0.536134059034308	0.655970511224134	-5.73916807483031	0.649614860339553	"Esyt3"	"extended synaptotagmin-like protein 3"	"272636"	"9 51.54 cM"	"lipid binding///metal ion binding///molecular_function"	"biological_process///lipid transport///transport"	"endoplasmic reticulum///extrinsic component of cytoplasmic side of plasma membrane///integral component of membrane///integral component of plasma membrane///intrinsic component of endoplasmic reticulum membrane///membrane///organelle membrane contact site///plasma membrane"	"GO:0008289///GO:0046872///GO:0003674"	"GO:0008150///GO:0006869///GO:0006810"	"GO:0005783///GO:0031234///GO:0016021///GO:0005887///GO:0031227///GO:0016020///GO:0044232///GO:0005886"
"1422288_at"	0.888409849016879	0.553445271743217	-0.627443295549194	-5.75777852854035	-0.328669889363129	"Htr1b"	"5-hydroxytryptamine (serotonin) receptor 1B"	"15551"	"9 44.61 cM"	"G-protein coupled receptor activity///drug binding///drug binding///serotonin binding///serotonin binding///serotonin receptor activity///serotonin receptor activity///signal transducer activity"	"G-protein coupled receptor internalization///G-protein coupled receptor signaling pathway///adenylate cyclase-inhibiting serotonin receptor signaling pathway///behavior///bone remodeling///cellular response to alkaloid///cellular response to drug///cellular response to temperature stimulus///drinking behavior///feeding behavior///negative regulation of cAMP biosynthetic process///negative regulation of cAMP biosynthetic process///negative regulation of serotonin secretion///negative regulation of synaptic transmission, GABAergic///negative regulation of synaptic transmission, glutamatergic///protein kinase C-activating G-protein coupled receptor signaling pathway///regulation of behavior///regulation of dopamine secretion///response to cocaine///response to drug///response to ethanol///response to toxic substance///serotonin receptor signaling pathway///signal transduction///synaptic transmission///vasoconstriction"	"cytoplasm///integral component of membrane///integral component of plasma membrane///membrane///plasma membrane///plasma membrane"	"GO:0004930///GO:0008144///GO:0008144///GO:0051378///GO:0051378///GO:0004993///GO:0004993///GO:0004871"	"GO:0002031///GO:0007186///GO:0007198///GO:0007610///GO:0046849///GO:0071312///GO:0035690///GO:0071502///GO:0042756///GO:0007631///GO:0030818///GO:0030818///GO:0014063///GO:0032229///GO:0051967///GO:0007205///GO:0050795///GO:0014059///GO:0042220///GO:0042493///GO:0045471///GO:0009636///GO:0007210///GO:0007165///GO:0007268///GO:0042310"	"GO:0005737///GO:0016021///GO:0005887///GO:0016020///GO:0005886///GO:0005886"
"1430307_a_at"	0.888691690207633	0.554462599667092	-0.625784313354482	-5.75883876181341	-0.194480901673368	"Me1"	"malic enzyme 1, NADP(+)-dependent, cytosolic"	"17436"	"9 46.58 cM"	"NAD binding///NADP binding///malate dehydrogenase (decarboxylating) (NAD+) activity///malate dehydrogenase (decarboxylating) (NADP+) activity///malate dehydrogenase (decarboxylating) (NADP+) activity///malate dehydrogenase (decarboxylating) (NADP+) activity///malate dehydrogenase (decarboxylating) (NADP+) activity///malic enzyme activity///malic enzyme activity///manganese ion binding///metal ion binding///oxaloacetate decarboxylase activity///oxidoreductase activity///protein binding"	"malate metabolic process///malate metabolic process///oxidation-reduction process///protein tetramerization///response to hormone"	"cytoplasm///cytosol///mitochondrion"	"GO:0051287///GO:0050661///GO:0004471///GO:0004473///GO:0004473///GO:0004473///GO:0004473///GO:0004470///GO:0004470///GO:0030145///GO:0046872///GO:0008948///GO:0016491///GO:0005515"	"GO:0006108///GO:0006108///GO:0055114///GO:0051262///GO:0009725"	"GO:0005737///GO:0005829///GO:0005739"
"1430231_a_at"	0.889212209769639	0.558547754528498	0.619141432227958	-5.76305966040666	0.643042829492053	"Cep70"	"centrosomal protein 70"	"68121"	"9 F1"	"molecular_function"	"biological_process"	"centrosome///cytoplasm///cytoskeleton///nuclear membrane///nucleus"	"GO:0003674"	"GO:0008150"	"GO:0005813///GO:0005737///GO:0005856///GO:0031965///GO:0005634"
"1423126_at"	0.889212209769639	0.559283618874385	-0.617948027029613	-5.76381379271304	-0.133314455118314	"Atp1b3"	"ATPase, Na+/K+ transporting, beta 3 polypeptide"	"11933"	"9 50.31 cM"	"ATPase activator activity///ATPase binding///protein binding///sodium:potassium-exchanging ATPase activity///contributes_to sodium:potassium-exchanging ATPase activity"	"ATP catabolic process///cellular potassium ion homeostasis///cellular sodium ion homeostasis///ion transport///membrane repolarization///metal ion transport///positive regulation of ATP catabolic process///positive regulation of ATPase activity///positive regulation of potassium ion import///positive regulation of potassium ion transmembrane transporter activity///positive regulation of sodium ion export from cell///potassium ion import///potassium ion transport///protein localization to plasma membrane///protein stabilization///sodium ion export from cell///sodium ion transmembrane transport///sodium ion transport///transport"	"caveola///cytoplasm///extracellular vesicular exosome///integral component of membrane///membrane///plasma membrane///sodium:potassium-exchanging ATPase complex"	"GO:0001671///GO:0051117///GO:0005515///GO:0005391///contributes_to GO:0005391"	"GO:0006200///GO:0030007///GO:0006883///GO:0006811///GO:0086009///GO:0030001///GO:1903291///GO:0032781///GO:1903288///GO:1901018///GO:1903278///GO:0010107///GO:0006813///GO:0072659///GO:0050821///GO:0036376///GO:0035725///GO:0006814///GO:0006810"	"GO:0005901///GO:0005737///GO:0070062///GO:0016021///GO:0016020///GO:0005886///GO:0005890"
"1435614_s_at"	0.891312989909734	0.565750975186188	0.607500572051007	-5.77036140227416	0.144770806754412	"Rasgrf1"	"RAS protein-specific guanine nucleotide-releasing factor 1"	"19417"	"9 47.31 cM"	"Rho guanyl-nucleotide exchange factor activity///glutamate receptor binding///guanyl-nucleotide exchange factor activity///protein C-terminus binding///protein binding///protein kinase binding"	"activation of Rac GTPase activity///cell proliferation///intracellular signal transduction///neuron projection development///positive regulation of Ras GTPase activity///positive regulation of Ras protein signal transduction///regulation of N-methyl-D-aspartate selective glutamate receptor activity///regulation of Rac protein signal transduction///regulation of Ras protein signal transduction///regulation of Rho protein signal transduction///regulation of neuronal synaptic plasticity///regulation of small GTPase mediated signal transduction///regulation of synaptic plasticity///small GTPase mediated signal transduction"	"cytosol///growth cone///intracellular"	"GO:0005089///GO:0035254///GO:0005085///GO:0008022///GO:0005515///GO:0019901"	"GO:0032863///GO:0008283///GO:0035556///GO:0031175///GO:0032320///GO:0046579///GO:2000310///GO:0035020///GO:0046578///GO:0035023///GO:0048168///GO:0051056///GO:0048167///GO:0007264"	"GO:0005829///GO:0030426///GO:0005622"
"1426414_a_at"	0.892004876012941	0.570232764050985	0.600303204410911	-5.77481518192969	0.14619110310468	"Rnf7"	"ring finger protein 7"	"19823"	"9 D2.3"	"NEDD8 ligase activity///metal ion binding///protein binding///zinc ion binding"	"activation of cysteine-type endopeptidase activity involved in apoptotic process///apoptotic mitochondrial changes///intrinsic apoptotic signaling pathway in response to oxidative stress///negative regulation of apoptotic process///protein neddylation"	"Cul5-RING ubiquitin ligase complex///cytoplasm///cytoplasm///nucleus///nucleus"	"GO:0019788///GO:0046872///GO:0005515///GO:0008270"	"GO:0006919///GO:0008637///GO:0008631///GO:0043066///GO:0045116"	"GO:0031466///GO:0005737///GO:0005737///GO:0005634///GO:0005634"
"1438535_at"	0.896499540137247	0.58200845266144	0.581553019161255	-5.78619809007327	0.565930328248632	"Phip"	"pleckstrin homology domain interacting protein"	"83946"	"9 E3.1"	"insulin receptor binding///lysine-acetylated histone binding///protein binding"	"cytoskeleton organization///insulin receptor signaling pathway///negative regulation of apoptotic process///negative regulation of extrinsic apoptotic signaling pathway///positive regulation of cell proliferation///positive regulation of cell proliferation///positive regulation of insulin-like growth factor receptor signaling pathway///positive regulation of mitosis///positive regulation of peptidyl-serine phosphorylation///positive regulation of peptidyl-threonine phosphorylation///positive regulation of transcription from RNA polymerase II promoter///positive regulation of transcription, DNA-templated///protein import into nucleus///regulation of cell morphogenesis///regulation of growth///regulation of protein phosphorylation"	"cell///extracellular vesicular exosome///intracellular///nucleus"	"GO:0005158///GO:0070577///GO:0005515"	"GO:0007010///GO:0008286///GO:0043066///GO:2001237///GO:0008284///GO:0008284///GO:0043568///GO:0045840///GO:0033138///GO:0010800///GO:0045944///GO:0045893///GO:0006606///GO:0022604///GO:0040008///GO:0001932"	"GO:0005623///GO:0070062///GO:0005622///GO:0005634"
"1424185_a_at"	0.896499540137247	0.582071985113493	-0.581452473385341	-5.78625826856295	-0.11019050436135	"Morf4l1"	"mortality factor 4 like 1"	"21761"	"9 D1"	"chromatin binding///protein N-terminus binding///protein binding"	"DNA recombination///DNA repair///cell proliferation///cellular response to DNA damage stimulus///chromatin modification///chromatin remodeling///double-strand break repair via homologous recombination///histone H2A acetylation///histone H4 acetylation///histone deacetylation///regulation of growth///regulation of transcription, DNA-templated///transcription, DNA-templated"	"NuA4 histone acetyltransferase complex///Sin3 complex///nucleus"	"GO:0003682///GO:0047485///GO:0005515"	"GO:0006310///GO:0006281///GO:0008283///GO:0006974///GO:0016568///GO:0006338///GO:0000724///GO:0043968///GO:0043967///GO:0016575///GO:0040008///GO:0006355///GO:0006351"	"GO:0035267///GO:0016580///GO:0005634"
"1434109_at"	0.906201494375898	0.611420287444345	-0.535670962292467	-5.81269243980506	-0.253231173636942	"Sh3bgrl2"	"SH3 domain binding glutamic acid-rich protein like 2"	"212531"	"9"	"SH3 domain binding///molecular_function"	"biological_process"	"extracellular vesicular exosome///nucleus"	"GO:0017124///GO:0003674"	"GO:0008150"	"GO:0070062///GO:0005634"
"1449171_at"	0.90907057756473	0.621770171309727	-0.519824179910102	-5.82138734043378	-0.449518497482448	"Ttk"	"Ttk protein kinase"	"22137"	"9"	"ATP binding///kinase activity///nucleotide binding///protein kinase activity///protein serine/threonine kinase activity///protein serine/threonine/tyrosine kinase activity///protein tyrosine kinase activity///transferase activity///transferase activity, transferring phosphorus-containing groups"	"chromosome separation///mitotic cell cycle checkpoint///phosphorylation///protein phosphorylation"	"membrane"	"GO:0005524///GO:0016301///GO:0000166///GO:0004672///GO:0004674///GO:0004712///GO:0004713///GO:0016740///GO:0016772"	"GO:0051304///GO:0007093///GO:0016310///GO:0006468"	"GO:0016020"
"1456039_at"	0.911043082442304	0.630396035756676	0.506727649911988	-5.82839410564844	0.127875689413957	"Snx14"	"sorting nexin 14"	"244962"	"9"	"molecular_function///phosphatidylinositol binding"	"protein transport///regulation of G-protein coupled receptor protein signaling pathway///termination of G-protein coupled receptor signaling pathway///transport"	"cellular_component///integral component of membrane///membrane"	"GO:0003674///GO:0035091"	"GO:0015031///GO:0008277///GO:0038032///GO:0006810"	"GO:0005575///GO:0016021///GO:0016020"
"1428529_at"	0.913771246339671	0.636586901291523	-0.497387847383039	-5.83329127934649	-0.125166571011922	"Snhg5"	"small nucleolar RNA host gene 5"	"72655"	"9"	"molecular_function"	"biological_process"	"cellular_component"	"GO:0003674"	"GO:0008150"	"GO:0005575"
"1419657_a_at"	0.915660617011659	0.64049037238584	0.491523846324772	-5.83632333785152	0.145260238371817	"Slc25a36"	"solute carrier family 25, member 36"	"192287"	"9"	"molecular_function"	"response to estradiol///transmembrane transport///transport"	"integral component of membrane///membrane///mitochondrial inner membrane///mitochondrion"	"GO:0003674"	"GO:0032355///GO:0055085///GO:0006810"	"GO:0016021///GO:0016020///GO:0005743///GO:0005739"
"1452102_at"	0.916674898069694	0.650680990403585	-0.476303171606148	-5.84403910288981	-0.124719377570962	"Copb2"	"coatomer protein complex, subunit beta 2 (beta prime)"	"50797"	"9 E3-F1"	"protein kinase C binding///structural molecule activity"	"intra-Golgi vesicle-mediated transport///intracellular protein transport///protein transport///transport///vesicle-mediated transport"	"COPI vesicle coat///Golgi apparatus///Golgi apparatus///Golgi membrane///cytoplasm///cytoplasmic vesicle///membrane///membrane coat"	"GO:0005080///GO:0005198"	"GO:0006891///GO:0006886///GO:0015031///GO:0006810///GO:0016192"	"GO:0030126///GO:0005794///GO:0005794///GO:0000139///GO:0005737///GO:0031410///GO:0016020///GO:0030117"
"1421096_at"	0.917538235984515	0.654125099395571	-0.471187157081636	-5.84658230378569	-0.111487973722391	"Trpc1"	"transient receptor potential cation channel, subfamily C, member 1"	"22063"	"9 50.2 cM"	"calcium channel activity///cation channel activity///inositol 1,4,5 trisphosphate binding///ion channel activity///ion channel binding///protein binding///store-operated calcium channel activity"	"calcium ion transmembrane transport///calcium ion transport///cation transmembrane transport///cytosolic calcium ion homeostasis///ion transport///positive regulation of release of sequestered calcium ion into cytosol///response to calcium ion///saliva secretion///transmembrane transport///transport"	"basolateral plasma membrane///costamere///cytoplasm///cytosol///integral component of membrane///membrane///membrane raft///plasma membrane///protein complex///receptor complex///sarcomere"	"GO:0005262///GO:0005261///GO:0070679///GO:0005216///GO:0044325///GO:0005515///GO:0015279"	"GO:0070588///GO:0006816///GO:0098655///GO:0051480///GO:0006811///GO:0051281///GO:0051592///GO:0046541///GO:0055085///GO:0006810"	"GO:0016323///GO:0043034///GO:0005737///GO:0005829///GO:0016021///GO:0016020///GO:0045121///GO:0005886///GO:0043234///GO:0043235///GO:0030017"
"1423312_at"	0.921463068667412	0.669231694648507	0.448907838304777	-5.85736064224887	0.464665708871101	"Tpbg"	"trophoblast glycoprotein"	"21983"	"9"	""	""	"cell surface///cytoplasm///endoplasmic reticulum///integral component of membrane///membrane///plasma membrane"	""	""	"GO:0009986///GO:0005737///GO:0005783///GO:0016021///GO:0016020///GO:0005886"
"1435559_at"	0.930295637968483	0.698439232824729	-0.406522919239445	-5.87651783770671	-0.149298333995461	"Myo6"	"myosin VI"	"17920"	"9 43.98 cM"	"ATP binding///actin binding///actin filament binding///calmodulin binding///motor activity///nucleotide binding///protein binding"	"DNA damage response, signal transduction by p53 class mediator///auditory receptor cell differentiation///cellular response to electrical stimulus///dendrite development///endocytosis///endocytosis///glutamate secretion///inner ear development///inner ear morphogenesis///locomotory behavior///positive regulation of transcription from RNA polymerase II promoter///protein targeting///protein transport///regulation of secretion///regulation of synaptic plasticity///response to drug///sensory perception of sound///sensory perception of sound///synapse assembly///synaptic transmission///transport"	"DNA-directed RNA polymerase II, holoenzyme///Golgi apparatus///apical part of cell///axon///cell///cell projection///colocalizes_with clathrin-coated endocytic vesicle///coated pit///cytoplasm///cytoplasm///cytoplasmic membrane-bounded vesicle///cytoplasmic vesicle///endocytic vesicle///extracellular vesicular exosome///filamentous actin///intracellular///intracellular membrane-bounded organelle///membrane///microvillus///myosin complex///neuronal cell body///nuclear membrane///nucleoplasm///nucleus///perinuclear region of cytoplasm///perinuclear region of cytoplasm///plasma membrane///protein complex///ruffle///ruffle membrane///synapse///vesicle membrane"	"GO:0005524///GO:0003779///GO:0051015///GO:0005516///GO:0003774///GO:0000166///GO:0005515"	"GO:0030330///GO:0042491///GO:0071257///GO:0016358///GO:0006897///GO:0006897///GO:0014047///GO:0048839///GO:0042472///GO:0007626///GO:0045944///GO:0006605///GO:0015031///GO:0051046///GO:0048167///GO:0042493///GO:0007605///GO:0007605///GO:0007416///GO:0007268///GO:0006810"	"GO:0016591///GO:0005794///GO:0045177///GO:0030424///GO:0005623///GO:0042995///colocalizes_with GO:0045334///GO:0005905///GO:0005737///GO:0005737///GO:0016023///GO:0031410///GO:0030139///GO:0070062///GO:0031941///GO:0005622///GO:0043231///GO:0016020///GO:0005902///GO:0016459///GO:0043025///GO:0031965///GO:0005654///GO:0005634///GO:0048471///GO:0048471///GO:0005886///GO:0043234///GO:0001726///GO:0032587///GO:0045202///GO:0012506"
"1456142_x_at"	0.934475559834826	0.717062757703136	-0.379928708930528	-5.8876232908695	-0.0718884624897989	"Morf4l1"	"mortality factor 4 like 1"	"21761"	"9 D1"	"chromatin binding///protein N-terminus binding///protein binding"	"DNA recombination///DNA repair///cell proliferation///cellular response to DNA damage stimulus///chromatin modification///chromatin remodeling///double-strand break repair via homologous recombination///histone H2A acetylation///histone H4 acetylation///histone deacetylation///regulation of growth///regulation of transcription, DNA-templated///transcription, DNA-templated"	"NuA4 histone acetyltransferase complex///Sin3 complex///nucleus"	"GO:0003682///GO:0047485///GO:0005515"	"GO:0006310///GO:0006281///GO:0008283///GO:0006974///GO:0016568///GO:0006338///GO:0000724///GO:0043968///GO:0043967///GO:0016575///GO:0040008///GO:0006355///GO:0006351"	"GO:0035267///GO:0016580///GO:0005634"
"1427984_at"	0.945786065350023	0.753075421855716	0.329338217947485	-5.9067700036245	0.0866952215200554	"Senp6"	"SUMO/sentrin specific peptidase 6"	"215351"	"9"	"SUMO-specific protease activity///cysteine-type peptidase activity///hydrolase activity///nucleic acid binding///peptidase activity///zinc ion binding"	"protein desumoylation///protein modification by small protein removal///proteolysis///regulation of kinetochore assembly///regulation of spindle assembly"	"cytoplasm///nucleus"	"GO:0016929///GO:0008234///GO:0016787///GO:0003676///GO:0008233///GO:0008270"	"GO:0016926///GO:0070646///GO:0006508///GO:0090234///GO:0090169"	"GO:0005737///GO:0005634"
"1452339_at"	0.948505721372506	0.759248996931218	0.320765624320181	-5.90975452959222	0.296783097893985	"Adamts7"	"a disintegrin-like and metallopeptidase (reprolysin type) with thrombospondin type 1 motif, 7"	"108153"	"9"	"hydrolase activity///metal ion binding///metalloendopeptidase activity///metallopeptidase activity///peptidase activity///zinc ion binding"	"cellular response to BMP stimulus///cellular response to interleukin-1///cellular response to tumor necrosis factor///negative regulation of chondrocyte differentiation///proteolysis///proteolysis involved in cellular protein catabolic process"	"cell surface///extracellular matrix///extracellular region///proteinaceous extracellular matrix"	"GO:0016787///GO:0046872///GO:0004222///GO:0008237///GO:0008233///GO:0008270"	"GO:0071773///GO:0071347///GO:0071356///GO:0032331///GO:0006508///GO:0051603"	"GO:0009986///GO:0031012///GO:0005576///GO:0005578"
"1451527_at"	0.950383224948465	0.769064416778597	-0.30719111874354	-5.91432507344927	-0.10966090163144	"Pcolce2"	"procollagen C-endopeptidase enhancer 2"	"76477"	"9"	"collagen binding///heparin binding///peptidase activator activity"	"positive regulation of peptidase activity"	"extracellular region///extracellular vesicular exosome"	"GO:0005518///GO:0008201///GO:0016504"	"GO:0010952"	"GO:0005576///GO:0070062"
"1454914_at"	0.953735144843668	0.780033880886542	-0.292096993434735	-5.91918269564017	-0.0567200277667101	"U2surp"	"U2 snRNP-associated SURP domain containing"	"67958"	"9 E4"	"RNA binding///nucleic acid binding///nucleotide binding///poly(A) RNA binding"	"RNA processing///biological_process"	"nucleus"	"GO:0003723///GO:0003676///GO:0000166///GO:0044822"	"GO:0006396///GO:0008150"	"GO:0005634"
"1449428_at"	0.957034034988488	0.792832470501481	-0.274581908106464	-5.92452156808698	-0.19435030533937	"Cldn18"	"claudin 18"	"56492"	"9"	"structural molecule activity"	""	"cell junction///integral component of membrane///membrane///plasma membrane///tight junction"	"GO:0005198"	""	"GO:0030054///GO:0016021///GO:0016020///GO:0005886///GO:0005923"
"1418029_at"	0.957338009728426	0.794751143177251	0.27196466251418	-5.92529176778909	0.0642924545574344	"Faim"	"Fas apoptotic inhibitory molecule"	"23873"	"9"	""	"apoptotic process///negative regulation of apoptotic process///negative regulation of extrinsic apoptotic signaling pathway via death domain receptors"	"cytoplasm"	""	"GO:0006915///GO:0043066///GO:1902042"	"GO:0005737"
"1423432_at"	0.958058500243889	0.796288490279787	-0.269869128859082	-5.92590325866836	-0.096898135587641	"Phip"	"pleckstrin homology domain interacting protein"	"83946"	"9 E3.1"	"insulin receptor binding///lysine-acetylated histone binding///protein binding"	"cytoskeleton organization///insulin receptor signaling pathway///negative regulation of apoptotic process///negative regulation of extrinsic apoptotic signaling pathway///positive regulation of cell proliferation///positive regulation of cell proliferation///positive regulation of insulin-like growth factor receptor signaling pathway///positive regulation of mitosis///positive regulation of peptidyl-serine phosphorylation///positive regulation of peptidyl-threonine phosphorylation///positive regulation of transcription from RNA polymerase II promoter///positive regulation of transcription, DNA-templated///protein import into nucleus///regulation of cell morphogenesis///regulation of growth///regulation of protein phosphorylation"	"cell///extracellular vesicular exosome///intracellular///nucleus"	"GO:0005158///GO:0070577///GO:0005515"	"GO:0007010///GO:0008286///GO:0043066///GO:2001237///GO:0008284///GO:0008284///GO:0043568///GO:0045840///GO:0033138///GO:0010800///GO:0045944///GO:0045893///GO:0006606///GO:0022604///GO:0040008///GO:0001932"	"GO:0005623///GO:0070062///GO:0005622///GO:0005634"
"1437802_x_at"	0.958540674730593	0.79989374883525	0.26496018965125	-5.92731766814824	0.0538325435129732	"Morf4l1"	"mortality factor 4 like 1"	"21761"	"9 D1"	"chromatin binding///protein N-terminus binding///protein binding"	"DNA recombination///DNA repair///cell proliferation///cellular response to DNA damage stimulus///chromatin modification///chromatin remodeling///double-strand break repair via homologous recombination///histone H2A acetylation///histone H4 acetylation///histone deacetylation///regulation of growth///regulation of transcription, DNA-templated///transcription, DNA-templated"	"NuA4 histone acetyltransferase complex///Sin3 complex///nucleus"	"GO:0003682///GO:0047485///GO:0005515"	"GO:0006310///GO:0006281///GO:0008283///GO:0006974///GO:0016568///GO:0006338///GO:0000724///GO:0043968///GO:0043967///GO:0016575///GO:0040008///GO:0006355///GO:0006351"	"GO:0035267///GO:0016580///GO:0005634"
"1422653_at"	0.95890804666177	0.801696150073767	0.262508796149855	-5.92801450534556	0.116140581075336	"Cep70"	"centrosomal protein 70"	"68121"	"9 F1"	"molecular_function"	"biological_process"	"centrosome///cytoplasm///cytoskeleton///nuclear membrane///nucleus"	"GO:0003674"	"GO:0008150"	"GO:0005813///GO:0005737///GO:0005856///GO:0031965///GO:0005634"
"1422769_at"	0.963544361559607	0.82464871714676	0.231444133844514	-5.93629597225924	0.105263531546527	"Syncrip"	"synaptotagmin binding, cytoplasmic RNA interacting protein"	"56403"	"9 E3.2"	"RNA binding///nucleic acid binding///nucleotide binding///poly(A) RNA binding///poly(A) binding"	"CRD-mediated mRNA stabilization///RNA splicing///cellular response to interferon-gamma///mRNA processing///negative regulation of translation///osteoblast differentiation"	"CRD-mediated mRNA stability complex///GAIT complex///catalytic step 2 spliceosome///cytoplasm///histone pre-mRNA 3'end processing complex///membrane///nucleus///ribonucleoprotein complex///spliceosomal complex"	"GO:0003723///GO:0003676///GO:0000166///GO:0044822///GO:0008143"	"GO:0070934///GO:0008380///GO:0071346///GO:0006397///GO:0017148///GO:0001649"	"GO:0070937///GO:0097452///GO:0071013///GO:0005737///GO:0071204///GO:0016020///GO:0005634///GO:0030529///GO:0005681"
"1448961_at"	0.964695804416742	0.828439317488867	-0.226339481156151	-5.9375591235374	-0.194464610999594	"Plscr2"	"phospholipid scramblase 2"	"18828"	"9"	"SH3 domain binding///metal ion binding///protein binding"	""	"cytoplasm///integral component of membrane///membrane///nucleus"	"GO:0017124///GO:0046872///GO:0005515"	""	"GO:0005737///GO:0016021///GO:0016020///GO:0005634"
"1450743_s_at"	0.964695804416742	0.829732245740474	0.224599911926541	-5.93798326224089	0.301253573826907	"Syncrip"	"synaptotagmin binding, cytoplasmic RNA interacting protein"	"56403"	"9 E3.2"	"RNA binding///nucleic acid binding///nucleotide binding///poly(A) RNA binding///poly(A) binding"	"CRD-mediated mRNA stabilization///RNA splicing///cellular response to interferon-gamma///mRNA processing///negative regulation of translation///osteoblast differentiation"	"CRD-mediated mRNA stability complex///GAIT complex///catalytic step 2 spliceosome///cytoplasm///histone pre-mRNA 3'end processing complex///membrane///nucleus///ribonucleoprotein complex///spliceosomal complex"	"GO:0003723///GO:0003676///GO:0000166///GO:0044822///GO:0008143"	"GO:0070934///GO:0008380///GO:0071346///GO:0006397///GO:0017148///GO:0001649"	"GO:0070937///GO:0097452///GO:0071013///GO:0005737///GO:0071204///GO:0016020///GO:0005634///GO:0030529///GO:0005681"
"1451308_at"	0.967114495583865	0.842934906415004	0.206880215743162	-5.94212027579734	0.0537289362620159	"Elovl4"	"elongation of very long chain fatty acids (FEN1/Elo2, SUR4/Elo3, yeast)-like 4"	"83603"	"9"	"transferase activity"	"fatty acid biosynthetic process///fatty acid elongation, saturated fatty acid///fatty acid metabolic process///lipid metabolic process///very long-chain fatty acid biosynthetic process"	"endoplasmic reticulum///integral component of endoplasmic reticulum membrane///integral component of membrane///membrane"	"GO:0016740"	"GO:0006633///GO:0019367///GO:0006631///GO:0006629///GO:0042761"	"GO:0005783///GO:0030176///GO:0016021///GO:0016020"
"1418365_at"	0.967274555802653	0.843946499218648	-0.205525704153397	-5.94242275172182	-0.0446891145538091	"Ctsh"	"cathepsin H"	"13036"	"9 47.4 cM"	"HLA-A specific activating MHC class I receptor activity///aminopeptidase activity///cysteine-type endopeptidase activator activity involved in apoptotic process///cysteine-type endopeptidase activator activity involved in apoptotic process///cysteine-type endopeptidase activity///cysteine-type endopeptidase activity///cysteine-type peptidase activity///endopeptidase activity///endopeptidase activity///hydrolase activity///kininogen binding///peptidase activator activity involved in apoptotic process///peptidase activity///protein complex binding///protein self-association///serine-type endopeptidase activity///thyroid hormone binding"	"ERK1 and ERK2 cascade///T cell mediated cytotoxicity///activation of cysteine-type endopeptidase activity involved in apoptotic process///activation of cysteine-type endopeptidase activity involved in apoptotic process///apoptotic process///bradykinin catabolic process///dichotomous subdivision of terminal units involved in lung branching///immune response-regulating signaling pathway///membrane protein proteolysis///membrane protein proteolysis///negative regulation of apoptotic process///neuropeptide catabolic process///positive regulation of angiogenesis///positive regulation of apoptotic signaling pathway///positive regulation of cell migration///positive regulation of cell proliferation///positive regulation of epithelial cell migration///positive regulation of gene expression///positive regulation of peptidase activity///positive regulation of peptidase activity///protein destabilization///protein destabilization///proteolysis///proteolysis///proteolysis///response to retinoic acid///surfactant homeostasis///zymogen activation///zymogen activation"	"acrosomal vesicle///alveolar lamellar body///axoneme///cytosol///extracellular space///extracellular vesicular exosome///lysosome///outer dense fiber"	"GO:0030108///GO:0004177///GO:0008656///GO:0008656///GO:0004197///GO:0004197///GO:0008234///GO:0004175///GO:0004175///GO:0016787///GO:0030984///GO:0016505///GO:0008233///GO:0032403///GO:0043621///GO:0004252///GO:0070324"	"GO:0070371///GO:0001913///GO:0006919///GO:0006919///GO:0006915///GO:0010815///GO:0060448///GO:0002764///GO:0033619///GO:0033619///GO:0043066///GO:0010813///GO:0045766///GO:2001235///GO:0030335///GO:0008284///GO:0010634///GO:0010628///GO:0010952///GO:0010952///GO:0031648///GO:0031648///GO:0006508///GO:0006508///GO:0006508///GO:0032526///GO:0043129///GO:0031638///GO:0031638"	"GO:0001669///GO:0097208///GO:0005930///GO:0005829///GO:0005615///GO:0070062///GO:0005764///GO:0001520"
"1431777_a_at"	0.97430354186069	0.873670450309537	-0.165907562142889	-5.95040163834122	-0.0368143378214123	"Hmgn3"	"high mobility group nucleosomal binding domain 3"	"94353"	"9 E3.1"	"DNA binding///chromatin binding///chromatin binding///nucleosomal DNA binding"	"chromatin modification///positive regulation of sequence-specific DNA binding transcription factor activity///positive regulation of transcription from RNA polymerase II promoter///positive regulation of transcription from RNA polymerase II promoter///regulation of insulin secretion involved in cellular response to glucose stimulus///regulation of transcription from RNA polymerase II promoter"	"chromatin///nucleus///nucleus"	"GO:0003677///GO:0003682///GO:0003682///GO:0031492"	"GO:0016568///GO:0051091///GO:0045944///GO:0045944///GO:0061178///GO:0006357"	"GO:0000785///GO:0005634///GO:0005634"
"1422974_at"	0.97430354186069	0.873824463502205	-0.165703129346313	-5.95043844379027	-0.0661864073653002	"Nt5e"	"5' nucleotidase, ecto"	"23959"	"9 E3.2"	"5'-nucleotidase activity///5'-nucleotidase activity///ferrous iron binding///hydrolase activity///hydrolase activity, acting on ester bonds///metal ion binding///nucleotide binding"	"AMP catabolic process///AMP catabolic process///adenosine biosynthetic process///adenosine metabolic process///dephosphorylation///dephosphorylation///negative regulation of inflammatory response///nucleotide catabolic process///purine nucleotide biosynthetic process"	"anchored component of membrane///cell surface///cytoplasm///extracellular vesicular exosome///membrane///plasma membrane///plasma membrane///synaptic membrane"	"GO:0008253///GO:0008253///GO:0008198///GO:0016787///GO:0016788///GO:0046872///GO:0000166"	"GO:0006196///GO:0006196///GO:0046086///GO:0046085///GO:0016311///GO:0016311///GO:0050728///GO:0009166///GO:0006164"	"GO:0031225///GO:0009986///GO:0005737///GO:0070062///GO:0016020///GO:0005886///GO:0005886///GO:0097060"
"1453181_x_at"	0.976080965030112	0.87951464387813	-0.158155691868552	-5.95176579090223	-0.136889276439458	"Plscr1"	"phospholipid scramblase 1"	"22038"	"9"	"CD4 receptor binding///DNA binding///RNA polymerase II core promoter proximal region sequence-specific DNA binding transcription factor activity involved in positive regulation of transcription///SH3 domain binding///calcium ion binding///enzyme binding///epidermal growth factor receptor binding///phospholipid scramblase activity"	"apoptotic process///defense response to virus///defense response to virus///immune response///intrinsic apoptotic signaling pathway///myeloid cell differentiation///negative regulation of protein binding///negative regulation of viral genome replication///negative regulation of viral genome replication///phosphatidylserine biosynthetic process///phosphatidylserine exposure on apoptotic cell surface///phospholipid scrambling///phospholipid scrambling///phospholipid transport///positive regulation of DNA topoisomerase (ATP-hydrolyzing) activity///positive regulation of apoptotic process///positive regulation of gene expression///positive regulation of innate immune response///positive regulation of innate immune response///positive regulation of intrinsic apoptotic signaling pathway in response to DNA damage///positive regulation of transcription from RNA polymerase II promoter///regulation of Fc receptor mediated stimulatory signaling pathway///regulation of mast cell activation///response to interferon-alpha///response to interferon-beta///transcription from RNA polymerase II promoter"	"Golgi apparatus///cytosol///cytosol///extracellular matrix///extracellular vesicular exosome///integral component of membrane///integral component of plasma membrane///membrane///membrane raft///nucleolus///nucleus///nucleus///plasma membrane///plasma membrane"	"GO:0042609///GO:0003677///GO:0001077///GO:0017124///GO:0005509///GO:0019899///GO:0005154///GO:0017128"	"GO:0006915///GO:0051607///GO:0051607///GO:0006955///GO:0097193///GO:0030099///GO:0032091///GO:0045071///GO:0045071///GO:0006659///GO:0070782///GO:0017121///GO:0017121///GO:0015914///GO:2000373///GO:0043065///GO:0010628///GO:0045089///GO:0045089///GO:1902231///GO:0045944///GO:0060368///GO:0033003///GO:0035455///GO:0035456///GO:0006366"	"GO:0005794///GO:0005829///GO:0005829///GO:0031012///GO:0070062///GO:0016021///GO:0005887///GO:0016020///GO:0045121///GO:0005730///GO:0005634///GO:0005634///GO:0005886///GO:0005886"
"1450308_a_at"	0.976080965030112	0.8795931767446	-0.158051600433183	-5.95178366857692	-0.0816650700408559	"Xrn1"	"5'-3' exoribonuclease 1"	"24127"	"9 E4"	"3'-5'-exoribonuclease activity///5'-3' exonuclease activity///5'-3' exoribonuclease activity///DNA binding///RNA binding///exonuclease activity///hydrolase activity///nuclease activity///nucleic acid binding///poly(A) RNA binding"	"RNA phosphodiester bond hydrolysis, exonucleolytic///RNA processing///cell aging///histone mRNA catabolic process///meiotic nuclear division///nuclear mRNA surveillance///nuclear-transcribed mRNA catabolic process///rRNA catabolic process///telomere maintenance"	"cytoplasm///cytoplasmic mRNA processing body///membrane"	"GO:0000175///GO:0008409///GO:0004534///GO:0003677///GO:0003723///GO:0004527///GO:0016787///GO:0004518///GO:0003676///GO:0044822"	"GO:0090503///GO:0006396///GO:0007569///GO:0071044///GO:0007126///GO:0071028///GO:0000956///GO:0016075///GO:0000723"	"GO:0005737///GO:0000932///GO:0016020"
"1422768_at"	0.976225252649625	0.881194893557068	-0.155929035979028	-5.95214567368675	-0.0478009131023711	"Syncrip"	"synaptotagmin binding, cytoplasmic RNA interacting protein"	"56403"	"9 E3.2"	"RNA binding///nucleic acid binding///nucleotide binding///poly(A) RNA binding///poly(A) binding"	"CRD-mediated mRNA stabilization///RNA splicing///cellular response to interferon-gamma///mRNA processing///negative regulation of translation///osteoblast differentiation"	"CRD-mediated mRNA stability complex///GAIT complex///catalytic step 2 spliceosome///cytoplasm///histone pre-mRNA 3'end processing complex///membrane///nucleus///ribonucleoprotein complex///spliceosomal complex"	"GO:0003723///GO:0003676///GO:0000166///GO:0044822///GO:0008143"	"GO:0070934///GO:0008380///GO:0071346///GO:0006397///GO:0017148///GO:0001649"	"GO:0070937///GO:0097452///GO:0071013///GO:0005737///GO:0071204///GO:0016020///GO:0005634///GO:0030529///GO:0005681"
"1452627_at"	0.977238517112276	0.894669561454122	0.138103829661889	-5.95499411863865	0.0428080689698129	"Senp6"	"SUMO/sentrin specific peptidase 6"	"215351"	"9"	"SUMO-specific protease activity///cysteine-type peptidase activity///hydrolase activity///nucleic acid binding///peptidase activity///zinc ion binding"	"protein desumoylation///protein modification by small protein removal///proteolysis///regulation of kinetochore assembly///regulation of spindle assembly"	"cytoplasm///nucleus"	"GO:0016929///GO:0008234///GO:0016787///GO:0003676///GO:0008233///GO:0008270"	"GO:0016926///GO:0070646///GO:0006508///GO:0090234///GO:0090169"	"GO:0005737///GO:0005634"
"1423311_s_at"	0.983989768544859	0.923011490927975	-0.100769151562366	-5.95984700336908	-0.0444143965969501	"Tpbg"	"trophoblast glycoprotein"	"21983"	"9"	""	""	"cell surface///cytoplasm///endoplasmic reticulum///integral component of membrane///membrane///plasma membrane"	""	""	"GO:0009986///GO:0005737///GO:0005783///GO:0016021///GO:0016020///GO:0005886"
"1425445_a_at"	0.986724375553336	0.938538335309863	-0.0803886918947446	-5.96185829831395	-0.0921170795739261	"Cldn18"	"claudin 18"	"56492"	"9"	"structural molecule activity"	""	"cell junction///integral component of membrane///membrane///plasma membrane///tight junction"	"GO:0005198"	""	"GO:0030054///GO:0016021///GO:0016020///GO:0005886///GO:0005923"
"1434875_a_at"	0.989175367406403	0.945598489323545	-0.0711350101056356	-5.96262247801542	-0.0154857393641095	"Hmgn3"	"high mobility group nucleosomal binding domain 3"	"94353"	"9 E3.1"	"DNA binding///chromatin binding///chromatin binding///nucleosomal DNA binding"	"chromatin modification///positive regulation of sequence-specific DNA binding transcription factor activity///positive regulation of transcription from RNA polymerase II promoter///positive regulation of transcription from RNA polymerase II promoter///regulation of insulin secretion involved in cellular response to glucose stimulus///regulation of transcription from RNA polymerase II promoter"	"chromatin///nucleus///nucleus"	"GO:0003677///GO:0003682///GO:0003682///GO:0031492"	"GO:0016568///GO:0051091///GO:0045944///GO:0045944///GO:0061178///GO:0006357"	"GO:0000785///GO:0005634///GO:0005634"
"1419004_s_at"	0.996214167082983	0.97865675103545	0.0278850656144071	-5.96495769748825	0.0184384603311947	"Bcl2a1d///Bcl2a1b///Bcl2a1a"	"B cell leukemia/lymphoma 2 related protein A1d///B cell leukemia/lymphoma 2 related protein A1b///B cell leukemia/lymphoma 2 related protein A1a"	"12047///12045///12044"	"9///9///9 47.24 cM"	"BH domain binding///cysteine-type endopeptidase inhibitor activity involved in apoptotic process///protein heterodimerization activity///protein heterodimerization activity///protein homodimerization activity///BH domain binding///protein heterodimerization activity///protein heterodimerization activity///protein homodimerization activity///BH domain binding///protein binding///protein heterodimerization activity///protein heterodimerization activity///protein homodimerization activity"	"T cell differentiation///T cell receptor signaling pathway///extrinsic apoptotic signaling pathway in absence of ligand///intrinsic apoptotic signaling pathway in response to DNA damage///negative regulation of apoptotic process///negative regulation of cysteine-type endopeptidase activity involved in apoptotic process///negative regulation of intrinsic apoptotic signaling pathway///extrinsic apoptotic signaling pathway in absence of ligand///intrinsic apoptotic signaling pathway in response to DNA damage///negative regulation of apoptotic process///negative regulation of intrinsic apoptotic signaling pathway///B cell homeostasis///apoptotic process///extrinsic apoptotic signaling pathway in absence of ligand///intrinsic apoptotic signaling pathway in response to DNA damage///negative regulation of B cell apoptotic process///negative regulation of apoptotic process///negative regulation of intrinsic apoptotic signaling pathway///regulation of apoptotic process"	"mitochondrial outer membrane///mitochondrial outer membrane///cytoplasm///mitochondrial outer membrane"	"GO:0051400///GO:0043027///GO:0046982///GO:0046982///GO:0042803///GO:0051400///GO:0046982///GO:0046982///GO:0042803///GO:0051400///GO:0005515///GO:0046982///GO:0046982///GO:0042803"	"GO:0030217///GO:0050852///GO:0097192///GO:0008630///GO:0043066///GO:0043154///GO:2001243///GO:0097192///GO:0008630///GO:0043066///GO:2001243///GO:0001782///GO:0006915///GO:0097192///GO:0008630///GO:0002903///GO:0043066///GO:2001243///GO:0042981"	"GO:0005741///GO:0005741///GO:0005737///GO:0005741"
