"ID (num probes:10043)"	"adj.P.Val"	"P.Value"	"t"	"B"	"logFC"	"Gene.symbol"	"Gene.title"	"Gene.ID"	"Chromosome.location"	"GO.Function"	"GO.Process"	"GO.Component"	"GO.Function.ID"	"GO.Process.ID"	"GO.Component.ID"
"94057_g_at"	0.00214940839674327	3.48541655997488e-07	-11.7424781556131	6.57485346941379	-6.18775199153844	"Scd1"	"stearoyl-Coenzyme A desaturase 1"	"20249"	"19 37.98 cM"	"iron ion binding///oxidoreductase activity///oxidoreductase activity, acting on paired donors, with oxidation of a pair of donors resulting in the reduction of molecular oxygen to two molecules of water///stearoyl-CoA 9-desaturase activity"	"brown fat cell differentiation///cholesterol esterification///defense response to Gram-positive bacterium///fatty acid biosynthetic process///fatty acid metabolic process///lipid metabolic process///negative regulation of growth of symbiont in host///oxidation-reduction process///positive regulation of cholesterol esterification///white fat cell differentiation"	"endoplasmic reticulum///integral component of endoplasmic reticulum membrane///integral component of membrane///intracellular membrane-bounded organelle///membrane"	"GO:0005506///GO:0016491///GO:0016717///GO:0004768"	"GO:0050873///GO:0034435///GO:0050830///GO:0006633///GO:0006631///GO:0006629///GO:0044130///GO:0055114///GO:0010873///GO:0050872"	"GO:0005783///GO:0030176///GO:0016021///GO:0043231///GO:0016020"
"94056_at"	0.00214940839674327	4.28425034232264e-07	-11.4873021636226	6.4195535769602	-5.64682271332437	"Scd1"	"stearoyl-Coenzyme A desaturase 1"	"20249"	"19 37.98 cM"	"iron ion binding///oxidoreductase activity///oxidoreductase activity, acting on paired donors, with oxidation of a pair of donors resulting in the reduction of molecular oxygen to two molecules of water///stearoyl-CoA 9-desaturase activity"	"brown fat cell differentiation///cholesterol esterification///defense response to Gram-positive bacterium///fatty acid biosynthetic process///fatty acid metabolic process///lipid metabolic process///negative regulation of growth of symbiont in host///oxidation-reduction process///positive regulation of cholesterol esterification///white fat cell differentiation"	"endoplasmic reticulum///integral component of endoplasmic reticulum membrane///integral component of membrane///intracellular membrane-bounded organelle///membrane"	"GO:0005506///GO:0016491///GO:0016717///GO:0004768"	"GO:0050873///GO:0034435///GO:0050830///GO:0006633///GO:0006631///GO:0006629///GO:0044130///GO:0055114///GO:0010873///GO:0050872"	"GO:0005783///GO:0030176///GO:0016021///GO:0043231///GO:0016020"
"102416_at"	0.0495733436347117	0.000683635655184903	4.83230453561323	-0.0879271554387904	0.699483968607018	"Cyp17a1"	"cytochrome P450, family 17, subfamily a, polypeptide 1"	"13074"	"19 38.97 cM"	"17-alpha-hydroxyprogesterone aldolase activity///heme binding///iron ion binding///lyase activity///metal ion binding///monooxygenase activity///oxidoreductase activity///oxidoreductase activity, acting on paired donors, with incorporation or reduction of molecular oxygen///steroid 17-alpha-monooxygenase activity///steroid 17-alpha-monooxygenase activity///steroid 17-alpha-monooxygenase activity"	"glucocorticoid biosynthetic process///hormone biosynthetic process///oxidation-reduction process///positive regulation of steroid hormone biosynthetic process///progesterone metabolic process///steroid biosynthetic process///steroid metabolic process"	"axon///cell projection///endoplasmic reticulum///intracellular membrane-bounded organelle///membrane///mitochondrion///neuronal cell body///neuronal cell body"	"GO:0047442///GO:0020037///GO:0005506///GO:0016829///GO:0046872///GO:0004497///GO:0016491///GO:0016705///GO:0004508///GO:0004508///GO:0004508"	"GO:0006704///GO:0042446///GO:0055114///GO:0090031///GO:0042448///GO:0006694///GO:0008202"	"GO:0030424///GO:0042995///GO:0005783///GO:0043231///GO:0016020///GO:0005739///GO:0043025///GO:0043025"
"95735_at"	0.0521145574246114	0.000831007493316507	-4.70305799431752	-0.276138664207976	-0.710599583317167	"Nolc1"	"nucleolar and coiled-body phosphoprotein 1"	"70769"	"19"	"protein binding"	"nucleolus organization"	"Cajal body///nucleolus///nucleoplasm///small nuclear ribonucleoprotein complex"	"GO:0005515"	"GO:0007000"	"GO:0015030///GO:0005730///GO:0005654///GO:0030532"
"104135_at"	0.0836483726302701	0.00409321815442123	3.69923916738828	-1.82071276219921	0.620182401289783	"Arl3"	"ADP-ribosylation factor-like 3"	"56350"	"19 D1"	"GDP binding///GDP binding///GTP binding///GTP binding///GTPase activity///metal ion binding///microtubule binding///nucleotide binding///protein binding"	"GTP catabolic process///cell cycle///cell division///cilium morphogenesis///cytokinesis///intraciliary transport///kidney development///photoreceptor cell development///post-Golgi vesicle-mediated transport///protein transport///small GTPase mediated signal transduction///smoothened signaling pathway///transport"	"Golgi apparatus///cell///cell projection///centrosome///cilium///cytoplasm///cytoplasmic microtubule///cytoskeleton///extracellular vesicular exosome///intracellular///membrane///midbody///nucleus///photoreceptor connecting cilium///spindle microtubule"	"GO:0019003///GO:0019003///GO:0005525///GO:0005525///GO:0003924///GO:0046872///GO:0008017///GO:0000166///GO:0005515"	"GO:0006184///GO:0007049///GO:0051301///GO:0060271///GO:0000910///GO:0042073///GO:0001822///GO:0042461///GO:0006892///GO:0015031///GO:0007264///GO:0007224///GO:0006810"	"GO:0005794///GO:0005623///GO:0042995///GO:0005813///GO:0005929///GO:0005737///GO:0005881///GO:0005856///GO:0070062///GO:0005622///GO:0016020///GO:0030496///GO:0005634///GO:0032391///GO:0005876"
"99541_at"	0.101565371770891	0.00683980367659601	-3.39153377357492	-2.31791397509795	-0.710867815970604	"Kif11"	"kinesin family member 11"	"16551"	"19"	"ATP binding///ATPase activity///microtubule binding///microtubule motor activity///nucleotide binding///plus-end-directed microtubule motor activity///protein complex binding///protein kinase binding"	"ATP catabolic process///cell cycle///cell division///chromosome segregation///microtubule-based movement///mitotic centrosome separation///mitotic nuclear division///spindle assembly involved in mitosis///spindle assembly involved in mitosis///spindle organization"	"cytoplasm///cytoskeleton///kinesin complex///membrane///microtubule///mitotic spindle///spindle///colocalizes_with spindle microtubule///colocalizes_with spindle pole"	"GO:0005524///GO:0016887///GO:0008017///GO:0003777///GO:0000166///GO:0008574///GO:0032403///GO:0019901"	"GO:0006200///GO:0007049///GO:0051301///GO:0007059///GO:0007018///GO:0007100///GO:0007067///GO:0090307///GO:0090307///GO:0007051"	"GO:0005737///GO:0005856///GO:0005871///GO:0016020///GO:0005874///GO:0072686///GO:0005819///colocalizes_with GO:0005876///colocalizes_with GO:0000922"
"96276_r_at"	0.105440373335765	0.00784628325183658	3.31017159403621	-2.45056320832771	0.749492497122397	"Tm9sf3"	"transmembrane 9 superfamily member 3"	"107358"	"19"	"molecular_function"	"biological_process"	"cellular_component///integral component of membrane///membrane"	"GO:0003674"	"GO:0008150"	"GO:0005575///GO:0016021///GO:0016020"
"99070_at"	0.117265823071721	0.00997937284372393	3.16840178697691	-2.68249342202747	0.426001906098506	"Chuk"	"conserved helix-loop-helix ubiquitous kinase"	"12675"	"19 36.71 cM"	"ATP binding///contributes_to IkappaB kinase activity///kinase activity///nucleotide binding///protein binding///protein heterodimerization activity///protein homodimerization activity///protein kinase activity///protein kinase activity///protein serine/threonine kinase activity///receptor signaling protein serine/threonine kinase activity///scaffold protein binding///transferase activity///transferase activity, transferring phosphorus-containing groups"	"I-kappaB phosphorylation///I-kappaB phosphorylation///Rho protein signal transduction///cellular response to tumor necrosis factor///lactation///lactation///mammary gland alveolus development///mammary gland alveolus development///mammary gland epithelial cell proliferation///mammary gland epithelial cell proliferation///morphogenesis of an epithelial sheet///odontogenesis of dentin-containing tooth///osteoclast differentiation///osteoclast differentiation///phosphorylation///positive regulation of I-kappaB kinase/NF-kappaB signaling///positive regulation of I-kappaB kinase/NF-kappaB signaling///positive regulation of transcription from RNA polymerase II promoter///protein phosphorylation///protein phosphorylation///response to lipopolysaccharide///response to organic substance///signal transduction by phosphorylation///striated muscle cell differentiation"	"CD40 receptor complex///IkappaB kinase complex///cytoplasm///cytoplasm///cytoplasmic side of plasma membrane///cytosol///intracellular membrane-bounded organelle///nucleus"	"GO:0005524///contributes_to GO:0008384///GO:0016301///GO:0000166///GO:0005515///GO:0046982///GO:0042803///GO:0004672///GO:0004672///GO:0004674///GO:0004702///GO:0097110///GO:0016740///GO:0016772"	"GO:0007252///GO:0007252///GO:0007266///GO:0071356///GO:0007595///GO:0007595///GO:0060749///GO:0060749///GO:0033598///GO:0033598///GO:0002011///GO:0042475///GO:0030316///GO:0030316///GO:0016310///GO:0043123///GO:0043123///GO:0045944///GO:0006468///GO:0006468///GO:0032496///GO:0010033///GO:0023014///GO:0051146"	"GO:0035631///GO:0008385///GO:0005737///GO:0005737///GO:0009898///GO:0005829///GO:0043231///GO:0005634"
"97146_g_at"	0.12827105260213	0.0125605574161373	3.03353343519687	-2.90370906205129	0.388187280973229	"Erlin1"	"ER lipid raft associated 1"	"226144"	"19"	""	"ER-associated ubiquitin-dependent protein catabolic process"	"endoplasmic reticulum///endoplasmic reticulum membrane///integral component of membrane///membrane///protein complex"	""	"GO:0030433"	"GO:0005783///GO:0005789///GO:0016021///GO:0016020///GO:0043234"
"94380_at"	0.12827105260213	0.0125817685784332	3.03254646227588	-2.90532889931178	0.258549616764153	"Ide"	"insulin degrading enzyme"	"15925"	"19 32.24 cM"	"ATP binding///ATPase activity///beta-amyloid binding///beta-endorphin binding///catalytic activity///glycoprotein binding///hydrolase activity///insulin binding///metal ion binding///metalloendopeptidase activity///metallopeptidase activity///nucleotide binding///peptidase activity///peptide binding///peptide hormone binding///protein homodimerization activity///receptor binding///ubiquitin binding///zinc ion binding"	"ATP catabolic process///beta-amyloid metabolic process///bradykinin catabolic process///cellular protein catabolic process///determination of adult lifespan///hormone catabolic process///insulin catabolic process///insulin metabolic process///metabolic process///negative regulation of proteolysis///positive regulation of protein oligomerization///protein heterooligomerization///protein homooligomerization///protein homotetramerization///proteolysis///proteolysis involved in cellular protein catabolic process///ubiquitin homeostasis"	"cell surface///cytoplasm///cytosol///cytosolic proteasome complex///extracellular region///extracellular space///membrane///mitochondrion///mitochondrion///nucleus///peroxisomal matrix///peroxisome///plasma membrane"	"GO:0005524///GO:0016887///GO:0001540///GO:0031626///GO:0003824///GO:0001948///GO:0016787///GO:0043559///GO:0046872///GO:0004222///GO:0008237///GO:0000166///GO:0008233///GO:0042277///GO:0017046///GO:0042803///GO:0005102///GO:0043130///GO:0008270"	"GO:0006200///GO:0050435///GO:0010815///GO:0044257///GO:0008340///GO:0042447///GO:1901143///GO:1901142///GO:0008152///GO:0045861///GO:0032461///GO:0051291///GO:0051260///GO:0051289///GO:0006508///GO:0051603///GO:0010992"	"GO:0009986///GO:0005737///GO:0005829///GO:0031597///GO:0005576///GO:0005615///GO:0016020///GO:0005739///GO:0005739///GO:0005634///GO:0005782///GO:0005777///GO:0005886"
"95043_at"	0.141778249336003	0.0161658450274479	2.8862124461823	-3.14545271134042	0.268150529631665	"Cyp2c70"	"cytochrome P450, family 2, subfamily c, polypeptide 70"	"226105"	"19"	"aromatase activity///heme binding///iron ion binding///metal ion binding///monooxygenase activity///oxidoreductase activity///oxidoreductase activity, acting on paired donors, with incorporation or reduction of molecular oxygen"	"oxidation-reduction process"	"cellular_component///endoplasmic reticulum///intracellular membrane-bounded organelle///membrane"	"GO:0070330///GO:0020037///GO:0005506///GO:0046872///GO:0004497///GO:0016491///GO:0016705"	"GO:0055114"	"GO:0005575///GO:0005783///GO:0043231///GO:0016020"
"104610_at"	0.161237728623501	0.022698573116271	-2.68862714956976	-3.46869262337135	-0.618396314436343	"Pprc1"	"peroxisome proliferative activated receptor, gamma, coactivator-related 1"	"226169"	"19"	"RNA binding///nucleic acid binding///nucleotide binding///poly(A) RNA binding"	"regulation of transcription, DNA-templated///transcription, DNA-templated"	"nucleus"	"GO:0003723///GO:0003676///GO:0000166///GO:0044822"	"GO:0006355///GO:0006351"	"GO:0005634"
"103962_at"	0.18763137079565	0.0322006398754345	-2.48501480111845	-3.79878306842115	-0.794318548733417	"Dntt"	"deoxynucleotidyltransferase, terminal"	"21673"	"19 34.32 cM"	"DNA binding///DNA nucleotidylexotransferase activity///DNA polymerase activity///DNA-directed DNA polymerase activity///metal ion binding///nucleotidyltransferase activity///transferase activity"	"DNA metabolic process///DNA modification///response to ATP"	"cytoplasm///euchromatin///nuclear chromatin///nuclear matrix///nucleus///nucleus"	"GO:0003677///GO:0003912///GO:0034061///GO:0003887///GO:0046872///GO:0016779///GO:0016740"	"GO:0006259///GO:0006304///GO:0033198"	"GO:0005737///GO:0000791///GO:0000790///GO:0016363///GO:0005634///GO:0005634"
"98408_at"	0.192458369886507	0.0341606893330544	2.45053994493962	-3.85420613900264	0.610361480089844	"Hhex"	"hematopoietically expressed homeobox"	"15242"	"19 32.28 cM"	"DNA binding///DNA binding, bending///HMG box domain binding///chromatin binding///eukaryotic initiation factor 4E binding///protein homodimerization activity///repressing transcription factor binding///sequence-specific DNA binding///sequence-specific DNA binding transcription factor activity///transcription factor binding///transcription regulatory region DNA binding"	"B cell differentiation///DNA conformation change///Wnt signaling pathway///anterior/posterior pattern specification///cell differentiation///cell proliferation///common bile duct development///embryonic heart tube development///embryonic organ development///endoderm development///forebrain development///forebrain morphogenesis///gall bladder development///hemopoiesis///hepatic duct development///hepatoblast differentiation///hepatocyte differentiation///in utero embryonic development///interkinetic nuclear migration///liver development///mRNA export from nucleus///morphogenesis of an epithelium///multicellular organism growth///multicellular organismal development///myeloid leukocyte differentiation///negative regulation of angiogenesis///negative regulation of angiogenesis///negative regulation of cyclin-dependent protein serine/threonine kinase activity///negative regulation of transcription from RNA polymerase II promoter///negative regulation of transcription from RNA polymerase II promoter///negative regulation of transcription, DNA-templated///negative regulation of transcription, DNA-templated///negative regulation of vascular endothelial growth factor receptor signaling pathway///negative regulation of vascular endothelial growth factor receptor signaling pathway///organ morphogenesis///pancreas development///poly(A)+ mRNA export from nucleus///positive regulation of Wnt signaling pathway///positive regulation of transcription from RNA polymerase II promoter///primary lung bud formation///primitive streak formation///primitive streak formation///protein localization to nucleus///regulation of cell proliferation///regulation of transcription from RNA polymerase II promoter///regulation of transcription, DNA-templated///signal transduction///thyroid gland development///tissue morphogenesis///transcription, DNA-templated///vasculogenesis"	"cytoplasm///cytoplasm///nucleus///nucleus///protein-DNA complex"	"GO:0003677///GO:0008301///GO:0071837///GO:0003682///GO:0008190///GO:0042803///GO:0070491///GO:0043565///GO:0003700///GO:0008134///GO:0044212"	"GO:0030183///GO:0071103///GO:0016055///GO:0009952///GO:0030154///GO:0008283///GO:0061009///GO:0035050///GO:0048568///GO:0007492///GO:0030900///GO:0048853///GO:0061010///GO:0030097///GO:0061011///GO:0061017///GO:0070365///GO:0001701///GO:0022027///GO:0001889///GO:0006406///GO:0002009///GO:0035264///GO:0007275///GO:0002573///GO:0016525///GO:0016525///GO:0045736///GO:0000122///GO:0000122///GO:0045892///GO:0045892///GO:0030948///GO:0030948///GO:0009887///GO:0031016///GO:0016973///GO:0030177///GO:0045944///GO:0060431///GO:0090009///GO:0090009///GO:0034504///GO:0042127///GO:0006357///GO:0006355///GO:0007165///GO:0030878///GO:0048729///GO:0006351///GO:0001570"	"GO:0005737///GO:0005737///GO:0005634///GO:0005634///GO:0032993"
"94335_r_at"	0.192819844315915	0.0344248782573312	-2.44604285881619	-3.86142373916416	-0.350822245884007	"Ina"	"internexin neuronal intermediate filament protein, alpha"	"226180"	"19"	"protein binding///structural molecule activity"	"cell differentiation///intermediate filament cytoskeleton organization///multicellular organismal development///nervous system development///neurofilament cytoskeleton organization"	"cytoplasmic ribonucleoprotein granule///extracellular space///intermediate filament///neurofilament"	"GO:0005515///GO:0005198"	"GO:0030154///GO:0045104///GO:0007275///GO:0007399///GO:0060052"	"GO:0036464///GO:0005615///GO:0005882///GO:0005883"
"104560_at"	0.194695622992537	0.0351063687723981	-2.43459723708413	-3.87978033207856	-0.338079921525448	"Slc25a28"	"solute carrier family 25, member 28"	"246696"	"19 36.67 cM"	""	"ion transport///iron ion homeostasis///transport"	"integral component of membrane///membrane///mitochondrial inner membrane///mitochondrion"	""	"GO:0006811///GO:0055072///GO:0006810"	"GO:0016021///GO:0016020///GO:0005743///GO:0005739"
"96829_at"	0.198090455081771	0.0364041059568254	2.4133929681389	-3.91373701244953	0.278848661904082	"Wbp1l"	"WW domain binding protein 1 like"	"226178"	"19 38.97 cM"	"molecular_function"	"biological_process"	"cellular_component///integral component of membrane///membrane"	"GO:0003674"	"GO:0008150"	"GO:0005575///GO:0016021///GO:0016020"
"93585_at"	0.20126947901362	0.0375900940473912	2.3946534747582	-3.94368947106416	0.202132550411291	"Cyp2c29"	"cytochrome P450, family 2, subfamily c, polypeptide 29"	"13095"	"19 33.91 cM"	"aromatase activity///caffeine oxidase activity///heme binding///iron ion binding///metal ion binding///monooxygenase activity///oxidoreductase activity///oxidoreductase activity, acting on paired donors, with incorporation or reduction of molecular oxygen///oxidoreductase activity, acting on paired donors, with incorporation or reduction of molecular oxygen, reduced flavin or flavoprotein as one donor, and incorporation of one atom of oxygen"	"oxidation-reduction process"	"endoplasmic reticulum///intracellular membrane-bounded organelle///membrane"	"GO:0070330///GO:0034875///GO:0020037///GO:0005506///GO:0046872///GO:0004497///GO:0016491///GO:0016705///GO:0016712"	"GO:0055114"	"GO:0005783///GO:0043231///GO:0016020"
"99843_at"	0.222396983526937	0.0464014104976006	2.27121171479497	-4.13949667448327	0.284293289751307	"Pitx3"	"paired-like homeodomain transcription factor 3"	"18742"	"19 38.75 cM"	"DNA binding///RNA polymerase II core promoter proximal region sequence-specific DNA binding///RNA polymerase II core promoter proximal region sequence-specific DNA binding transcription factor activity involved in positive regulation of transcription///RNA polymerase II core promoter proximal region sequence-specific DNA binding transcription factor activity involved in positive regulation of transcription///protein binding///sequence-specific DNA binding///sequence-specific DNA binding transcription factor activity"	"dopaminergic neuron differentiation///dopaminergic neuron differentiation///lens development in camera-type eye///lens fiber cell differentiation///lens morphogenesis in camera-type eye///locomotory behavior///midbrain development///multicellular organismal development///neuron development///positive regulation of transcription from RNA polymerase II promoter///positive regulation of transcription from RNA polymerase II promoter///positive regulation of transcription, DNA-templated///regulation of gene expression///regulation of gene expression///regulation of gene expression///regulation of transcription, DNA-templated///transcription from RNA polymerase II promoter///transcription, DNA-templated"	"nucleus"	"GO:0003677///GO:0000978///GO:0001077///GO:0001077///GO:0005515///GO:0043565///GO:0003700"	"GO:0071542///GO:0071542///GO:0002088///GO:0070306///GO:0002089///GO:0007626///GO:0030901///GO:0007275///GO:0048666///GO:0045944///GO:0045944///GO:0045893///GO:0010468///GO:0010468///GO:0010468///GO:0006355///GO:0006366///GO:0006351"	"GO:0005634"
"102084_f_at"	0.222396983526937	0.0464249734447802	2.27091327954341	-4.13996661351917	0.212272538402898	"Cyp2c38"	"cytochrome P450, family 2, subfamily c, polypeptide 38"	"13097"	"19"	"aromatase activity///caffeine oxidase activity///heme binding///iron ion binding///metal ion binding///monooxygenase activity///oxidoreductase activity///oxidoreductase activity, acting on paired donors, with incorporation or reduction of molecular oxygen"	"oxidation-reduction process"	"endoplasmic reticulum///intracellular membrane-bounded organelle///membrane"	"GO:0070330///GO:0034875///GO:0020037///GO:0005506///GO:0046872///GO:0004497///GO:0016491///GO:0016705"	"GO:0055114"	"GO:0005783///GO:0043231///GO:0016020"
"103706_at"	0.230531437223069	0.0510275385760849	-2.21526081230624	-4.22727778012072	-0.22826817677173	"Sfxn2"	"sideroflexin 2"	"94279"	"19 D1"	"ion transmembrane transporter activity///molecular_function"	"biological_process///ion transport///iron ion homeostasis///transmembrane transport///transport"	"integral component of membrane///membrane///mitochondrial inner membrane///mitochondrion///mitochondrion"	"GO:0015075///GO:0003674"	"GO:0008150///GO:0006811///GO:0055072///GO:0055085///GO:0006810"	"GO:0016021///GO:0016020///GO:0005743///GO:0005739///GO:0005739"
"103699_i_at"	0.238910794707497	0.0555014014812812	-2.16562536298181	-4.30457264477179	-0.556090655620561	"Frat2"	"frequently rearranged in advanced T cell lymphomas 2"	"212398"	"19 35.33 cM"	"molecular_function"	"Wnt signaling pathway///NOT Wnt signaling pathway///NOT Wnt signaling pathway"	"cellular_component"	"GO:0003674"	"GO:0016055///NOT GO:0016055///NOT GO:0016055"	"GO:0005575"
"103643_at"	0.275028935104808	0.0742254690316744	-1.99251111926848	-4.56922157776371	-0.17158809262	"Zdhhc16"	"zinc finger, DHHC domain containing 16"	"74168"	"19 D1"	"metal ion binding///palmitoyltransferase activity///protein-cysteine S-palmitoyltransferase activity///transferase activity///transferase activity, transferring acyl groups///zinc ion binding"	"apoptotic process///protein palmitoylation"	"cellular_component///endoplasmic reticulum///integral component of membrane///membrane"	"GO:0046872///GO:0016409///GO:0019706///GO:0016740///GO:0016746///GO:0008270"	"GO:0006915///GO:0018345"	"GO:0005575///GO:0005783///GO:0016021///GO:0016020"
"103469_at"	0.293315350281421	0.0859717405997268	1.90396359479775	-4.70114315113884	0.776685793616938	"Elovl3"	"elongation of very long chain fatty acids (FEN1/Elo2, SUR4/Elo3, yeast)-like 3"	"12686"	"19 38.75 cM"	"transferase activity"	"fatty acid biosynthetic process///fatty acid elongation, monounsaturated fatty acid///fatty acid elongation, monounsaturated fatty acid///fatty acid elongation, polyunsaturated fatty acid///fatty acid elongation, saturated fatty acid///fatty acid elongation, saturated fatty acid///fatty acid metabolic process///lipid metabolic process///very long-chain fatty acid biosynthetic process///very long-chain fatty acid biosynthetic process"	"endoplasmic reticulum///integral component of membrane///membrane"	"GO:0016740"	"GO:0006633///GO:0034625///GO:0034625///GO:0034626///GO:0019367///GO:0019367///GO:0006631///GO:0006629///GO:0042761///GO:0042761"	"GO:0005783///GO:0016021///GO:0016020"
"96275_f_at"	0.297167548599843	0.088403939861524	1.88705196370091	-4.7260388963788	1.10739399463183	"Tm9sf3"	"transmembrane 9 superfamily member 3"	"107358"	"19"	"molecular_function"	"biological_process"	"cellular_component///integral component of membrane///membrane"	"GO:0003674"	"GO:0008150"	"GO:0005575///GO:0016021///GO:0016020"
"99083_at"	0.306018431182224	0.0929278612529635	1.85671444680324	-4.77044389947209	0.17890835328382	"Cyp2c50///Cyp2c37"	"cytochrome P450, family 2, subfamily c, polypeptide 50///cytochrome P450, family 2. subfamily c, polypeptide 37"	"107141///13096"	"19///19"	"arachidonic acid epoxygenase activity///aromatase activity///heme binding///iron ion binding///linoleic acid epoxygenase activity///metal ion binding///monooxygenase activity///oxidoreductase activity///oxidoreductase activity, acting on paired donors, with incorporation or reduction of molecular oxygen///aromatase activity///heme binding///iron ion binding///metal ion binding///monooxygenase activity///oxidoreductase activity///oxidoreductase activity, acting on paired donors, with incorporation or reduction of molecular oxygen"	"arachidonic acid metabolic process///linoleic acid metabolic process///oxidation-reduction process///oxidation-reduction process"	"endoplasmic reticulum///intracellular membrane-bounded organelle///membrane///endoplasmic reticulum///intracellular membrane-bounded organelle///membrane"	"GO:0008392///GO:0070330///GO:0020037///GO:0005506///GO:0071614///GO:0046872///GO:0004497///GO:0016491///GO:0016705///GO:0070330///GO:0020037///GO:0005506///GO:0046872///GO:0004497///GO:0016491///GO:0016705"	"GO:0019369///GO:0043651///GO:0055114///GO:0055114"	"GO:0005783///GO:0043231///GO:0016020///GO:0005783///GO:0043231///GO:0016020"
"93581_at"	0.309211185028563	0.0949759689314363	1.84342725039531	-4.78978662184717	0.292346200844756	"Ndufb8"	"NADH dehydrogenase (ubiquinone) 1 beta subcomplex 8"	"67264"	"19 D1"	"NADH dehydrogenase (ubiquinone) activity///NADH dehydrogenase activity///molecular_function"	"biological_process///mitochondrial electron transport, NADH to ubiquinone///oxidation-reduction process///transport"	"endoplasmic reticulum///integral component of membrane///membrane///mitochondrial inner membrane///mitochondrial respiratory chain complex I///mitochondrial respiratory chain complex I///mitochondrion///respiratory chain"	"GO:0008137///GO:0003954///GO:0003674"	"GO:0008150///GO:0006120///GO:0055114///GO:0006810"	"GO:0005783///GO:0016021///GO:0016020///GO:0005743///GO:0005747///GO:0005747///GO:0005739///GO:0070469"
"99809_at"	0.310521688845043	0.0960902774430793	-1.83630891851611	-4.80012202937584	-0.359854932418781	"Pax2"	"paired box 2"	"18504"	"19 38.09 cM"	"C2H2 zinc finger domain binding///DNA binding///RNA polymerase II core promoter proximal region sequence-specific DNA binding///RNA polymerase II core promoter proximal region sequence-specific DNA binding transcription factor activity///core promoter proximal region sequence-specific DNA binding///core promoter proximal region sequence-specific DNA binding///protein binding///sequence-specific DNA binding transcription factor activity///superoxide-generating NADPH oxidase activity///transcription regulatory region DNA binding///transcription regulatory region DNA binding"	"brain morphogenesis///branching involved in ureteric bud morphogenesis///branching involved in ureteric bud morphogenesis///camera-type eye development///cell differentiation///cell fate determination///cellular response to glucose stimulus///cochlea development///cochlea morphogenesis///cochlea morphogenesis///glial cell differentiation///inner ear morphogenesis///inner ear morphogenesis///kidney development///kidney development///mesenchymal to epithelial transition///mesodermal cell fate specification///mesonephric duct development///mesonephric tubule development///mesonephric tubule formation///mesonephros development///metanephric collecting duct development///metanephric distal convoluted tubule development///metanephric mesenchymal cell differentiation///metanephric mesenchyme development///metanephric nephron tubule formation///metanephros development///metanephros development///multicellular organismal development///negative regulation of apoptotic process///negative regulation of apoptotic process///negative regulation of apoptotic process involved in metanephric collecting duct development///negative regulation of apoptotic process involved in metanephric nephron tubule development///negative regulation of cysteine-type endopeptidase activity involved in apoptotic process///negative regulation of cytolysis///negative regulation of mesenchymal cell apoptotic process involved in metanephric nephron morphogenesis///negative regulation of mesenchymal cell apoptotic process involved in metanephros development///negative regulation of programmed cell death///negative regulation of reactive oxygen species metabolic process///negative regulation of transcription from RNA polymerase II promoter///negative regulation of transcription, DNA-templated///nephric duct formation///neural tube closure///optic chiasma development///optic cup morphogenesis involved in camera-type eye development///optic nerve development///optic nerve morphogenesis///optic nerve structural organization///organ development///oxidation-reduction process///paramesonephric duct development///positive regulation of branching involved in ureteric bud morphogenesis///positive regulation of cell proliferation///positive regulation of epithelial cell proliferation///positive regulation of mesenchymal to epithelial transition involved in metanephros morphogenesis///positive regulation of metanephric DCT cell differentiation///positive regulation of metanephric glomerulus development///positive regulation of optic nerve formation///positive regulation of transcription from RNA polymerase II promoter///positive regulation of transcription from RNA polymerase II promoter///positive regulation of transcription, DNA-templated///positive regulation of transcription, DNA-templated///positive regulation of transcription, DNA-templated///positive regulation of transcription, DNA-templated///pronephros development///protein kinase B signaling///reactive oxygen species metabolic process///regulation of apoptotic process///regulation of metanephric nephron tubule epithelial cell differentiation///regulation of metanephros size///regulation of metanephros size///regulation of programmed cell death///regulation of transcription, DNA-templated///renal system development///retinal pigment epithelium development///stem cell differentiation///transcription from RNA polymerase II promoter///transcription, DNA-templated///ureter development///ureter maturation///ureteric bud development///urogenital system development///urogenital system development///vestibulocochlear nerve formation"	"cell///centriolar satellite///intracellular///lysosome///microtubule organizing center///nucleus///nucleus///protein complex///protein-DNA complex///transcription factor complex"	"GO:0070742///GO:0003677///GO:0000978///GO:0000982///GO:0000987///GO:0000987///GO:0005515///GO:0003700///GO:0016175///GO:0044212///GO:0044212"	"GO:0048854///GO:0001658///GO:0001658///GO:0043010///GO:0030154///GO:0001709///GO:0071333///GO:0090102///GO:0090103///GO:0090103///GO:0010001///GO:0042472///GO:0042472///GO:0001822///GO:0001822///GO:0060231///GO:0007501///GO:0072177///GO:0072164///GO:0072172///GO:0001823///GO:0072205///GO:0072221///GO:0072162///GO:0072075///GO:0072289///GO:0001656///GO:0001656///GO:0007275///GO:0043066///GO:0043066///GO:1900215///GO:1900218///GO:0043154///GO:0045918///GO:0072305///GO:1900212///GO:0043069///GO:2000378///GO:0000122///GO:0045892///GO:0072179///GO:0001843///GO:0061360///GO:0002072///GO:0021554///GO:0021631///GO:0021633///GO:0048513///GO:0055114///GO:0061205///GO:0090190///GO:0008284///GO:0050679///GO:0072108///GO:2000594///GO:0072300///GO:2000597///GO:0045944///GO:0045944///GO:0045893///GO:0045893///GO:0045893///GO:0045893///GO:0048793///GO:0043491///GO:0072593///GO:0042981///GO:0072307///GO:0035566///GO:0035566///GO:0043067///GO:0006355///GO:0072001///GO:0003406///GO:0048863///GO:0006366///GO:0006351///GO:0072189///GO:0035799///GO:0001657///GO:0001655///GO:0001655///GO:0021650"	"GO:0005623///GO:0034451///GO:0005622///GO:0005764///GO:0005815///GO:0005634///GO:0005634///GO:0043234///GO:0032993///GO:0005667"
"97819_at"	0.311066237947764	0.0965077406781602	1.83366171843899	-4.80396075386962	0.252116483228926	"Gsto1"	"glutathione S-transferase omega 1"	"14873"	"19"	"glutathione dehydrogenase (ascorbate) activity///glutathione transferase activity///methylarsonate reductase activity///oxidoreductase activity///transferase activity"	"L-ascorbic acid biosynthetic process///L-ascorbic acid metabolic process///cellular response to arsenic-containing substance///metabolic process///negative regulation of ryanodine-sensitive calcium-release channel activity///oxidation-reduction process///positive regulation of ryanodine-sensitive calcium-release channel activity///regulation of release of sequestered calcium ion into cytosol by sarcoplasmic reticulum///xenobiotic catabolic process"	"axon///basement membrane///cell body///cytoplasm///cytosol///extracellular vesicular exosome///myelin sheath///nuclear membrane"	"GO:0045174///GO:0004364///GO:0050610///GO:0016491///GO:0016740"	"GO:0019853///GO:0019852///GO:0071243///GO:0008152///GO:0060315///GO:0055114///GO:0060316///GO:0010880///GO:0042178"	"GO:0030424///GO:0005604///GO:0044297///GO:0005737///GO:0005829///GO:0070062///GO:0043209///GO:0031965"
"96768_at"	0.314598729113505	0.0993050450932363	1.81619112910895	-4.82922822797321	0.174046420138415	"Fbxw4"	"F-box and WD-40 domain protein 4"	"30838"	"19 38.75 cM"	""	"Wnt signaling pathway///cartilage development///embryonic digit morphogenesis///limb development///limb development///multicellular organismal development///positive regulation of mesenchymal cell proliferation"	""	""	"GO:0016055///GO:0051216///GO:0042733///GO:0060173///GO:0060173///GO:0007275///GO:0002053"	""
"94058_r_at"	0.341440951275195	0.116955605893247	1.71535181791819	-4.97269528250105	0.247414038863703	"Scd1"	"stearoyl-Coenzyme A desaturase 1"	"20249"	"19 37.98 cM"	"iron ion binding///oxidoreductase activity///oxidoreductase activity, acting on paired donors, with oxidation of a pair of donors resulting in the reduction of molecular oxygen to two molecules of water///stearoyl-CoA 9-desaturase activity"	"brown fat cell differentiation///cholesterol esterification///defense response to Gram-positive bacterium///fatty acid biosynthetic process///fatty acid metabolic process///lipid metabolic process///negative regulation of growth of symbiont in host///oxidation-reduction process///positive regulation of cholesterol esterification///white fat cell differentiation"	"endoplasmic reticulum///integral component of endoplasmic reticulum membrane///integral component of membrane///intracellular membrane-bounded organelle///membrane"	"GO:0005506///GO:0016491///GO:0016717///GO:0004768"	"GO:0050873///GO:0034435///GO:0050830///GO:0006633///GO:0006631///GO:0006629///GO:0044130///GO:0055114///GO:0010873///GO:0050872"	"GO:0005783///GO:0030176///GO:0016021///GO:0043231///GO:0016020"
"96047_at"	0.397513747320804	0.159589744517457	1.51919075197591	-5.23874943289625	0.143841081453148	"Rbp4"	"retinol binding protein 4, plasma"	"19662"	"19 32.75 cM"	"protein binding///protein heterodimerization activity///retinal binding///retinoid binding///retinol binding///retinol binding///retinol transporter activity///retinol transporter activity///small molecule binding///transporter activity"	"cardiac muscle tissue development///detection of light stimulus involved in visual perception///embryo development///embryonic organ morphogenesis///embryonic retina morphogenesis in camera-type eye///embryonic skeletal system development///eye development///eye development///female genitalia morphogenesis///gluconeogenesis///gluconeogenesis///glucose homeostasis///heart development///heart trabecula formation///lung development///maintenance of gastrointestinal epithelium///male gonad development///negative regulation of cardiac muscle cell proliferation///positive regulation of immunoglobulin secretion///positive regulation of insulin secretion///response to insulin///response to retinoic acid///retina development in camera-type eye///retinal metabolic process///retinol metabolic process///retinol metabolic process///retinol transport///retinol transport///retinol transport///spermatogenesis///transport///urinary bladder development///uterus development///vagina development///vitamin transport"	"extracellular region///extracellular space///extracellular space///extracellular vesicular exosome///protein complex"	"GO:0005515///GO:0046982///GO:0016918///GO:0005501///GO:0019841///GO:0019841///GO:0034632///GO:0034632///GO:0036094///GO:0005215"	"GO:0048738///GO:0050908///GO:0009790///GO:0048562///GO:0060059///GO:0048706///GO:0001654///GO:0001654///GO:0048807///GO:0006094///GO:0006094///GO:0042593///GO:0007507///GO:0060347///GO:0030324///GO:0030277///GO:0008584///GO:0060044///GO:0051024///GO:0032024///GO:0032868///GO:0032526///GO:0060041///GO:0042574///GO:0042572///GO:0042572///GO:0034633///GO:0034633///GO:0034633///GO:0007283///GO:0006810///GO:0060157///GO:0060065///GO:0060068///GO:0051180"	"GO:0005576///GO:0005615///GO:0005615///GO:0070062///GO:0043234"
"96224_at"	0.40107050175883	0.162122977390255	1.50906132769703	-5.25196930594921	0.195935017321535	"Btrc"	"beta-transducin repeat containing protein"	"12234"	"19 D1"	"beta-catenin binding///protein binding///protein dimerization activity///protein phosphorylated amino acid binding///ubiquitin-protein transferase activity///contributes_to ubiquitin-protein transferase activity"	"SCF-dependent proteasomal ubiquitin-dependent protein catabolic process///Wnt signaling pathway///branching involved in mammary gland duct morphogenesis///cellular response to organic cyclic compound///mammary gland epithelial cell proliferation///negative regulation of transcription, DNA-templated///positive regulation of circadian rhythm///positive regulation of proteolysis///positive regulation of transcription, DNA-templated///proteasome-mediated ubiquitin-dependent protein catabolic process///protein catabolic process///protein dephosphorylation///protein destabilization///protein polyubiquitination///protein ubiquitination///regulation of I-kappaB kinase/NF-kappaB signaling///regulation of cell cycle///regulation of circadian rhythm///regulation of proteasomal protein catabolic process///rhythmic process///ubiquitin-dependent protein catabolic process"	"SCF ubiquitin ligase complex///cytoplasm///nucleus"	"GO:0008013///GO:0005515///GO:0046983///GO:0045309///GO:0004842///contributes_to GO:0004842"	"GO:0031146///GO:0016055///GO:0060444///GO:0071407///GO:0033598///GO:0045892///GO:0042753///GO:0045862///GO:0045893///GO:0043161///GO:0030163///GO:0006470///GO:0031648///GO:0000209///GO:0016567///GO:0043122///GO:0051726///GO:0042752///GO:0061136///GO:0048511///GO:0006511"	"GO:0019005///GO:0005737///GO:0005634"
"94334_f_at"	0.401738912865247	0.162784921233341	-1.53669248969991	-5.09264272230025	-1.09272640514274	"Ina"	"internexin neuronal intermediate filament protein, alpha"	"226180"	"19"	"protein binding///structural molecule activity"	"cell differentiation///intermediate filament cytoskeleton organization///multicellular organismal development///nervous system development///neurofilament cytoskeleton organization"	"cytoplasmic ribonucleoprotein granule///extracellular space///intermediate filament///neurofilament"	"GO:0005515///GO:0005198"	"GO:0030154///GO:0045104///GO:0007275///GO:0007399///GO:0060052"	"GO:0036464///GO:0005615///GO:0005882///GO:0005883"
"96130_at"	0.415931496304027	0.174638169616191	1.46094833684003	-5.31400740812714	0.211211724346731	"Slk"	"STE20-like kinase"	"20874"	"19 D2"	"ATP binding///identical protein binding///kinase activity///nucleotide binding///protein homodimerization activity///protein kinase activity///protein serine/threonine kinase activity///receptor signaling protein serine/threonine kinase activity///transferase activity///transferase activity, transferring phosphorus-containing groups"	"apoptotic process///intracellular signal transduction///phosphorylation///protein autophosphorylation///protein phosphorylation///protein phosphorylation///response to stress///signal transduction by phosphorylation"	"cytoplasm///cytoplasm///extracellular vesicular exosome"	"GO:0005524///GO:0042802///GO:0016301///GO:0000166///GO:0042803///GO:0004672///GO:0004674///GO:0004702///GO:0016740///GO:0016772"	"GO:0006915///GO:0035556///GO:0016310///GO:0046777///GO:0006468///GO:0006468///GO:0006950///GO:0023014"	"GO:0005737///GO:0005737///GO:0070062"
"95446_at"	0.416676005664781	0.175257575130176	1.45864543730177	-5.31694500253096	0.162695722227808	"Sfr1"	"SWI5 dependent recombination repair 1"	"67788"	"19"	"molecular_function"	"DNA repair///cellular response to DNA damage stimulus///double-strand break repair via homologous recombination///double-strand break repair via homologous recombination"	"Swi5-Sfr1 complex///Swi5-Sfr1 complex///nucleus"	"GO:0003674"	"GO:0006281///GO:0006974///GO:0000724///GO:0000724"	"GO:0032798///GO:0032798///GO:0005634"
"93228_at"	0.424243781161943	0.1824644665046	1.43235253406566	-5.35027353283931	1.01172370986963	"Hells"	"helicase, lymphoid specific"	"15201"	"19 C3-D1"	"ATP binding///DNA binding///chromatin binding///helicase activity///hydrolase activity///nucleotide binding///protein binding"	"DNA methylation///cell cycle///cell division///chromatin silencing///lymphocyte differentiation///maintenance of DNA methylation///methylation-dependent chromatin silencing///mitotic nuclear division///multicellular organismal development///negative regulation of apoptotic process///negative regulation of intrinsic apoptotic signaling pathway///pericentric heterochromatin assembly///regulation of transcription, DNA-templated///transcription, DNA-templated///urogenital system development"	"chromosome, centromeric region///nucleus///pericentric heterochromatin"	"GO:0005524///GO:0003677///GO:0003682///GO:0004386///GO:0016787///GO:0000166///GO:0005515"	"GO:0006306///GO:0007049///GO:0051301///GO:0006342///GO:0030098///GO:0010216///GO:0006346///GO:0007067///GO:0007275///GO:0043066///GO:2001243///GO:0031508///GO:0006355///GO:0006351///GO:0001655"	"GO:0000775///GO:0005634///GO:0005721"
"103614_at"	0.448287815480738	0.202430943984774	-1.36387621720903	-5.43520041723322	-0.102284055861695	"Nfkb2"	"nuclear factor of kappa light polypeptide gene enhancer in B cells 2, p49/p100"	"18034"	"19 38.8 cM"	"DNA binding///protein binding///sequence-specific DNA binding transcription factor activity"	"NIK/NF-kappaB signaling///extracellular matrix organization///follicular dendritic cell differentiation///germinal center formation///lymph node development///regulation of transcription, DNA-templated///signal transduction///spleen development///transcription, DNA-templated"	"Bcl3/NF-kappaB2 complex///cytoplasm///cytosol///nucleus///nucleus"	"GO:0003677///GO:0005515///GO:0003700"	"GO:0038061///GO:0030198///GO:0002268///GO:0002467///GO:0048535///GO:0006355///GO:0007165///GO:0048536///GO:0006351"	"GO:0033257///GO:0005737///GO:0005829///GO:0005634///GO:0005634"
"95758_at"	0.453674387910526	0.208389999390035	-1.35484778827335	-5.39204505025097	-0.333786745761262	"Scd2"	"stearoyl-Coenzyme A desaturase 2"	"20250"	"19 37.98 cM"	"iron ion binding///oxidoreductase activity///oxidoreductase activity, acting on paired donors, with oxidation of a pair of donors resulting in the reduction of molecular oxygen to two molecules of water///stearoyl-CoA 9-desaturase activity"	"fatty acid biosynthetic process///fatty acid metabolic process///lipid metabolic process///oxidation-reduction process"	"endoplasmic reticulum///integral component of membrane///membrane"	"GO:0005506///GO:0016491///GO:0016717///GO:0004768"	"GO:0006633///GO:0006631///GO:0006629///GO:0055114"	"GO:0005783///GO:0016021///GO:0016020"
"96598_at"	0.454600419454537	0.209710292587458	-1.34032651157622	-5.46376071594552	-0.148685386655018	"Ccnj"	"cyclin J"	"240665"	"19"	"molecular_function"	"biological_process"	"cellular_component///nucleus"	"GO:0003674"	"GO:0008150"	"GO:0005575///GO:0005634"
"96177_at"	0.473143626727884	0.226321084630143	-1.28903902204361	-5.52476847836935	-0.23714632007535	"Mms19"	"MMS19 (MET18 S. cerevisiae)"	"72199"	"19"	"estrogen receptor binding///transcription coactivator activity"	"DNA metabolic process///DNA repair///cellular response to DNA damage stimulus///chromosome segregation///iron-sulfur cluster assembly///positive regulation of transcription, DNA-templated///regulation of transcription, DNA-templated///transcription, DNA-templated"	"CIA complex///MMXD complex///cytoplasm///cytoskeleton///membrane///nucleus///spindle"	"GO:0030331///GO:0003713"	"GO:0006259///GO:0006281///GO:0006974///GO:0007059///GO:0016226///GO:0045893///GO:0006355///GO:0006351"	"GO:0097361///GO:0071817///GO:0005737///GO:0005856///GO:0016020///GO:0005634///GO:0005819"
"102478_f_at"	0.473444388521999	0.226955103527089	1.28714395538284	-5.52699075723929	0.146432764288777	"Fbxw4"	"F-box and WD-40 domain protein 4"	"30838"	"19 38.75 cM"	""	"Wnt signaling pathway///cartilage development///embryonic digit morphogenesis///limb development///limb development///multicellular organismal development///positive regulation of mesenchymal cell proliferation"	""	""	"GO:0016055///GO:0051216///GO:0042733///GO:0060173///GO:0060173///GO:0007275///GO:0002053"	""
"96866_at"	0.500873313712855	0.254709038366267	1.2081385901041	-5.61754025947733	0.109603419861374	"Avpi1"	"arginine vasopressin-induced 1"	"69534"	"19"	"molecular_function"	"activation of MAPK activity///cell cycle"	"cellular_component"	"GO:0003674"	"GO:0000187///GO:0007049"	"GO:0005575"
"103700_r_at"	0.556369706832506	0.311897508564166	-1.06487431449038	-5.77069156266853	-0.195999145076621	"Frat2"	"frequently rearranged in advanced T cell lymphomas 2"	"212398"	"19 35.33 cM"	"molecular_function"	"Wnt signaling pathway///NOT Wnt signaling pathway///NOT Wnt signaling pathway"	"cellular_component"	"GO:0003674"	"GO:0016055///NOT GO:0016055///NOT GO:0016055"	"GO:0005575"
"97145_at"	0.561953041907477	0.317547712538907	1.05185742040955	-5.78386137027763	0.113255654636093	"Erlin1"	"ER lipid raft associated 1"	"226144"	"19"	""	"ER-associated ubiquitin-dependent protein catabolic process"	"endoplasmic reticulum///endoplasmic reticulum membrane///integral component of membrane///membrane///protein complex"	""	"GO:0030433"	"GO:0005783///GO:0005789///GO:0016021///GO:0016020///GO:0043234"
"97714_r_at"	0.595629296314701	0.354235828579784	0.971309693875618	-5.86244830502954	0.537291274954195	"Actr1a"	"ARP1 actin-related protein 1A, centractin alpha"	"54130"	"19"	"ATP binding///nucleotide binding"	""	"centrosome///cytoplasm///cytoskeleton///extracellular vesicular exosome"	"GO:0005524///GO:0000166"	""	"GO:0005813///GO:0005737///GO:0005856///GO:0070062"
"103439_at"	0.59946372169986	0.357992123443754	-0.963416122601504	-5.86987477314736	-0.0769924716623418	"Psd"	"pleckstrin and Sec7 domain containing"	"73728"	"19 38.8 cM"	"ARF guanyl-nucleotide exchange factor activity///guanyl-nucleotide exchange factor activity///phospholipid binding"	"neuron differentiation///positive regulation of GTPase activity///regulation of ARF protein signal transduction"	"cell junction///cell projection///integral component of membrane///membrane///plasma membrane"	"GO:0005086///GO:0005085///GO:0005543"	"GO:0030182///GO:0043547///GO:0032012"	"GO:0030054///GO:0042995///GO:0016021///GO:0016020///GO:0005886"
"95738_at"	0.605224661751981	0.363774161354016	0.951382337817527	-5.88110010734162	0.13118237616993	"Aldh18a1"	"aldehyde dehydrogenase 18 family, member A1"	"56454"	"19"	"ATP binding///catalytic activity///glutamate 5-kinase activity///glutamate 5-kinase activity///glutamate-5-semialdehyde dehydrogenase activity///kinase activity///nucleotide binding///oxidoreductase activity///oxidoreductase activity, acting on the aldehyde or oxo group of donors, NAD or NADP as acceptor///poly(A) RNA binding///transferase activity"	"cellular amino acid biosynthetic process///citrulline biosynthetic process///glutamate metabolic process///metabolic process///ornithine biosynthetic process///oxidation-reduction process///phosphorylation///proline biosynthetic process"	"cytoplasm///membrane///mitochondrial inner membrane///mitochondrion///mitochondrion"	"GO:0005524///GO:0003824///GO:0004349///GO:0004349///GO:0004350///GO:0016301///GO:0000166///GO:0016491///GO:0016620///GO:0044822///GO:0016740"	"GO:0008652///GO:0019240///GO:0006536///GO:0008152///GO:0006592///GO:0055114///GO:0016310///GO:0006561"	"GO:0005737///GO:0016020///GO:0005743///GO:0005739///GO:0005739"
"100772_g_at"	0.622097476681536	0.383029520723394	0.916903670303885	-5.85493588973874	0.24439769649287	"Blnk"	"B cell linker"	"17060"	"19 34.26 cM"	"SH3/SH2 adaptor activity///protein binding"	"B cell activation///intracellular signal transduction///positive regulation of signal transduction"	"cytoplasm///intracellular///membrane///plasma membrane"	"GO:0005070///GO:0005515"	"GO:0042113///GO:0035556///GO:0009967"	"GO:0005737///GO:0005622///GO:0016020///GO:0005886"
"104120_at"	0.650049830617622	0.417911446528487	-0.844814229395802	-5.97530697522769	-0.0658106218868966	"Dpcd"	"deleted in primary ciliary dyskinesia"	"226162"	"19"	"molecular_function"	"determination of left/right symmetry///epithelial cilium movement///lateral ventricle development///left/right pattern formation///sperm motility///spermatogenesis///third ventricle development///ventricular system development"	"nucleus"	"GO:0003674"	"GO:0007368///GO:0003351///GO:0021670///GO:0060972///GO:0030317///GO:0007283///GO:0021678///GO:0021591"	"GO:0005634"
"99674_at"	0.653727228797384	0.42198415567526	0.83719412664208	-5.9816767455932	0.0763356090437259	"Mrpl43"	"mitochondrial ribosomal protein L43"	"94067"	"19 D1"	"poly(A) RNA binding///structural constituent of ribosome"	"translation"	"mitochondrial large ribosomal subunit///mitochondrion///ribonucleoprotein complex///ribosome"	"GO:0044822///GO:0003735"	"GO:0006412"	"GO:0005762///GO:0005739///GO:0030529///GO:0005840"
"94499_at"	0.657123717115366	0.427307326412809	0.827309077190322	-5.98986535031875	0.110855110444637	"Mgea5"	"meningioma expressed antigen 5 (hyaluronidase)"	"76055"	"19 38.75 cM"	"beta-N-acetylglucosaminidase activity///catalytic activity///histone acetyltransferase activity///hydrolase activity///hydrolase activity, acting on glycosyl bonds///transferase activity///transferase activity, transferring acyl groups"	"N-acetylglucosamine metabolic process///dATP metabolic process///histone acetylation///metabolic process///necrotic cell death///negative regulation of cardiac muscle adaptation///negative regulation of protein glycosylation///positive regulation of DNA metabolic process///positive regulation of calcium ion transport///positive regulation of calcium ion transport into cytosol///positive regulation of cell killing///positive regulation of glucose import///positive regulation of growth hormone secretion///positive regulation of insulin secretion///positive regulation of mitochondrial depolarization///positive regulation of protein complex disassembly///positive regulation of proteolysis///protein targeting to membrane"	"cytoplasm///membrane///mitochondrion///nucleus"	"GO:0016231///GO:0003824///GO:0004402///GO:0016787///GO:0016798///GO:0016740///GO:0016746"	"GO:0006044///GO:0046060///GO:0016573///GO:0008152///GO:0070265///GO:0010616///GO:0060051///GO:0051054///GO:0051928///GO:0010524///GO:0031343///GO:0046326///GO:0060124///GO:0032024///GO:0051901///GO:0043243///GO:0045862///GO:0006612"	"GO:0005737///GO:0016020///GO:0005739///GO:0005634"
"101667_at"	0.660409269640328	0.430930858520572	-0.820627576220386	-5.99535235728823	-0.156744989581304	"Cwf19l1"	"CWF19-like 1, cell cycle control (S. pombe)"	"72502"	"19 D1"	"catalytic activity"	"biological_process"	"cellular_component"	"GO:0003824"	"GO:0008150"	"GO:0005575"
"97786_at"	0.662665090436382	0.433103215375901	0.816639968915262	-5.99860862641774	0.10258570381033	"Ankrd2"	"ankyrin repeat domain 2 (stretch responsive muscle)"	"56642"	"19 D1"	"protein binding///protein kinase B binding///protein kinase B binding///titin binding"	"negative regulation of myoblast differentiation///negative regulation of myoblast differentiation///skeletal muscle cell differentiation"	"I band///colocalizes_with I band///cytoplasm///cytosol///cytosol///euchromatin///intracellular membrane-bounded organelle///myofibril///nucleus///nucleus///nucleus///sarcomere"	"GO:0005515///GO:0043422///GO:0043422///GO:0031432"	"GO:0045662///GO:0045662///GO:0035914"	"GO:0031674///colocalizes_with GO:0031674///GO:0005737///GO:0005829///GO:0005829///GO:0000791///GO:0043231///GO:0030016///GO:0005634///GO:0005634///GO:0005634///GO:0030017"
"92695_at"	0.667242932922506	0.439087610732241	0.80572351255932	-6.00745216955921	0.31608736119227	"Frat1"	"frequently rearranged in advanced T cell lymphomas"	"14296"	"19 35.3 cM"	"protein binding"	"NOT Wnt signaling pathway///embryonic axis specification///protein export from nucleus"	"cytoplasm///nucleus"	"GO:0005515"	"NOT GO:0016055///GO:0000578///GO:0006611"	"GO:0005737///GO:0005634"
"102796_at"	0.681198623173335	0.459286590025387	0.772985749966643	-5.9754660897592	0.339376871359712	"Npm3"	"nucleoplasmin 3"	"18150"	"19 38.75 cM"	"nucleic acid binding///poly(A) RNA binding///protein binding"	"rRNA processing///rRNA transcription"	"nucleolus///nucleus"	"GO:0003676///GO:0044822///GO:0005515"	"GO:0006364///GO:0009303"	"GO:0005730///GO:0005634"
"101437_at"	0.683847396416988	0.462510598815085	0.763915068095178	-6.04035343491017	0.593648357012735	"Slk"	"STE20-like kinase"	"20874"	"19 D2"	"ATP binding///identical protein binding///kinase activity///nucleotide binding///protein homodimerization activity///protein kinase activity///protein serine/threonine kinase activity///receptor signaling protein serine/threonine kinase activity///transferase activity///transferase activity, transferring phosphorus-containing groups"	"apoptotic process///intracellular signal transduction///phosphorylation///protein autophosphorylation///protein phosphorylation///protein phosphorylation///response to stress///signal transduction by phosphorylation"	"cytoplasm///cytoplasm///extracellular vesicular exosome"	"GO:0005524///GO:0042802///GO:0016301///GO:0000166///GO:0042803///GO:0004672///GO:0004674///GO:0004702///GO:0016740///GO:0016772"	"GO:0006915///GO:0035556///GO:0016310///GO:0046777///GO:0006468///GO:0006468///GO:0006950///GO:0023014"	"GO:0005737///GO:0005737///GO:0070062"
"98320_at"	0.719863304817303	0.512513354221445	0.678980588058331	-6.10236180601045	0.264081373782938	"Cyp26a1"	"cytochrome P450, family 26, subfamily a, polypeptide 1"	"13082"	"19 C2-C3"	"1-hydroxypyrene 6,7-monooxygenase activity///1-hydroxypyrene 7,8-monooxygenase activity///2,2-bis(4-hydroxyphenyl)-1-propanol hydroxylase activity///2,6-dihydroxybenzothiazole monooxygenase activity///2-(methylthio)benzothiazole monooxygenase activity///2-hydroxybenzothiazole monooxygenase activity///2-hydroxyisobutyrate 3-monooxygenase activity///4-(1-ethyl-1,4-dimethyl-pentyl)phenol monoxygenase activity///4-chlorophenoxyacetate monooxygenase activity///4-nitrocatechol 4-monooxygenase activity///9-fluorenone-3,4-dioxygenase activity///N-nitrodimethylamine hydroxylase activity///alpha-pinene dehydrogenase activity///alpha-pinene monooxygenase activity///ammonia monooxygenase activity///anthracene 9,10-dioxygenase activity///benzothiazole monooxygenase activity///bisphenol A hydroxylase B activity///di-n-butyltin dioxygenase activity///dimethylsilanediol hydroxylase activity///endosulfan ether monooxygenase activity///endosulfan monooxygenase I activity///fluorene oxygenase activity///heme binding///hydroxymethylsilanetriol oxidase activity///iron ion binding///metal ion binding///methyl tertiary butyl ether 3-monooxygenase activity///methylsilanetriol hydroxylase activity///mono-butyltin dioxygenase activity///monooxygenase activity///oxidoreductase activity///oxidoreductase activity, acting on paired donors, with incorporation or reduction of molecular oxygen///phenylboronic acid monooxygenase activity///pinacolone 5-monooxygenase activity///pyrene 1,2-monooxygenase activity///pyrene 4,5-monooxygenase activity///retinoic acid 4-hydroxylase activity///retinoic acid binding///spheroidene monooxygenase activity///tert-butanol 2-monooxygenase activity///thioacetamide S-oxide S-oxygenase activity///thioacetamide S-oxygenase activity///tri-n-butyltin dioxygenase activity"	"anterior/posterior pattern specification///anterior/posterior pattern specification///central nervous system development///central nervous system development///neural crest cell development///oxidation-reduction process///retinoic acid catabolic process///retinoic acid catabolic process///retinoic acid metabolic process///retinoic acid receptor signaling pathway"	"endoplasmic reticulum///intracellular membrane-bounded organelle///membrane"	"GO:0034928///GO:0034929///GO:0034562///GO:0034862///GO:0034857///GO:0034858///GO:0018599///GO:0034897///GO:0018593///GO:0018592///GO:0034786///GO:0034893///GO:0018600///GO:0018595///GO:0018597///GO:0034816///GO:0034859///GO:0034559///GO:0018589///GO:0018596///GO:0034903///GO:0034888///GO:0018585///GO:0020037///GO:0018598///GO:0005506///GO:0046872///GO:0018591///GO:0018590///GO:0018586///GO:0004497///GO:0016491///GO:0016705///GO:0034950///GO:0034870///GO:0034927///GO:0034925///GO:0008401///GO:0001972///GO:0043823///GO:0018594///GO:0034874///GO:0034873///GO:0018588"	"GO:0009952///GO:0009952///GO:0007417///GO:0007417///GO:0014032///GO:0055114///GO:0034653///GO:0034653///GO:0042573///GO:0048384"	"GO:0005783///GO:0043231///GO:0016020"
"96334_f_at"	0.73149618345877	0.528318999554087	0.653196157658341	-6.11987599588242	0.0576883739155196	"Cyp2c69///Cyp2c67///Cyp2c68///Cyp2c40"	"cytochrome P450, family 2, subfamily c, polypeptide 69///cytochrome P450, family 2, subfamily c, polypeptide 67///cytochrome P450, family 2, subfamily c, polypeptide 68///cytochrome P450, family 2, subfamily c, polypeptide 40"	"100043108///545288///433247///13099"	"19///19///19///19"	"metal ion binding///molecular_function///monooxygenase activity///oxidoreductase activity///metal ion binding///molecular_function///monooxygenase activity///oxidoreductase activity///metal ion binding///molecular_function///monooxygenase activity///oxidoreductase activity///aromatase activity///heme binding///iron ion binding///metal ion binding///monooxygenase activity///oxidoreductase activity///oxidoreductase activity, acting on paired donors, with incorporation or reduction of molecular oxygen"	"biological_process///oxidation-reduction process///biological_process///oxidation-reduction process///biological_process///oxidation-reduction process///oxidation-reduction process"	"cellular_component///cellular_component///cellular_component///endoplasmic reticulum///intracellular membrane-bounded organelle///membrane"	"GO:0046872///GO:0003674///GO:0004497///GO:0016491///GO:0046872///GO:0003674///GO:0004497///GO:0016491///GO:0046872///GO:0003674///GO:0004497///GO:0016491///GO:0070330///GO:0020037///GO:0005506///GO:0046872///GO:0004497///GO:0016491///GO:0016705"	"GO:0008150///GO:0055114///GO:0008150///GO:0055114///GO:0008150///GO:0055114///GO:0055114"	"GO:0005575///GO:0005575///GO:0005575///GO:0005783///GO:0043231///GO:0016020"
"102003_at"	0.746106277122462	0.546976058851189	-0.623336966820077	-6.13938043713182	-0.0512087799579621	"Gbf1"	"golgi-specific brefeldin A-resistance factor 1"	"107338"	"19"	"ARF guanyl-nucleotide exchange factor activity///protein binding"	"positive regulation of GTPase activity///vesicle-mediated transport"	"Golgi apparatus///Golgi stack///cis-Golgi network///endoplasmic reticulum lumen///membrane///mitochondrion///peroxisome///trans-Golgi network"	"GO:0005086///GO:0005515"	"GO:0043547///GO:0016192"	"GO:0005794///GO:0005795///GO:0005801///GO:0005788///GO:0016020///GO:0005739///GO:0005777///GO:0005802"
"103882_at"	0.764234217100946	0.577707448346689	0.575390277378391	-6.16893055179951	0.0661039470575062	"Cpn1"	"carboxypeptidase N, polypeptide 1"	"93721"	"19 36.68 cM"	"carboxypeptidase activity///carboxypeptidase activity///hydrolase activity///metal ion binding///metallocarboxypeptidase activity///metallopeptidase activity///peptidase activity///zinc ion binding"	"bradykinin catabolic process///proteolysis///proteolysis///response to glucocorticoid"	"extracellular region///extracellular space"	"GO:0004180///GO:0004180///GO:0016787///GO:0046872///GO:0004181///GO:0008237///GO:0008233///GO:0008270"	"GO:0010815///GO:0006508///GO:0006508///GO:0051384"	"GO:0005576///GO:0005615"
"98036_at"	0.772906574354402	0.590666366328645	0.555592708563573	-6.18048826908138	0.0735090242829504	"Marveld1"	"MARVEL (membrane-associating) domain containing 1"	"277010"	"19"	"molecular_function"	"biological_process///cell cycle"	"cellular_component///cytoplasm///cytoskeleton///integral component of membrane///membrane///nucleus///plasma membrane"	"GO:0003674"	"GO:0008150///GO:0007049"	"GO:0005575///GO:0005737///GO:0005856///GO:0016021///GO:0016020///GO:0005634///GO:0005886"
"93489_at"	0.77570574414802	0.595799408003788	0.547815087097504	-6.18492494307677	0.0887400068529978	"Got1"	"glutamate oxaloacetate transaminase 1, soluble"	"14718"	"19 36.67 cM"	"L-aspartate:2-oxoglutarate aminotransferase activity///L-aspartate:2-oxoglutarate aminotransferase activity///L-cysteine:2-oxoglutarate aminotransferase activity///L-phenylalanine:2-oxoglutarate aminotransferase activity///carboxylic acid binding///catalytic activity///phosphatidylserine decarboxylase activity///pyridoxal phosphate binding///transaminase activity///transferase activity"	"aspartate biosynthetic process///aspartate catabolic process///aspartate metabolic process///biosynthetic process///cellular amino acid biosynthetic process///cellular amino acid metabolic process///dicarboxylic acid metabolic process///fatty acid homeostasis///glutamate catabolic process to 2-oxoglutarate///glutamate catabolic process to aspartate///glycerol biosynthetic process///glycerol biosynthetic process///oxaloacetate metabolic process"	"axon terminus///cytoplasm///cytosol///extracellular vesicular exosome///lysosome///nucleus"	"GO:0004069///GO:0004069///GO:0047801///GO:0080130///GO:0031406///GO:0003824///GO:0004609///GO:0030170///GO:0008483///GO:0016740"	"GO:0006532///GO:0006533///GO:0006531///GO:0009058///GO:0008652///GO:0006520///GO:0043648///GO:0055089///GO:0019551///GO:0019550///GO:0006114///GO:0006114///GO:0006107"	"GO:0043679///GO:0005737///GO:0005829///GO:0070062///GO:0005764///GO:0005634"
"99179_at"	0.788905347285447	0.614912170731461	0.519158871544044	-6.20076281908765	0.105028896547418	"Cuedc2"	"CUE domain containing 2"	"67116"	"19 D1"	"molecular_function"	"biological_process"	"cytoplasm///nuclear membrane///nucleus"	"GO:0003674"	"GO:0008150"	"GO:0005737///GO:0031965///GO:0005634"
"95283_at"	0.80101603648956	0.633264199170376	0.492066705837749	-6.21499515746278	0.0595013554073063	"Abcc2"	"ATP-binding cassette, sub-family C (CFTR/MRP), member 2"	"12780"	"19 36.67 cM"	"ATP binding///ATPase activity///ATPase activity, coupled to transmembrane movement of substances///nucleotide binding///protein binding///protein domain specific binding///transporter activity"	"cellular chloride ion homeostasis///drug transmembrane transport///prostaglandin transport///response to drug///response to estrogen///thyroid hormone transport///transmembrane transport///transport"	"apical plasma membrane///apical plasma membrane///cell surface///integral component of membrane///integral component of plasma membrane///intercellular canaliculus///membrane///membrane///plasma membrane"	"GO:0005524///GO:0016887///GO:0042626///GO:0000166///GO:0005515///GO:0019904///GO:0005215"	"GO:0030644///GO:0006855///GO:0015732///GO:0042493///GO:0043627///GO:0070327///GO:0055085///GO:0006810"	"GO:0016324///GO:0016324///GO:0009986///GO:0016021///GO:0005887///GO:0046581///GO:0016020///GO:0016020///GO:0005886"
"94203_at"	0.804399993919512	0.639335255282849	0.483189994025079	-6.21950063506378	0.0952519209458114	"Lcor"	"ligand dependent nuclear receptor corepressor"	"212391"	"19"	"DNA binding///sequence-specific DNA binding transcription factor activity///transcription factor binding"	"negative regulation of transcription from RNA polymerase II promoter///negative regulation of transcription from RNA polymerase II promoter///regulation of transcription from RNA polymerase II promoter///regulation of transcription, DNA-templated///transcription from RNA polymerase II promoter///transcription, DNA-templated"	"nucleus"	"GO:0003677///GO:0003700///GO:0008134"	"GO:0000122///GO:0000122///GO:0006357///GO:0006355///GO:0006366///GO:0006351"	"GO:0005634"
"101334_at"	0.817806920932579	0.659514834699602	0.453971454784184	-6.23377738932987	0.177789543236156	"Nkx2-3"	"NK2 homeobox 3"	"18089"	"19 36.67 cM"	"DNA binding///sequence-specific DNA binding"	"B cell differentiation///CD4-positive, alpha-beta T cell differentiation///Peyer's patch development///digestive tract development///gland morphogenesis///immune response///leukocyte homeostasis///leukocyte migration///lymph node development///macrophage differentiation///mucosal-associated lymphoid tissue development///multicellular organismal development///odontogenesis of dentin-containing tooth///plasma cell differentiation///positive regulation of transcription from RNA polymerase II promoter///positive regulation of transcription from RNA polymerase II promoter///post-embryonic development///post-embryonic digestive tract morphogenesis///regulation of cell proliferation///regulation of transcription, DNA-templated///spleen development///transcription, DNA-templated///triglyceride metabolic process"	"nucleus"	"GO:0003677///GO:0043565"	"GO:0030183///GO:0043367///GO:0048541///GO:0048565///GO:0022612///GO:0006955///GO:0001776///GO:0050900///GO:0048535///GO:0030225///GO:0048537///GO:0007275///GO:0042475///GO:0002317///GO:0045944///GO:0045944///GO:0009791///GO:0048621///GO:0042127///GO:0006355///GO:0048536///GO:0006351///GO:0006641"	"GO:0005634"
"93901_at"	0.820891180004473	0.664518441496548	-0.446791743893477	-6.2371550335113	-0.0385859127637893	"Hps1"	"Hermansky-Pudlak syndrome 1 homolog (human)"	"192236"	"19 36.56 cM"	"protein dimerization activity"	"blood coagulation///eye pigmentation///melanocyte differentiation///organelle organization///pigmentation///positive regulation of natural killer cell activation///retina development in camera-type eye///secretion of lysosomal enzymes"	"BLOC-3 complex///cell///cytoplasmic membrane-bounded vesicle"	"GO:0046983"	"GO:0007596///GO:0048069///GO:0030318///GO:0006996///GO:0043473///GO:0032816///GO:0060041///GO:0033299"	"GO:0031085///GO:0005623///GO:0016023"
"100554_at"	0.834529162274684	0.688565570507486	0.412622057904589	-6.25251975012243	0.0669682382895118	"Pdlim1"	"PDZ and LIM domain 1 (elfin)"	"54132"	"19 D1"	"metal ion binding///protein binding///transcription coactivator activity///zinc ion binding"	"regulation of transcription, DNA-templated"	"cytoplasm///cytoskeleton///focal adhesion///transcription factor complex"	"GO:0046872///GO:0005515///GO:0003713///GO:0008270"	"GO:0006355"	"GO:0005737///GO:0005856///GO:0005925///GO:0005667"
"103961_s_at"	0.841417886647605	0.699113107532497	-0.397799801412223	-6.25881791731604	-0.0681317264276711	"Dntt"	"deoxynucleotidyltransferase, terminal"	"21673"	"19 34.32 cM"	"DNA binding///DNA nucleotidylexotransferase activity///DNA polymerase activity///DNA-directed DNA polymerase activity///metal ion binding///nucleotidyltransferase activity///transferase activity"	"DNA metabolic process///DNA modification///response to ATP"	"cytoplasm///euchromatin///nuclear chromatin///nuclear matrix///nucleus///nucleus"	"GO:0003677///GO:0003912///GO:0034061///GO:0003887///GO:0046872///GO:0016779///GO:0016740"	"GO:0006259///GO:0006304///GO:0033198"	"GO:0005737///GO:0000791///GO:0000790///GO:0016363///GO:0005634///GO:0005634"
"102162_at"	0.847077807659111	0.709471984808369	0.383334205676828	-6.26474939317045	0.0449802618709256	"Siah1-ps1"	"seven in absentia 1, pseudogene 1"	"20435"	"19 44.73 cM"	""	""	""	""	""	""
"97742_s_at"	0.862991889045765	0.735357848449401	-0.348630376805162	-6.22075571202645	-0.180160258300067	"Fgf8"	"fibroblast growth factor 8"	"14179"	"19 38.75 cM"	"chemoattractant activity///fibroblast growth factor receptor binding///growth factor activity///receptor binding///type 1 fibroblast growth factor receptor binding///type 2 fibroblast growth factor receptor binding"	"BMP signaling pathway///MAPK cascade///aorta morphogenesis///apoptotic process///blood vessel remodeling///bone development///branching involved in salivary gland morphogenesis///branching involved in salivary gland morphogenesis///branching involved in ureteric bud morphogenesis///canonical Wnt signaling pathway///cell differentiation///cell fate commitment///cell migration involved in mesendoderm migration///cell proliferation in forebrain///central nervous system neuron development///corticotropin hormone secreting cell differentiation///determination of left/right symmetry///dopaminergic neuron differentiation///dorsal/ventral axon guidance///embryo development ending in birth or egg hatching///embryonic heart tube development///embryonic hindlimb morphogenesis///epithelial to mesenchymal transition involved in endocardial cushion formation///epithelial to mesenchymal transition involved in endocardial cushion formation///fibroblast growth factor receptor signaling pathway///fibroblast growth factor receptor signaling pathway///fibroblast growth factor receptor signaling pathway///forebrain dorsal/ventral pattern formation///forebrain morphogenesis///forebrain neuron development///generation of neurons///gonad development///heart development///heart looping///heart morphogenesis///inner ear morphogenesis///kidney development///limb morphogenesis///lung development///lung morphogenesis///male genitalia development///mesodermal cell migration///midbrain-hindbrain boundary development///motor neuron axon guidance///multicellular organismal development///negative regulation of apoptotic process///negative regulation of apoptotic process///negative regulation of cardiac muscle tissue development///negative regulation of neuron apoptotic process///neural plate morphogenesis///neuroepithelial cell differentiation///organ induction///otic vesicle formation///outflow tract morphogenesis///outflow tract septum morphogenesis///pallium development///patterning of blood vessels///pharyngeal system development///positive chemotaxis///positive regulation of cell division///positive regulation of cell proliferation///positive regulation of cell proliferation///positive regulation of cell proliferation///positive regulation of cell proliferation///positive regulation of gene expression///positive regulation of gene expression///positive regulation of gene expression///positive regulation of mitosis///positive regulation of organ growth///positive regulation of organ growth///regulation of odontogenesis of dentin-containing tooth///response to oxidative stress///signal transduction involved in regulation of gene expression///subpallium development///telencephalon development///thyroid gland development///thyroid gland development///thyroid-stimulating hormone-secreting cell differentiation"	"external side of plasma membrane///extracellular region///extracellular space///intracellular"	"GO:0042056///GO:0005104///GO:0008083///GO:0005102///GO:0005105///GO:0005111"	"GO:0030509///GO:0000165///GO:0035909///GO:0006915///GO:0001974///GO:0060348///GO:0060445///GO:0060445///GO:0001658///GO:0060070///GO:0030154///GO:0045165///GO:0090134///GO:0021846///GO:0021954///GO:0060128///GO:0007368///GO:0071542///GO:0033563///GO:0009792///GO:0035050///GO:0035116///GO:0003198///GO:0003198///GO:0008543///GO:0008543///GO:0008543///GO:0021798///GO:0048853///GO:0021884///GO:0048699///GO:0008406///GO:0007507///GO:0001947///GO:0003007///GO:0042472///GO:0001822///GO:0035108///GO:0030324///GO:0060425///GO:0030539///GO:0008078///GO:0030917///GO:0008045///GO:0007275///GO:0043066///GO:0043066///GO:0055026///GO:0043524///GO:0001839///GO:0060563///GO:0001759///GO:0030916///GO:0003151///GO:0003148///GO:0021543///GO:0001569///GO:0060037///GO:0050918///GO:0051781///GO:0008284///GO:0008284///GO:0008284///GO:0008284///GO:0010628///GO:0010628///GO:0010628///GO:0045840///GO:0046622///GO:0046622///GO:0042487///GO:0006979///GO:0023019///GO:0021544///GO:0021537///GO:0030878///GO:0030878///GO:0060129"	"GO:0009897///GO:0005576///GO:0005615///GO:0005622"
"98295_at"	0.876102997093264	0.757531353675619	-0.317288437671551	-6.28911056500711	-0.0306026457370798	"Cyp2c39"	"cytochrome P450, family 2, subfamily c, polypeptide 39"	"13098"	"19"	"aromatase activity///caffeine oxidase activity///heme binding///iron ion binding///metal ion binding///monooxygenase activity///oxidoreductase activity///oxidoreductase activity, acting on paired donors, with incorporation or reduction of molecular oxygen"	"oxidation-reduction process"	"endoplasmic reticulum///intracellular membrane-bounded organelle///membrane"	"GO:0070330///GO:0034875///GO:0020037///GO:0005506///GO:0046872///GO:0004497///GO:0016491///GO:0016705"	"GO:0055114"	"GO:0005783///GO:0043231///GO:0016020"
"100771_at"	0.878265516895635	0.762033862822189	0.311182006848008	-6.29113613151216	0.0293075964446423	"Blnk"	"B cell linker"	"17060"	"19 34.26 cM"	"SH3/SH2 adaptor activity///protein binding"	"B cell activation///intracellular signal transduction///positive regulation of signal transduction"	"cytoplasm///intracellular///membrane///plasma membrane"	"GO:0005070///GO:0005515"	"GO:0042113///GO:0035556///GO:0009967"	"GO:0005737///GO:0005622///GO:0016020///GO:0005886"
"103594_at"	0.932915805161379	0.859864122220363	0.181142376949256	-6.3250443285805	0.0340786151489301	"Fbxl15"	"F-box and leucine-rich repeat protein 15"	"68431"	"19 D1"	"contributes_to ubiquitin-protein transferase activity"	"G2/M transition of mitotic cell cycle///SCF-dependent proteasomal ubiquitin-dependent protein catabolic process///bone mineralization///positive regulation of BMP signaling pathway///protein ubiquitination"	"SCF ubiquitin ligase complex///cytoplasm"	"contributes_to GO:0004842"	"GO:0000086///GO:0031146///GO:0030282///GO:0030513///GO:0016567"	"GO:0019005///GO:0005737"
"95327_at"	0.981007482071098	0.956091509602098	0.0564507560731817	-6.34081057715305	0.0232705174017624	"Sh3pxd2a"	"SH3 and PX domains 2A"	"14218"	"19 D2"	"phosphatidylinositol binding///protein binding"	"reactive oxygen species metabolic process///superoxide metabolic process"	"cell junction///cell projection///cytoplasm///podosome"	"GO:0035091///GO:0005515"	"GO:0072593///GO:0006801"	"GO:0030054///GO:0042995///GO:0005737///GO:0002102"
